priority,item_id,product_name,image,reasons
"high","97f11603-d2dc-4afa-b674-042022b8b71a","A Thousand Wishes 2.5 FL EDP","/images/product-awaiting-photography.webp","official-packshot-required"
"high","7e2bf8db-41e6-4d4d-8c6e-72b8e1f3acab","Acqua Di Gio Giorgio Armani 0.5 + 2.5 FL Set","/images/product-awaiting-photography.webp","official-packshot-required"
"high","2f9ad3cd-4f2f-4074-8f0d-18ab5925c551","Al Haramain L’Aventure Rose 6.76 FL.OZ","/images/product-awaiting-photography.webp","official-packshot-required"
"high","669f1a82-13e5-4418-8856-c5791ffce253","Alfred Dunhill Desire Blue Men 3.3 EDT SP","/product-images/catalog-v2/669f1a82-13e5-4418-8856-c5791ffce253.webp","very-low-detail|source-below-300px|replace-with-official-high-resolution-packshot"
"high","c6f863d7-e497-463b-abb7-46564b06e7a7","Antonio Banderas Diavolo Men 3.4 EDT SP","/product-images/catalog-v2/c6f863d7-e497-463b-abb7-46564b06e7a7.webp","source-below-300px|replace-with-official-high-resolution-packshot"
"high","ae59b0a3-ad8f-49f7-82ea-c8f70a7a4bef","Antonio Banderas Diavolo Mister 3.3oz EDT SP","/product-images/catalog-v2/ae59b0a3-ad8f-49f7-82ea-c8f70a7a4bef.webp","source-below-300px|replace-with-official-high-resolution-packshot"
"high","26b0d00a-6fe7-4429-8320-e4ce9318471f","Armaf Club De Nuit Intense 6.8 oz EDP SP","/images/product-awaiting-photography.webp","official-packshot-required"
"high","a96ca6c9-f1bc-4f16-b562-21737a83b7f7","Aurum Privée Edit Al  Haramain- L'aventure Blanche  3.4 EDP SP","/product-images/catalog-v2/a96ca6c9-f1bc-4f16-b562-21737a83b7f7.webp","source-below-300px|replace-with-official-high-resolution-packshot"
"high","2745b82c-e59b-4fc8-bcb5-e1f76a2e7eba","Aurum Privée Edit Armaf- Derby Club House Gold EDP 3.4","/product-images/catalog-v2/2745b82c-e59b-4fc8-bcb5-e1f76a2e7eba.webp","very-low-detail|source-below-300px|replace-with-official-high-resolution-packshot"
"high","41a8c80e-e3a5-47a9-974c-d5c7ca0a6052","Aurum Privée Edit BBW- Aromatherapy Bath Soak Lavender & Vanilla","/images/product-awaiting-photography.webp","official-packshot-required"
"high","e950b278-b732-463e-ad38-19f02ea2364f","Aurum Privée Edit BBW- Aromatherapy Hand Cream 1oz Lavender & Vanilla","/images/product-awaiting-photography.webp","official-packshot-required"
"high","e513553b-e26e-46d1-9912-2cfc57465d33","Aurum Privée Edit BBW- Aromatherapy Luxe Bath Lavender & Vanilla","/images/product-awaiting-photography.webp","official-packshot-required"
"high","269f8c22-92c4-404f-8f5c-98f4c0737ac5","Aurum Privée Edit BBW- Aromatherapy Stress Relief Lotion Eucalyptus & Spearmint","/images/product-awaiting-photography.webp","official-packshot-required"
"high","ec802444-b3d6-423f-a2e7-01a0b546749b","Aurum Privée Edit Bvlgari Splendida Jasmin Noir EDP sp 1.7oz","/product-images/catalog-v2/ec802444-b3d6-423f-a2e7-01a0b546749b.webp","source-below-300px|replace-with-official-high-resolution-packshot"
"high","1a964d15-cdfc-4df7-8416-dce881fa847f","Aurum Privée Edit Carolina Herrera- 212 Nyc / EDT Spray 2.7 oz","/images/product-awaiting-photography.webp","official-packshot-required"
"high","6d2c6a1a-4255-454c-b882-6d7ef196e97f","Aurum Privée Edit Carolina Herrera- 212 Nyc Rose EDT Spray 2.7 oz","/images/product-awaiting-photography.webp","official-packshot-required"
"high","61813c99-a6c1-4e09-b0d4-d80d2c48bc42","Aurum Privée Edit Carolina Herrera- Men's Bad Boy Extreme EDP 1.7 oz","/product-images/catalog-v2/61813c99-a6c1-4e09-b0d4-d80d2c48bc42.webp","source-below-300px|replace-with-official-high-resolution-packshot"
"high","d6e90732-7496-4a1f-bf06-4fa4a2ff93a8","Aurum Privée Edit Chloe 4 PC Mini Set","/product-images/catalog-v2/d6e90732-7496-4a1f-bf06-4fa4a2ff93a8.webp","source-below-300px|replace-with-official-high-resolution-packshot"
"high","21a48bd9-2731-4855-9550-a699c1368dad","Aurum Privée Edit Chloe- L'eau De Chloe 1.6 EDT","/product-images/catalog-v2/21a48bd9-2731-4855-9550-a699c1368dad.webp","extreme-source-padding|very-low-detail|source-below-300px|replace-with-official-high-resolution-packshot"
"high","71ee668c-dc86-4042-862e-9c41252bf7df","Aurum Privée Edit Chloe- Naturelle Woman 3.4 EDP SP","/product-images/catalog-v2/71ee668c-dc86-4042-862e-9c41252bf7df.webp","very-low-detail|source-below-300px|replace-with-official-high-resolution-packshot"
"high","cf5bdd68-41ed-4395-9ffc-9645e4bca056","Aurum Privée Edit Coach- Blue Men 2.0 EDT SP","/product-images/catalog-v2/cf5bdd68-41ed-4395-9ffc-9645e4bca056.webp","source-below-300px|replace-with-official-high-resolution-packshot"
"high","23dbb2af-2532-4210-8b59-92582738c990","Aurum Privée Edit Coach- Floral Blush 3.0 EDP","/product-images/catalog-v2/23dbb2af-2532-4210-8b59-92582738c990.webp","extreme-source-padding|very-low-detail|source-below-300px|replace-with-official-high-resolution-packshot"
"high","6da56f45-7f10-415a-9eed-265b83c08cdb","Aurum Privée Edit Coach- New York Men 1.3 EDT SP","/product-images/catalog-v2/6da56f45-7f10-415a-9eed-265b83c08cdb.webp","extreme-source-padding|very-low-detail|source-below-300px|replace-with-official-high-resolution-packshot"
"high","18b9060d-f2c0-44ef-b019-90135749671d","Aurum Privée Edit DKNY- Be Delicious Fresh Blossom 3.3 EDP SP","/product-images/catalog-v2/18b9060d-f2c0-44ef-b019-90135749671d.webp","extreme-source-padding|very-low-detail|source-below-300px|replace-with-official-high-resolution-packshot"
"high","cc5144ed-9db5-4c51-a8e3-df4f849f972f","Aurum Privée Edit Ed Hardy- Love & Luck Men 3.4 EDT SP","/product-images/catalog-v2/cc5144ed-9db5-4c51-a8e3-df4f849f972f.webp","source-below-300px|replace-with-official-high-resolution-packshot"
"high","1cf3aacf-1f30-4fb2-bf74-c37e97dba413","Aurum Privée Edit Ed Hardy- Love & Luck Woman 3.4 EDP SP","/product-images/catalog-v2/1cf3aacf-1f30-4fb2-bf74-c37e97dba413.webp","very-low-detail|source-below-300px|replace-with-official-high-resolution-packshot"
"high","4a02c21c-d898-40c2-b921-ad5d2454a6d8","Aurum Privée Edit Elizabeth Arden- 5th Avenue 4.2 EDP SP","/product-images/catalog-v2/4a02c21c-d898-40c2-b921-ad5d2454a6d8.webp","extreme-source-padding|very-low-detail|source-below-300px|replace-with-official-high-resolution-packshot"
"high","0710ecee-acf0-4f28-a0d8-e99b459f3a9d","Aurum Privée Edit Ellie Saab Le Parfum Lumiere EDP sp 3.0oz","/product-images/catalog-v2/0710ecee-acf0-4f28-a0d8-e99b459f3a9d.webp","source-below-300px|replace-with-official-high-resolution-packshot"
"high","ec40956b-fb9e-4382-95f5-cfe1cfc0cc3b","Aurum Privée Edit Escada- Fairy Love EDT 3.3","/product-images/catalog-v2/ec40956b-fb9e-4382-95f5-cfe1cfc0cc3b.webp","source-below-300px|replace-with-official-high-resolution-packshot"
"high","8b9a9b97-f76e-4852-bf6e-06b5e5357c85","Aurum Privée Edit Fatale Agent Provocateur","/images/product-awaiting-photography.webp","official-packshot-required"
"high","c5d6eb75-bcba-4a0e-bdb3-fed586f1e39d","Aurum Privée Edit Frozen Roll on Parfume","/product-images/catalog-v2/c5d6eb75-bcba-4a0e-bdb3-fed586f1e39d.webp","extreme-source-padding|very-low-detail|source-below-300px|replace-with-official-high-resolution-packshot"
"high","0660f9e6-085b-47eb-92e2-1922fc2a5d87","Aurum Privée Edit Giorgio Armani  My Way Nectar EDP 3.0oz","/product-images/catalog-v2/0660f9e6-085b-47eb-92e2-1922fc2a5d87.webp","source-below-300px|replace-with-official-high-resolution-packshot"
"high","68e9835b-d7b3-432d-8254-af945363d509","Aurum Privée Edit Giorgio Armani- Armani  Diamonds  Men 2.5  EDT  SP","/images/product-awaiting-photography.webp","official-packshot-required"
"high","05e76da0-6c75-4163-9664-fcdd7fd20bbc","Aurum Privée Edit Givenchy Hot Couture EDP Spray 3.3","/product-images/catalog-v2/05e76da0-6c75-4163-9664-fcdd7fd20bbc.webp","source-below-300px|replace-with-official-high-resolution-packshot"
"high","5e1f2109-5036-476d-8396-0c3023ae0d1f","Aurum Privée Edit Gucci Unisex Memoire D'Une Odeur EDP 3.3","/product-images/catalog-v2/5e1f2109-5036-476d-8396-0c3023ae0d1f.webp","source-below-300px|replace-with-official-high-resolution-packshot"
"high","39d8f808-9c72-4d3b-8dec-20864409d4de","Aurum Privée Edit Hollister Canyon Escape EDP sp 3.4","/product-images/catalog-v2/39d8f808-9c72-4d3b-8dec-20864409d4de.webp","source-below-300px|replace-with-official-high-resolution-packshot"
"high","328f638a-1361-4451-91a8-780b77617539","Aurum Privée Edit Hollister Festival Nite EDT sp 3.4oz","/product-images/catalog-v2/328f638a-1361-4451-91a8-780b77617539.webp","source-below-300px|replace-with-official-high-resolution-packshot"
"high","ec2fb779-5e64-4679-9a0b-b20e42ec4e95","Aurum Privée Edit Hollister Festival Vibes EDT sp 3.4oz","/product-images/catalog-v2/ec2fb779-5e64-4679-9a0b-b20e42ec4e95.webp","very-low-detail|source-below-300px|replace-with-official-high-resolution-packshot"
"high","c2c0cc52-3922-4001-adee-42b8b91e8a81","Aurum Privée Edit Jean Paul Gautlier Le Male Travel Exclusive 1.4oz","/images/product-awaiting-photography.webp","official-packshot-required"
"high","6fce90d4-fa08-40a8-baa0-3643a7e61bd2","Aurum Privée Edit Jean Paul Glautier- Men's Le Male Gift Set","/product-images/catalog-v2/6fce90d4-fa08-40a8-baa0-3643a7e61bd2.webp","very-low-detail|source-below-300px|replace-with-official-high-resolution-packshot"
"high","de0ff95c-710f-49a0-baf0-168515c3faad","Aurum Privée Edit Jessica Simpson  Ladies Fancy Love Body Mist 8 oz","/product-images/catalog-v2/de0ff95c-710f-49a0-baf0-168515c3faad.webp","source-below-300px|replace-with-official-high-resolution-packshot"
"high","bb07c6f4-b8ae-4431-90cc-7532075ae921","Aurum Privée Edit Jessica Simpson Body Lotion 3 FL","/images/product-awaiting-photography.webp","official-packshot-required"
"high","b91a7dcd-01eb-4c2d-817b-dfd5aeb5e39f","Aurum Privée Edit Kenneth Cole EDT Spray 3.4 oz","/product-images/catalog-v2/b91a7dcd-01eb-4c2d-817b-dfd5aeb5e39f.webp","source-below-300px|replace-with-official-high-resolution-packshot"
"high","395750d8-b312-4854-b682-d56c620a2ed3","Aurum Privée Edit Lattafa Unisex Bade' e Al Oud for Glory 3.4 EDP SP","/product-images/catalog-v2/395750d8-b312-4854-b682-d56c620a2ed3.webp","source-below-300px|replace-with-official-high-resolution-packshot"
"high","0cb6205a-66f6-455e-8376-6c6dc769f2d2","Aurum Privée Edit Mahogany Teakwood","/product-images/catalog-v2/0cb6205a-66f6-455e-8376-6c6dc769f2d2.webp","very-low-detail|source-below-300px|replace-with-official-high-resolution-packshot"
"high","72b71795-39f5-41e3-b996-43920f9a475f","Aurum Privée Edit Michael Kors Wonderlust Set","/images/product-awaiting-photography.webp","official-packshot-required"
"high","61318c30-f8db-4203-9652-4aa512e7de62","Aurum Privée Edit Nina Ricci Rose Woman 2.7 Edt Sp","/images/product-awaiting-photography.webp","official-packshot-required"
"high","7117793f-b713-41d0-bb61-364979e73c7f","Aurum Privée Edit Opium Black Glitters EDP 3.0oz","/product-images/catalog-v2/7117793f-b713-41d0-bb61-364979e73c7f.webp","source-below-300px|replace-with-official-high-resolution-packshot"
"high","837055e1-ed2e-4f1b-921e-9766c7160dc7","Aurum Privée Edit Paco Rabanne Million EDP sp 2.7oz","/product-images/catalog-v2/837055e1-ed2e-4f1b-921e-9766c7160dc7.webp","source-below-300px|replace-with-official-high-resolution-packshot"
"high","7209b594-8e98-43fd-afc6-0bca758afb07","Aurum Privée Edit Paris Hilton  Ladies Rose Rush 8 oz","/product-images/catalog-v2/7209b594-8e98-43fd-afc6-0bca758afb07.webp","source-below-300px|replace-with-official-high-resolution-packshot"
"high","29bf019d-5475-4237-89af-cb9ed4c2e83f","Aurum Privée Edit Paris Hilton Can Can Burlesque","/product-images/catalog-v2/29bf019d-5475-4237-89af-cb9ed4c2e83f.webp","very-low-detail|source-below-300px|replace-with-official-high-resolution-packshot"
"high","0e0fe679-7df0-4a2b-8144-6efc669a8014","Aurum Privée Edit Paris Hilton for Men","/images/product-awaiting-photography.webp","official-packshot-required"
"high","8ef00105-5b1d-4a80-a1d4-18cacee93aed","Aurum Privée Edit Salvatore Ferragamo Emozione","/product-images/catalog-v2/8ef00105-5b1d-4a80-a1d4-18cacee93aed.webp","very-low-detail|source-below-300px|replace-with-official-high-resolution-packshot"
"high","f5b985ac-2546-41d1-b1c1-2b0f4d595bc8","Aurum Privée Edit Tom Ford Black Orchid Parfum 3.4 EDP","/product-images/catalog-v2/f5b985ac-2546-41d1-b1c1-2b0f4d595bc8.webp","source-below-300px|replace-with-official-high-resolution-packshot"
"high","13c92705-5da7-40f0-9571-3419e877814b","Aurum Privée Edit Valentino Voce Viva 1.7 EDP SP","/product-images/catalog-v2/13c92705-5da7-40f0-9571-3419e877814b.webp","source-below-300px|replace-with-official-high-resolution-packshot"
"high","5bddc003-1531-4f84-b4ca-d83146bc2399","Aurum Privée Edit Wallflowers- Bergamot Waters","/images/product-awaiting-photography.webp","official-packshot-required"
"high","5d24e435-de4b-4201-9ba4-f8a002bf597e","Aurum Privée Edit Wallflowers- Black Cherry Merlot","/images/product-awaiting-photography.webp","official-packshot-required"
"high","b71ebdf5-c117-46c9-8989-d33af6ffff13","Aurum Privée Edit Wallflowers- Cactus Blossom","/images/product-awaiting-photography.webp","official-packshot-required"
"high","22a341ca-777f-4a8d-b2b6-ef5c623c10fc","Aurum Privée Edit Wallflowers- Japanese Cherry Blossom Refills, 2-Pack","/product-images/catalog-v2/22a341ca-777f-4a8d-b2b6-ef5c623c10fc.webp","source-below-300px|replace-with-official-high-resolution-packshot"
"high","83a5231f-7718-4427-bb36-27f033c33cf1","Aurum Privée Edit Wallflowers- Lavender Vanilla Refills, 2-Pack","/product-images/catalog-v2/83a5231f-7718-4427-bb36-27f033c33cf1.webp","source-below-300px|replace-with-official-high-resolution-packshot"
"high","7c76d7a6-78e7-4f6d-b412-278381f55936","Azzaro Wanted Men 3.4 EDP SP","/product-images/catalog-v2/7c76d7a6-78e7-4f6d-b412-278381f55936.webp","source-below-300px|replace-with-official-high-resolution-packshot"
"high","07dd1c29-23f8-4d6c-abfa-0c4ad3d6af22","BBW A Thousand Wishes Body Butter 6.5 oz","/images/product-awaiting-photography.webp","official-packshot-required"
"high","4d6f955a-f55d-44c7-a15b-aa1972edbcfb","BBW A Thousand Wishes Body Wash 10 fl oz","/images/product-awaiting-photography.webp","official-packshot-required"
"high","b698ba04-34a2-4e95-9a60-5c480918f09f","BBW Brightest Bloom Body Lotion 8 fl oz","/images/product-awaiting-photography.webp","official-packshot-required"
"high","3fe7b4d9-a611-457f-902a-d9fbdfe0b6a3","BBW Brightest Bloom Body Wash & Shower Gel 10 fl oz","/images/product-awaiting-photography.webp","official-packshot-required"
"high","2f88ca2b-e6f7-47cd-88db-ddfa467ad254","BBW Brightest Bloom Eau de Toilette & Parfum 3.4 fl oz / 100mL","/images/product-awaiting-photography.webp","official-packshot-required"
"high","739acff0-c0ba-48d0-956c-5d8325c29da7","BBW Brightest Bloom Fragrance Spray & Mist 4.9 fl oz","/images/product-awaiting-photography.webp","official-packshot-required"
"high","ef4e94bb-0f48-496b-8534-69dfabe6477b","BBW Brightest Bloom Mini Perfume Spray 0.23 fl oz","/images/product-awaiting-photography.webp","official-packshot-required"
"high","b3d5c05f-74d6-48b6-9356-65b38aff4c90","BBW Brightest Bloom Travel Size Body Cream 2.5 oz","/images/product-awaiting-photography.webp","official-packshot-required"
"high","615bd477-b362-4e74-aa83-8c0fe3ab06cd","BBW Dahlia Body Lotion 8 fl oz","/images/product-awaiting-photography.webp","official-packshot-required"
"high","907b99c0-09bf-47cb-91bb-45c89e259a76","BBW Diamond of the Season Body Lotion 8 fl oz","/images/product-awaiting-photography.webp","official-packshot-required"
"high","5833870e-77dc-41c3-99c9-5227da8a4a57","BBW Diamond of the Season Body Wash & Shower Gel 10 fl oz","/images/product-awaiting-photography.webp","official-packshot-required"
"high","afe49bf6-f2f8-4f11-ac3d-9b30ca705985","BBW Into the Night 1.7 fl oz EDP","/images/product-awaiting-photography.webp","official-packshot-required"
"high","95403dbb-6ca3-46b8-95d2-8614092cc1b2","BBW Into the Night Body Spray & Body Mist 2.5 fl oz","/images/product-awaiting-photography.webp","official-packshot-required"
"high","46983405-afe2-4e7e-9ef4-fd3940a16ee7","BBW Into the Night Body Spray & Body Mist 8 fl oz","/images/product-awaiting-photography.webp","official-packshot-required"
"high","e49c617a-c27c-40b5-9b4d-0254d395c000","BBW Into the Night Hand Cream 1 fl oz","/images/product-awaiting-photography.webp","official-packshot-required"
"high","8f77c4ba-20a3-4178-b470-2e93860e58a1","BBW Into the Night Moisturizing Body Wash 10 fl oz","/images/product-awaiting-photography.webp","official-packshot-required"
"high","2b344c29-0c3a-4712-9763-481ccb640987","BBW Mahogany Teakwood — Wallflowers Refills 2-pack 0.8 fl oz","/images/product-awaiting-photography.webp","official-packshot-required"
"high","8121744b-a0f2-4720-a682-3b98e5fef8e3","BBW Ocean — Body Wash & Shower Gel — 10 oz /295 mL","/images/product-awaiting-photography.webp","official-packshot-required"
"high","bd9d347e-6d09-4832-9707-c88a9f6557a0","BBW Pure Wonder — Body Cream 8 oz","/images/product-awaiting-photography.webp","official-packshot-required"
"high","b3c0d7c6-ac5d-4144-8c3b-80c50b3c3283","BBW Vanilla Bean Noel Whipped Body Cream 6.5 OZ","/images/product-awaiting-photography.webp","official-packshot-required"
"high","abbd9349-fb44-488d-9764-119c92625151","Britney Spears Fantasy Intense 3.4 EDP","/product-images/catalog-v2/abbd9349-fb44-488d-9764-119c92625151.webp","source-below-300px|replace-with-official-high-resolution-packshot"
"high","0814fefe-c21f-49bb-b2ae-846470e3e98f","Britney Spears Fantasy Intimate 3.4 EDP","/product-images/catalog-v2/0814fefe-c21f-49bb-b2ae-846470e3e98f.webp","very-low-detail|source-below-300px|replace-with-official-high-resolution-packshot"
"high","b68a62e1-900a-4cc7-8df0-84ffae9c9779","Britney Spears Prerogative  1.0  EDP","/product-images/catalog-v2/b68a62e1-900a-4cc7-8df0-84ffae9c9779.webp","extreme-source-padding|very-low-detail|source-below-300px|replace-with-official-high-resolution-packshot"
"high","49d6abd4-a782-41f5-80e9-d98b91c50ed0","Burberry Her 3.4 EDT SP","/product-images/catalog-v2/49d6abd4-a782-41f5-80e9-d98b91c50ed0.webp","extreme-source-padding|very-low-detail|source-below-300px|replace-with-official-high-resolution-packshot"
"high","202f400b-d1e0-4f1d-a337-3424a2e9cd68","Burberry Men's ""Mr."" EDP Spray 3.4 oz","/product-images/catalog-v2/202f400b-d1e0-4f1d-a337-3424a2e9cd68.webp","very-low-detail|source-below-300px|replace-with-official-high-resolution-packshot"
"high","8936d4a9-a3ec-4fe2-91a6-ae3db4088d8c","Burberry Mr. Burberry 1.6 oz","/product-images/catalog-v2/8936d4a9-a3ec-4fe2-91a6-ae3db4088d8c.webp","source-below-300px|replace-with-official-high-resolution-packshot"
"high","44e12d9c-ab4d-45ea-8aff-9e3653622e68","Burberry Mr. Burberry Indigo Men 1.6 EDT SP","/product-images/catalog-v2/44e12d9c-ab4d-45ea-8aff-9e3653622e68.webp","very-low-detail|source-below-300px|replace-with-official-high-resolution-packshot"
"high","9bb50f9d-fa4d-4c10-9f7a-7e5934be9de8","Burberry My Burberry 3.0 EDP","/product-images/catalog-v2/9bb50f9d-fa4d-4c10-9f7a-7e5934be9de8.webp","extreme-source-padding|very-low-detail|source-below-300px|replace-with-official-high-resolution-packshot"
"high","cc7befef-5dcf-4e0f-8e53-f34b6baa44b6","Bvlgari Man Glacial Essence Eau De Parfum Spray 100 ml/3.4 oz","/product-images/catalog-v2/cc7befef-5dcf-4e0f-8e53-f34b6baa44b6.webp","extreme-source-padding|very-low-detail|source-below-300px|replace-with-official-high-resolution-packshot"
"high","04090064-beff-498f-8dbf-302ea07ee17f","Bvlgari Splendida Patchouli Tenati on Woman 1.7 EDP SP","/product-images/catalog-v2/04090064-beff-498f-8dbf-302ea07ee17f.webp","very-low-detail|source-below-300px|replace-with-official-high-resolution-packshot"
"high","52d16c2f-fab0-4dda-aad1-752efd73195d","Bvlgari Splendida Tubereuse Mystique Woman 1.7 EDP SP","/product-images/catalog-v2/52d16c2f-fab0-4dda-aad1-752efd73195d.webp","source-below-300px|replace-with-official-high-resolution-packshot"
"high","8afe6653-70c5-47c1-afa5-7105c45856f8","Bvlgari Terrae Essence 3.4 oz EDP Set","/images/product-awaiting-photography.webp","official-packshot-required"
"high","6bc8924b-752b-4957-b685-b128d476c80e","Bvlgari Terrae Essence 3.4 oz EDP SP","/product-images/catalog-v2/6bc8924b-752b-4957-b685-b128d476c80e.webp","very-low-detail|source-below-300px|replace-with-official-high-resolution-packshot"
"high","0ecea89e-a99a-4a01-b9ab-eb35b7e83104","Calvin Klein Be 3.4 EDT SP","/product-images/catalog-v2/0ecea89e-a99a-4a01-b9ab-eb35b7e83104.webp","source-below-300px|replace-with-official-high-resolution-packshot"
"high","5b4a3168-6907-4cb8-a426-b9122f1f012f","Calvin Klein Escape 3.4 EDP SP","/product-images/catalog-v2/5b4a3168-6907-4cb8-a426-b9122f1f012f.webp","very-low-detail|source-below-300px|replace-with-official-high-resolution-packshot"
"high","4ab94abb-f2ed-463d-82d1-4aa59be694e8","Calvin Klein One Shock Him 3.4 EDT SP","/product-images/catalog-v2/4ab94abb-f2ed-463d-82d1-4aa59be694e8.webp","very-low-detail|source-below-300px|replace-with-official-high-resolution-packshot"
"high","a5b438cf-143f-420c-af05-9d6ddb52500d","Carolina Herrera ""CH"" Men 6.7 EDT SP","/product-images/catalog-v2/a5b438cf-143f-420c-af05-9d6ddb52500d.webp","very-low-detail|source-below-300px|replace-with-official-high-resolution-packshot"
"high","5e243488-c219-439f-940d-16aea008d9bd","Carolina Herrera 212 VIP Black Men 6.7 EDP SP","/images/product-awaiting-photography.webp","official-packshot-required"
"high","d34be6d2-00e5-49a7-9acd-69d4a3522a08","Carolina Herrera Bad Boy Cobalt 3.4 oz/100 ml EDP SP","/product-images/catalog-v2/d34be6d2-00e5-49a7-9acd-69d4a3522a08.webp","source-below-300px|replace-with-official-high-resolution-packshot"
"high","e3574f71-a617-4d47-8cff-fbfabaf4da9d","Carolina Herrera Bad Boy Cobalt Elixir 3.4 EDPSP","/product-images/catalog-v2/e3574f71-a617-4d47-8cff-fbfabaf4da9d.webp","source-below-300px|replace-with-official-high-resolution-packshot"
"high","ea6c9f7f-1c91-4177-874a-ee12e347945e","Carolina Herrera Bad Boy Le Parfum 3.4 EDP SP","/images/product-awaiting-photography.webp","official-packshot-required"
"high","a59e7866-f111-4af5-9c80-276108d95362","Carolina Herrera Good Girl 2.7 EDP Gift Set","/product-images/catalog-v2/a59e7866-f111-4af5-9c80-276108d95362.webp","source-below-300px|replace-with-official-high-resolution-packshot"
"high","c4f25638-1a47-4be4-bb0d-064da186c33c","Carolina Herrera Good Girl 3x20 EDP Travel Spray","/product-images/catalog-v2/c4f25638-1a47-4be4-bb0d-064da186c33c.webp","source-below-300px|replace-with-official-high-resolution-packshot"
"high","fa93716c-625d-4f15-a8df-7dfec8b72546","Carolina Herrera Good Girl Gift Set 2.7","/product-images/catalog-v2/fa93716c-625d-4f15-a8df-7dfec8b72546.webp","source-below-300px|replace-with-official-high-resolution-packshot"
"high","575ff369-e3d0-467e-875a-079d5dde29e7","Carolina Herrera Men's 212 VIP Black EDP Spray 3.4 oz","/product-images/catalog-v2/575ff369-e3d0-467e-875a-079d5dde29e7.webp","very-low-detail|source-below-300px|replace-with-official-high-resolution-packshot"
"high","e79c246d-45f9-4f19-be4e-2da4aab3fd9b","Carolina Herrera Very Good Girl Glam Woman 1.7 Parfum SP","/product-images/catalog-v2/e79c246d-45f9-4f19-be4e-2da4aab3fd9b.webp","extreme-source-padding|very-low-detail|source-below-300px|replace-with-official-high-resolution-packshot"
"high","88af4237-a285-4bef-941a-e41b31910c5e","Carolina Herrera Very Good Girl Glam Woman 2.7 EDP SP","/product-images/catalog-v2/88af4237-a285-4bef-941a-e41b31910c5e.webp","extreme-source-padding|very-low-detail|source-below-300px|replace-with-official-high-resolution-packshot"
"high","7fd35429-7f99-47dd-bba6-e6129e0f9479","Carven Leau Intense 3.3 FL","/images/product-awaiting-photography.webp","official-packshot-required"
"high","57696d15-5763-4186-8f8f-2e655741efd9","Chanel Allure Homme Sport 5.0 EDT","/product-images/catalog-v2/57696d15-5763-4186-8f8f-2e655741efd9.webp","very-low-detail|source-below-300px|replace-with-official-high-resolution-packshot"
"high","e6162861-a1ec-4ba1-9abf-9eb44f718098","Chloe Nomade Naturelle Woman 2.5 EDP SP","/product-images/catalog-v2/e6162861-a1ec-4ba1-9abf-9eb44f718098.webp","very-low-detail|source-below-300px|replace-with-official-high-resolution-packshot"
"high","a47278a5-51fe-4c8c-87d4-eef89bb93f40","Chloe Rose Tangerine 1.7oz EDT SP","/images/product-awaiting-photography.webp","official-packshot-required"
"high","e589dccf-d8f6-42c4-93e2-e64ce10522f8","Christian Dior Dior Eau Sauvage 3.4 EDP SP","/product-images/catalog-v2/e589dccf-d8f6-42c4-93e2-e64ce10522f8.webp","source-below-300px|replace-with-official-high-resolution-packshot"
"high","03a36b63-2e78-49b6-b1af-56f6c44de319","Christian Dior Dior Eau Sauvage Extreme 3.4 EDT SP","/images/product-awaiting-photography.webp","official-packshot-required"
"high","a49375e5-2059-4068-8c04-d7113244ad5b","Club de Nuit Untold 3.6 EDP","/images/product-awaiting-photography.webp","official-packshot-required"
"high","1eaedcf9-7a72-4f05-bbed-4654b112f2eb","Creed Aventus Her 2.5 oz EDP SP","/product-images/catalog-v2/1eaedcf9-7a72-4f05-bbed-4654b112f2eb.webp","very-low-detail|source-below-300px|replace-with-official-high-resolution-packshot"
"high","4a87656a-8ad9-43af-a0cb-73e077d85f1c","Cuba Cuba Gold — Gift Set","/images/product-awaiting-photography.webp","official-packshot-required"
"high","8c73eb91-b545-4a0a-9fa7-d4ef3c053a7c","Dior Hypnotic Poison Woman 3.3 EDT SP","/product-images/catalog-v2/8c73eb91-b545-4a0a-9fa7-d4ef3c053a7c.webp","very-low-detail|source-below-300px|replace-with-official-high-resolution-packshot"
"high","0935ec63-ac41-41e0-9ee6-fc4046c4cb45","Dolce & Gabanna Velvet Ginestra 5.0 oz EDP SP","/images/product-awaiting-photography.webp","official-packshot-required"
"high","8196aa2b-3dca-45b2-bc3b-4a5bf77c0aeb","Dolce & Gabbana Dolce Rose 2.5 oz EDT SP","/images/product-awaiting-photography.webp","official-packshot-required"
"high","b455bb46-6e0a-4e51-84b3-ff8160125344","Dolce & Gabbana Saffron Fig Leather 3.3 FL","/images/product-awaiting-photography.webp","official-packshot-required"
"high","b481e0bc-f97e-4fc8-af9a-bf69e1ce5ffc","Dolce & Gabbana The One EDT 3.4oz","/product-images/catalog-v2/b481e0bc-f97e-4fc8-af9a-bf69e1ce5ffc.webp","source-below-300px|replace-with-official-high-resolution-packshot"
"high","3325e517-ba08-401c-ba94-649a278e4b79","Dolce & Gabbana The Only One 3.4 oz EDP SP","/product-images/catalog-v2/3325e517-ba08-401c-ba94-649a278e4b79.webp","extreme-source-padding|very-low-detail|source-below-300px|replace-with-official-high-resolution-packshot"
"high","ba08f89c-b6e9-47fb-bbc4-6ba56f87adde","Dolce & Gabbana Velvet Sublime 5.0 oz EDP SP","/images/product-awaiting-photography.webp","official-packshot-required"
"high","9a595dee-06c4-47bd-a9b2-211b48279add","Elizabeth Taylor Forever Elizabeth by EDP Spray 3.3oz","/product-images/catalog-v2/9a595dee-06c4-47bd-a9b2-211b48279add.webp","extreme-source-padding|very-low-detail|source-below-300px|replace-with-official-high-resolution-packshot"
"high","10362dfc-b20f-4977-9ef7-d43787bdd970","Forever Elizabeth 3.3 FL.OZ Elizabeth Taylor","/images/product-awaiting-photography.webp","official-packshot-required"
"high","ec52c079-4cfb-40e4-8d88-f586a0ae6818","Giorgio Armani Emporio ""She"" 1.7 EDP SP","/images/product-awaiting-photography.webp","official-packshot-required"
"high","d5d2d851-b112-4340-8e62-fa700da31b5c","Givenchy ""Pi"" Men 3.3 EDT SP","/product-images/catalog-v2/d5d2d851-b112-4340-8e62-fa700da31b5c.webp","very-low-detail|source-below-300px|replace-with-official-high-resolution-packshot"
"high","2cece83d-154b-406a-a021-204592173ebb","Givenchy Dahlia Divin Eau Initiale 2.5 EDT SP","/product-images/catalog-v2/2cece83d-154b-406a-a021-204592173ebb.webp","extreme-source-padding|very-low-detail|source-below-300px|replace-with-official-high-resolution-packshot"
"high","b14521f6-4ec3-48ee-ab1a-306d61aa5180","Givenchy Dahlia Divin Nude 2.5 EDP SP","/product-images/catalog-v2/b14521f6-4ec3-48ee-ab1a-306d61aa5180.webp","source-below-300px|replace-with-official-high-resolution-packshot"
"high","b9d0f6ac-c3ec-4b21-a83c-66ecd610eefd","Givenchy Gentleman 3.3 EDP SP","/product-images/catalog-v2/b9d0f6ac-c3ec-4b21-a83c-66ecd610eefd.webp","very-low-detail|source-below-300px|replace-with-official-high-resolution-packshot"
"high","18bcc205-f02a-4a5f-baa9-f030110776f9","Givenchy Gentleman Boisee Men 2.0 EDP SP","/product-images/catalog-v2/18bcc205-f02a-4a5f-baa9-f030110776f9.webp","source-below-300px|replace-with-official-high-resolution-packshot"
"high","e2512104-fca1-423d-8efe-51e185042b77","Givenchy Irresistible Fraiche Woman 2.5 EDP SP","/product-images/catalog-v2/e2512104-fca1-423d-8efe-51e185042b77.webp","source-below-300px|replace-with-official-high-resolution-packshot"
"high","91ea1740-d637-4fa5-b771-5bb99db66d65","Givenchy L'Interdit 1.7 EDT","/product-images/catalog-v2/91ea1740-d637-4fa5-b771-5bb99db66d65.webp","source-below-300px|replace-with-official-high-resolution-packshot"
"high","f2c66cee-dd96-44a3-9e7b-57e4248452b7","Givenchy Organza Woman 3.4 EDP SP","/product-images/catalog-v2/f2c66cee-dd96-44a3-9e7b-57e4248452b7.webp","source-below-300px|replace-with-official-high-resolution-packshot"
"high","a2c5fd4d-54a3-4d9e-8e85-ee1cbc207bd5","Givenchy Pi EDT Spray 1.7oz","/product-images/catalog-v2/a2c5fd4d-54a3-4d9e-8e85-ee1cbc207bd5.webp","very-low-detail|source-below-300px|replace-with-official-high-resolution-packshot"
"high","201cf31a-b5f8-48c9-a0b6-045144490f66","Gucci Absolute 3.0 EDP SP","/product-images/catalog-v2/201cf31a-b5f8-48c9-a0b6-045144490f66.webp","very-low-detail|source-below-300px|replace-with-official-high-resolution-packshot"
"high","10ccd346-80b6-4e97-a897-b98f176fa86a","Gucci Guilty Absolute Pour Femme 1.7 EDP SP","/images/product-awaiting-photography.webp","official-packshot-required"
"high","4097de9e-6ef4-4e9e-9244-4bfc51967647","Guerlain Aqua Allegoria Lys Soleia Woman 2.5 EDT SP","/images/product-awaiting-photography.webp","official-packshot-required"
"high","964997fa-4974-4c5e-804f-d7c7d8e01e1e","Guy Laroche Drakkar Noir Men 1.7 EDT SP","/product-images/catalog-v2/964997fa-4974-4c5e-804f-d7c7d8e01e1e.webp","very-low-detail|source-below-300px|replace-with-official-high-resolution-packshot"
"high","4de32c17-2c8f-470b-a773-2ffeae9480f9","Guy Laroche Drakkar Noir Men 3.4 EDT SP","/product-images/catalog-v2/4de32c17-2c8f-470b-a773-2ffeae9480f9.webp","very-low-detail|source-below-300px|replace-with-official-high-resolution-packshot"
"high","25f65f17-d77e-409f-b0dc-0c9626d48439","Hermes Bel Ami Woman 3.4 EDT SP","/product-images/catalog-v2/25f65f17-d77e-409f-b0dc-0c9626d48439.webp","source-below-300px|replace-with-official-high-resolution-packshot"
"high","3cb5a1a5-a764-461a-8bea-0a5715a2151d","Hollister Canyon Escape for Men 3.4 EDT SP","/images/product-awaiting-photography.webp","official-packshot-required"
"high","1cf73884-f26b-4141-91a6-ec9379755ccd","Hollister Canyon Rush for Her 3.3 oz EDP SP","/product-images/catalog-v2/1cf73884-f26b-4141-91a6-ec9379755ccd.webp","very-low-detail|source-below-300px|replace-with-official-high-resolution-packshot"
"high","6f598e7f-f294-4560-b09d-6a20c32af556","Hugo Boss Boss Soul 3.0 EDT SP","/product-images/catalog-v2/6f598e7f-f294-4560-b09d-6a20c32af556.webp","source-below-300px|replace-with-official-high-resolution-packshot"
"high","9064de40-7533-411a-88ee-56aef6e7f792","Hugo Boss Hugo Energise EDT SP 2.5oz","/product-images/catalog-v2/9064de40-7533-411a-88ee-56aef6e7f792.webp","source-below-300px|replace-with-official-high-resolution-packshot"
"high","9ffb6874-0613-4dc9-96a1-71b472c27664","Issey Miyake Leau D'issey Shades of Kolam 3.3","/product-images/catalog-v2/9ffb6874-0613-4dc9-96a1-71b472c27664.webp","extreme-source-padding|very-low-detail|source-below-300px|replace-with-official-high-resolution-packshot"
"high","3f994014-98b9-498a-a312-ace479630205","Jessica Simpson Fancy Love 3.4 FL","/images/product-awaiting-photography.webp","official-packshot-required"
"high","654b9fca-1545-475a-b08a-68b4dc7843ec","Katy Perry Purr EDP SP 3.4 oz","/product-images/catalog-v2/654b9fca-1545-475a-b08a-68b4dc7843ec.webp","source-below-300px|replace-with-official-high-resolution-packshot"
"high","08ada51e-ba69-4382-9705-f09e10e6c9dc","Kenneth Cole Blue  EDT Spray 3.4 oz","/images/product-awaiting-photography.webp","official-packshot-required"
"high","7fbe867c-afab-4414-8706-f4c830605fde","Kenneth Cole Energy 3.4 EDT SP","/product-images/catalog-v2/7fbe867c-afab-4414-8706-f4c830605fde.webp","source-below-300px|replace-with-official-high-resolution-packshot"
"high","51d83889-8f4f-4690-9197-c4364d4f1fe5","Kenneth Cole Reaction For Her 3.4 EDT","/product-images/catalog-v2/51d83889-8f4f-4690-9197-c4364d4f1fe5.webp","source-below-300px|replace-with-official-high-resolution-packshot"
"high","b2480809-7c2b-474c-9546-e769a817123e","Kenneth Cole Vintage Black Men 3.4 EDT SP","/product-images/catalog-v2/b2480809-7c2b-474c-9546-e769a817123e.webp","very-low-detail|source-below-300px|replace-with-official-high-resolution-packshot"
"high","30ae708c-479f-4f4c-b795-067ec580d0f4","Lancome Idole Aura Woman 3.4  EDP  SP","/product-images/catalog-v2/30ae708c-479f-4f4c-b795-067ec580d0f4.webp","very-low-detail|source-below-300px|replace-with-official-high-resolution-packshot"
"high","6e83d7e0-b0f2-40e7-866f-72ba5fd4fe17","Lancome Idole L'eau De Parfum Nectar 3.4  EDP","/product-images/catalog-v2/6e83d7e0-b0f2-40e7-866f-72ba5fd4fe17.webp","very-low-detail|source-below-300px|replace-with-official-high-resolution-packshot"
"high","b27f921c-8d5c-47a2-8ef2-5634b01ebeef","Lancome Idole L'Intense 2.5 EDP","/product-images/catalog-v2/b27f921c-8d5c-47a2-8ef2-5634b01ebeef.webp","very-low-detail|source-below-300px|replace-with-official-high-resolution-packshot"
"high","c666f656-be1c-4f55-b42e-4dc82d8035ec","Lancome La Vie Est Belle 1.7 EDP","/product-images/catalog-v2/c666f656-be1c-4f55-b42e-4dc82d8035ec.webp","source-below-300px|replace-with-official-high-resolution-packshot"
"high","37b54249-3c6d-43d8-938e-30ff2a539fe9","Lancome La Vie Est Belle Intensement EDP 3.4","/product-images/catalog-v2/37b54249-3c6d-43d8-938e-30ff2a539fe9.webp","source-below-300px|replace-with-official-high-resolution-packshot"
"high","5f51a988-7a98-4e6f-9049-137679edff6f","Lancome La Vie Est Belle Iris Absolu EDP 3.4","/product-images/catalog-v2/5f51a988-7a98-4e6f-9049-137679edff6f.webp","source-below-300px|replace-with-official-high-resolution-packshot"
"high","03ecce26-43ca-4188-bc8d-725434d72aa2","Lancome La Vie Est Belle Soleil Cristal 3.4 EDP","/product-images/catalog-v2/03ecce26-43ca-4188-bc8d-725434d72aa2.webp","source-below-300px|replace-with-official-high-resolution-packshot"
"high","1feaf26a-a6ff-4b3a-b2ad-fef6cece6ae1","Liz Claiborne Bora Bora Men Cologne Spray 3.4 oz","/product-images/catalog-v2/1feaf26a-a6ff-4b3a-b2ad-fef6cece6ae1.webp","source-below-300px|replace-with-official-high-resolution-packshot"
"high","21433cec-16f6-4598-a196-c63ad9df9f6d","Liz Claiborne Curve Chill EDT SP 3.4 oz","/images/product-awaiting-photography.webp","official-packshot-required"
"high","4e5cd668-98eb-42d3-9850-517a6f5b28ee","Lolita Lempicka Au Masculine 3.3 EDT","/product-images/catalog-v2/4e5cd668-98eb-42d3-9850-517a6f5b28ee.webp","very-low-detail|source-below-300px|replace-with-official-high-resolution-packshot"
"high","1e70973c-7235-4ad6-a8f5-5710e2554856","Mercedes Benz Intense 4.0 oz EDT SP","/images/product-awaiting-photography.webp","official-packshot-required"
"high","782a2148-9146-4539-a402-a51353454d78","Michael Kors Gorgeous Intense 1.7 EDP SP","/product-images/catalog-v2/782a2148-9146-4539-a402-a51353454d78.webp","very-low-detail|source-below-300px|replace-with-official-high-resolution-packshot"
"high","b749656e-18de-49da-ba41-dc7587707c33","Mont Blanc Individual Men 2.5 EDT SP","/product-images/catalog-v2/b749656e-18de-49da-ba41-dc7587707c33.webp","very-low-detail|source-below-300px|replace-with-official-high-resolution-packshot"
"high","127abfa7-9018-427b-926c-5dab30ef800f","MONTBLANC Presence D’une Femme 2.5 FL. OZ","/images/product-awaiting-photography.webp","official-packshot-required"
"high","3ffa1237-0383-4a58-913e-c270e5c37b7d","Nautica Men’s Voyage 6.7 FL","/images/product-awaiting-photography.webp","official-packshot-required"
"high","a643a2a9-69e5-4c33-9732-cf321354b55e","Ocean Body Wash & Shower Gel — 3 fl oz / 88 mL","/images/product-awaiting-photography.webp","official-packshot-required"
"high","463c949d-93eb-460b-a1fe-9459038727b6","Orientica Oud Saffron 2.8 Edp Sp U","/images/product-awaiting-photography.webp","official-packshot-required"
"high","d39c3170-8b90-405c-a651-16747e7aae99","Paco Rabanne Invictus 1.7 EDT","/product-images/catalog-v2/d39c3170-8b90-405c-a651-16747e7aae99.webp","very-low-detail|source-below-300px|replace-with-official-high-resolution-packshot"
"high","272bd54e-8eb7-49fd-a0fc-e0d3a70a1713","Paco Rabanne Phantom Parfum EDP","/images/product-awaiting-photography.webp","official-packshot-required"
"high","9b5918be-c341-497b-8dda-a2e9d012d4d9","Paco Rabanne Pour Homme EDT 3.4 OZ","/images/product-awaiting-photography.webp","official-packshot-required"
"high","16bf0134-d8d5-4b78-a964-e94f16ca9c93","Prada Paradoxe 3.3 FL.OZ — Refill","/images/product-awaiting-photography.webp","official-packshot-required"
"high","fdbea142-0229-4758-87b7-bc6ce6cd4aba","Remy Latour Cigar Gift Set","/images/product-awaiting-photography.webp","official-packshot-required"
"high","9b39bbea-d477-4ec2-add5-cd1def747c80","Sean John I am King 1.7oz EDT SP","/product-images/catalog-v2/9b39bbea-d477-4ec2-add5-cd1def747c80.webp","source-below-300px|replace-with-official-high-resolution-packshot"
"high","f025a7da-a313-4b76-bb99-959b78b21e70","Sean John Unforgivable Woman 4.2 oz Eau Fraiche SP","/product-images/catalog-v2/f025a7da-a313-4b76-bb99-959b78b21e70.webp","very-low-detail|source-below-300px|replace-with-official-high-resolution-packshot"
"high","d6de7e9c-be65-4bea-9d33-5e4490b0fec4","Sofia Vergara Tempting Fragrance Mist 8 oz Body Mist","/product-images/catalog-v2/d6de7e9c-be65-4bea-9d33-5e4490b0fec4.webp","source-below-300px|replace-with-official-high-resolution-packshot"
"high","c8300d0a-d67e-48f5-a533-143e9341c9da","Swiss Army Classic Men 3.4 EDT SP","/product-images/catalog-v2/c8300d0a-d67e-48f5-a533-143e9341c9da.webp","very-low-detail|source-below-300px|replace-with-official-high-resolution-packshot"
"high","5f920fd0-8750-4f18-b47a-00b404644114","Tiffany & Co Tiffany & Love 1.7 oz EDP SP","/images/product-awaiting-photography.webp","official-packshot-required"
"high","1c34133c-8c9c-4f3e-869c-876af60f1ef9","Tiffany & Co. Tiffany & Co. EDP SP 1.7oz","/images/product-awaiting-photography.webp","official-packshot-required"
"high","d166b5fb-2173-45ce-a670-495c7d480cc8","Valentino Garavani Donna Born in Roma Coral Fantasy EDP 1.7oz","/product-images/catalog-v2/d166b5fb-2173-45ce-a670-495c7d480cc8.webp","source-below-300px|replace-with-official-high-resolution-packshot"
"high","198ece2e-91e0-4941-b690-821f8958d640","Valentino Garavani Uomo Intense EDP 3.3oz","/product-images/catalog-v2/198ece2e-91e0-4941-b690-821f8958d640.webp","very-low-detail|source-below-300px|replace-with-official-high-resolution-packshot"
"high","a6c4a976-5355-46c1-b004-0028728ca979","Versace Yellow Diamond 1.7 EDT Set","/images/product-awaiting-photography.webp","official-packshot-required"
"high","c5e557fb-231b-4003-bb93-0c1d8d95585b","Viktor & Rolf Flowerbomb Set — 1.7 & 0.34","/images/product-awaiting-photography.webp","official-packshot-required"
"high","41217012-6fe8-4214-b354-e66c5da77eee","Yves Saint Laurent L’Elixir 2.0 FL","/images/product-awaiting-photography.webp","official-packshot-required"
"high","a8a061a7-8899-475f-ab81-9463698fa747","Yves Saint Laurent La’Nuit De L’Homme Le Parfum","/images/product-awaiting-photography.webp","official-packshot-required"
"medium","48ed2367-a932-4b4d-bfc3-7fb1dcadc5cd","Afnan Supremecy Incense 3.4 oz EDP SP","/product-images/catalog-v2/48ed2367-a932-4b4d-bfc3-7fb1dcadc5cd.webp","replace-with-official-high-resolution-packshot"
"medium","898afbd9-4d68-40e2-9d6b-3f676c9b9f88","Al  Haramain Amber Oud  Carbon Edition","/product-images/catalog-v2/898afbd9-4d68-40e2-9d6b-3f676c9b9f88.webp","replace-with-official-high-resolution-packshot"
"medium","1f0799ca-7ad0-4369-8f46-3e482f4a7dad","Al Haramain Amber Oud Ruby Gift Set","/product-images/catalog-v2/1f0799ca-7ad0-4369-8f46-3e482f4a7dad.webp","replace-with-official-high-resolution-packshot"
"medium","83bfd623-88a2-41d4-9fe7-17e2976e395a","Alfred Sung Forever 4.2 EDP SP","/product-images/catalog-v2/83bfd623-88a2-41d4-9fe7-17e2976e395a.webp","replace-with-official-high-resolution-packshot"
"medium","fdaab8a0-4680-4812-84bd-0a4b9122b2c8","Antonio Banderas Power of Seduction 3.4 EDT SP","/product-images/catalog-v2/fdaab8a0-4680-4812-84bd-0a4b9122b2c8.webp","replace-with-official-high-resolution-packshot"
"medium","79beb05c-e4aa-4b71-bc56-85b4c3f74707","Ariana Grande Cloud Set","/product-images/catalog-v2/79beb05c-e4aa-4b71-bc56-85b4c3f74707.webp","replace-with-official-high-resolution-packshot"
"medium","7d6ba1af-0173-4243-9c07-8faa0021c584","Arianna Grande God is a Woman 1.0 EDP SP","/product-images/catalog-v2/7d6ba1af-0173-4243-9c07-8faa0021c584.webp","replace-with-official-high-resolution-packshot"
"medium","b7b3b2b5-d5a0-4237-a702-9ba31b14c2d5","Armaf Club De Nuit Sillage EDP 3.6","/product-images/catalog-v2/b7b3b2b5-d5a0-4237-a702-9ba31b14c2d5.webp","replace-with-official-high-resolution-packshot"
"medium","13773cb7-d357-4d34-8fc0-4ca5e1e3e4bb","Armaf Odyssey Candee Woman 6.8 EDP SP","/product-images/catalog-v2/13773cb7-d357-4d34-8fc0-4ca5e1e3e4bb.webp","replace-with-official-high-resolution-packshot"
"medium","a92c62e2-540d-4421-9cb8-7989135d1fd2","Armaf Odyssey Dubai Chocolat Gourmand 3.4 EDP SP","/product-images/catalog-v2/a92c62e2-540d-4421-9cb8-7989135d1fd2.webp","replace-with-official-high-resolution-packshot"
"medium","118e77d7-656e-4ad0-889f-0987545128cb","Armaf Tres Nuit Gift Set (4 PCS)","/product-images/catalog-v2/118e77d7-656e-4ad0-889f-0987545128cb.webp","replace-with-official-high-resolution-packshot"
"medium","31ab7fbd-f244-42e0-84e7-d5d529468609","Armaf Unisex Club De Nuit Milestone EDP Spray 3.6 oz","/product-images/catalog-v2/31ab7fbd-f244-42e0-84e7-d5d529468609.webp","replace-with-official-high-resolution-packshot"
"medium","d2c28a67-8f04-4d99-99e3-fb67f422f221","Aurum Privée Edit Al  Haramain- L'aventure Rose  6.76  EDP","/product-images/catalog-v2/d2c28a67-8f04-4d99-99e3-fb67f422f221.webp","replace-with-official-high-resolution-packshot"
"medium","1559cc3f-fb92-4100-aeb2-99d71c04f0f8","Aurum Privée Edit Al Haramain Detour Noir Intense EDP sp 3.33","/product-images/catalog-v2/1559cc3f-fb92-4100-aeb2-99d71c04f0f8.webp","replace-with-official-high-resolution-packshot"
"medium","5da51833-7cdd-4d60-b3d2-db6ca1d60cdd","Aurum Privée Edit Al Haramain- L'aventure Gold EDP Spray 3.4 oz","/product-images/catalog-v2/5da51833-7cdd-4d60-b3d2-db6ca1d60cdd.webp","replace-with-official-high-resolution-packshot"
"medium","8fbeca49-186a-4275-a631-0c2b8d3a96ec","Aurum Privée Edit Al Haramain- Unisex Amber Oud Tobacco Edition EDP Spray 6.76 oz","/product-images/catalog-v2/8fbeca49-186a-4275-a631-0c2b8d3a96ec.webp","replace-with-official-high-resolution-packshot"
"medium","5d713a6b-8e7d-4762-b409-d07ba10a7dbd","Aurum Privée Edit Antonio Banderas-  Men's Diavolo EDT Spray 6.75 oz","/product-images/catalog-v2/5d713a6b-8e7d-4762-b409-d07ba10a7dbd.webp","replace-with-official-high-resolution-packshot"
"medium","48f6f1ef-745e-454f-b4da-741001cfd071","Aurum Privée Edit Antonio Banderas- Men's Diavolo EDT Spray 1.7 oz","/product-images/catalog-v2/48f6f1ef-745e-454f-b4da-741001cfd071.webp","replace-with-official-high-resolution-packshot"
"medium","70fd04d4-b6af-4bff-88f9-5c69d78db23e","Aurum Privée Edit Aquolina- Pink Sugar Candy Magic 1.7 oz Gift Set","/product-images/catalog-v2/70fd04d4-b6af-4bff-88f9-5c69d78db23e.webp","replace-with-official-high-resolution-packshot"
"medium","51e8890f-7bc3-4925-9e38-38402e9ee37a","Aurum Privée Edit Ariana Grande Mod Blush EDP sp 3.4oz","/product-images/catalog-v2/51e8890f-7bc3-4925-9e38-38402e9ee37a.webp","replace-with-official-high-resolution-packshot"
"medium","4a47a972-2fd1-4fcf-813f-7c2eec5d058e","Aurum Privée Edit Armaf Club De Nuit 6.8 EDP","/product-images/catalog-v2/4a47a972-2fd1-4fcf-813f-7c2eec5d058e.webp","replace-with-official-high-resolution-packshot"
"medium","6a3eebef-ddbb-4c8e-b0d8-cff7d2b716e1","Aurum Privée Edit Armaf Odyssey Homme Black Men 3.4 SP","/product-images/catalog-v2/6a3eebef-ddbb-4c8e-b0d8-cff7d2b716e1.webp","replace-with-official-high-resolution-packshot"
"medium","ba399ffe-3e83-40a7-98a9-765e6ba34d68","Aurum Privée Edit Armaf- Hunter Intense 3.4 EDT","/product-images/catalog-v2/ba399ffe-3e83-40a7-98a9-765e6ba34d68.webp","replace-with-official-high-resolution-packshot"
"medium","9a30c148-b424-45d2-90ea-bab12a854969","Aurum Privée Edit Armaf- Le Parfait 3.4  EDP","/product-images/catalog-v2/9a30c148-b424-45d2-90ea-bab12a854969.webp","replace-with-official-high-resolution-packshot"
"medium","978b6055-2cd4-477c-93a0-c26c24428649","Aurum Privée Edit Armaf- Men's Club De Nuit Intense Parfum EDP Spray 5.0 oz","/product-images/catalog-v2/978b6055-2cd4-477c-93a0-c26c24428649.webp","replace-with-official-high-resolution-packshot"
"medium","fd342563-f4f7-4465-9ed0-9b11e643d648","Aurum Privée Edit Britney Spears -Ladies Naked Fantasy EDT Spray 3.4 oz","/product-images/catalog-v2/fd342563-f4f7-4465-9ed0-9b11e643d648.webp","replace-with-official-high-resolution-packshot"
"medium","cc70e7cc-42dd-414d-b491-5eb5751793b2","Aurum Privée Edit Britney Spears- Fantasy EDP 3.3","/product-images/catalog-v2/cc70e7cc-42dd-414d-b491-5eb5751793b2.webp","replace-with-official-high-resolution-packshot"
"medium","c711662d-f909-443c-9586-342dacaf0e2f","Aurum Privée Edit Burberry-  Men's Mr. EDP 1.7 oz","/product-images/catalog-v2/c711662d-f909-443c-9586-342dacaf0e2f.webp","replace-with-official-high-resolution-packshot"
"medium","fda6e43c-f778-4005-84cc-b6d1c6931253","Aurum Privée Edit Burberry- Touch Eau De Toilette 3.3","/product-images/catalog-v2/fda6e43c-f778-4005-84cc-b6d1c6931253.webp","replace-with-official-high-resolution-packshot"
"medium","3ade5fbb-282a-418f-9660-2fea5c5da720","Aurum Privée Edit Bvlgari- Aqua EDT 5.0","/product-images/catalog-v2/3ade5fbb-282a-418f-9660-2fea5c5da720.webp","replace-with-official-high-resolution-packshot"
"medium","dd310ac5-364c-4da8-9702-22b1de053bf7","Aurum Privée Edit Bvlgari- Petits Et Mamans Eau De Toilette Spray 1.35 oz","/product-images/catalog-v2/dd310ac5-364c-4da8-9702-22b1de053bf7.webp","replace-with-official-high-resolution-packshot"
"medium","1a4fbf3a-c5d0-4040-bab0-b0c59f456de9","Aurum Privée Edit Cacharell- Ladies Amor Amor Gift Set","/product-images/catalog-v2/1a4fbf3a-c5d0-4040-bab0-b0c59f456de9.webp","replace-with-official-high-resolution-packshot"
"medium","ed91c9ca-c498-491d-be63-67895f040c52","Aurum Privée Edit Calvin Klein- Beauty Beauty 3.4 oz EDP","/product-images/catalog-v2/ed91c9ca-c498-491d-be63-67895f040c52.webp","replace-with-official-high-resolution-packshot"
"medium","5b985811-fe87-48ca-8c11-b62206cb3d66","Aurum Privée Edit Calvin Klein- Escape 3.4 oz EDT","/product-images/catalog-v2/5b985811-fe87-48ca-8c11-b62206cb3d66.webp","replace-with-official-high-resolution-packshot"
"medium","fc032adf-27b8-4f2d-9a82-ed45d639739a","Aurum Privée Edit Calvin Klein- Euphoria EDP Spray 3.3","/product-images/catalog-v2/fc032adf-27b8-4f2d-9a82-ed45d639739a.webp","replace-with-official-high-resolution-packshot"
"medium","edcdcfd2-b93b-4586-b7a4-a2dde6bf8a9b","Aurum Privée Edit Calvin Klein- Euphoria For Men / EDT Spray 3.4 oz","/product-images/catalog-v2/edcdcfd2-b93b-4586-b7a4-a2dde6bf8a9b.webp","replace-with-official-high-resolution-packshot"
"medium","e818cc29-2373-4d7d-854c-320f94c6300f","Aurum Privée Edit Calvin Klein- In 2 U 3.4 EDT","/product-images/catalog-v2/e818cc29-2373-4d7d-854c-320f94c6300f.webp","replace-with-official-high-resolution-packshot"
"medium","54af2cc1-40a2-4a42-9e72-9d4cd2fe0c88","Aurum Privée Edit Calvin Klein- In 2 U 5.0 EDT","/product-images/catalog-v2/54af2cc1-40a2-4a42-9e72-9d4cd2fe0c88.webp","replace-with-official-high-resolution-packshot"
"medium","6cb2ea95-b6f8-4b50-b1e3-e6df5752c3d0","Aurum Privée Edit Carolina Herrera-  212 Heroes EDP Spray 1.7 oz","/product-images/catalog-v2/6cb2ea95-b6f8-4b50-b1e3-e6df5752c3d0.webp","replace-with-official-high-resolution-packshot"
"medium","ca652989-f345-4bbe-95f5-2bc61626cc5c","Aurum Privée Edit Carolina Herrera- 212 Nyc / EDT Spray 3.4 oz","/product-images/catalog-v2/ca652989-f345-4bbe-95f5-2bc61626cc5c.webp","replace-with-official-high-resolution-packshot"
"medium","5f67bf41-2e16-4aef-9f2b-b76a8efc0271","Aurum Privée Edit Carolina Herrera- 212 Vip / EDP Spray 2.7 oz","/product-images/catalog-v2/5f67bf41-2e16-4aef-9f2b-b76a8efc0271.webp","replace-with-official-high-resolution-packshot"
"medium","eb241fb8-6a83-4245-84a8-6906de7d857f","Aurum Privée Edit Carolina Herrera/ EDP Spray 3.4 oz","/product-images/catalog-v2/eb241fb8-6a83-4245-84a8-6906de7d857f.webp","replace-with-official-high-resolution-packshot"
"medium","0eb3e66a-4cd2-41b0-ab45-c97cc5110101","Aurum Privée Edit Chloe Nomade 2.5 + 20ML EDP SP Set","/product-images/catalog-v2/0eb3e66a-4cd2-41b0-ab45-c97cc5110101.webp","replace-with-official-high-resolution-packshot"
"medium","a9d8ad21-0164-4a1e-a04a-17da2c9b72ce","Aurum Privée Edit Christian Dior- Sauvage EDP 6.8 oz","/product-images/catalog-v2/a9d8ad21-0164-4a1e-a04a-17da2c9b72ce.webp","replace-with-official-high-resolution-packshot"
"medium","6ab4fc8c-0723-42a5-b2aa-ed6990217a8a","Aurum Privée Edit Dior- Addict Christian EDT 3.4 oz","/product-images/catalog-v2/6ab4fc8c-0723-42a5-b2aa-ed6990217a8a.webp","replace-with-official-high-resolution-packshot"
"medium","7d9e1722-0c03-4856-a125-b9bb48645ea0","Aurum Privée Edit Dior- Sauvage 2.0 oz 60ml","/product-images/catalog-v2/7d9e1722-0c03-4856-a125-b9bb48645ea0.webp","replace-with-official-high-resolution-packshot"
"medium","61de149d-bbb1-40ec-afef-86117a56e8d8","Aurum Privée Edit DKNY- Be Delicious","/product-images/catalog-v2/61de149d-bbb1-40ec-afef-86117a56e8d8.webp","replace-with-official-high-resolution-packshot"
"medium","783723db-c298-48ec-9763-bd4d73d9bb10","Aurum Privée Edit Dolce & Gabanna- Light Blue EDT 6.7","/product-images/catalog-v2/783723db-c298-48ec-9763-bd4d73d9bb10.webp","replace-with-official-high-resolution-packshot"
"medium","3e0641a6-bd3d-4829-bea2-bcb8ea598cc6","Aurum Privée Edit Dolce & Gabbana-  Intenso Men EDP Spray 4.2 oz","/product-images/catalog-v2/3e0641a6-bd3d-4829-bea2-bcb8ea598cc6.webp","replace-with-official-high-resolution-packshot"
"medium","727d7f54-06a0-4fc5-ad35-fcb4abde99e4","Aurum Privée Edit Dolce & Gabbana- Dolce Lily EDT Spray 1.7 oz","/product-images/catalog-v2/727d7f54-06a0-4fc5-ad35-fcb4abde99e4.webp","replace-with-official-high-resolution-packshot"
"medium","6b0f39da-ae72-4447-b16f-5391a5cbc508","Aurum Privée Edit Dolce & Gabbana- EDT 2.5 oz  Pour Homme","/product-images/catalog-v2/6b0f39da-ae72-4447-b16f-5391a5cbc508.webp","replace-with-official-high-resolution-packshot"
"medium","9979461b-a3dc-4716-8ccf-059a1379ea11","Aurum Privée Edit Dolce & Gabbana- Ladies Dolce Lily EDT Spray 2.5 oz","/product-images/catalog-v2/9979461b-a3dc-4716-8ccf-059a1379ea11.webp","replace-with-official-high-resolution-packshot"
"medium","d50e6faf-8e56-48e4-86ab-edb24c720a11","Aurum Privée Edit Dolce & Gabbana- Light Blue / EDT Spray 3.3 oz","/product-images/catalog-v2/d50e6faf-8e56-48e4-86ab-edb24c720a11.webp","replace-with-official-high-resolution-packshot"
"medium","6b503b7e-823d-4d5e-8aa0-284eecb4edc9","Aurum Privée Edit Dolce & Gabbana- Light Blue Pour Homme / EDT Spray 4.2 oz","/product-images/catalog-v2/6b503b7e-823d-4d5e-8aa0-284eecb4edc9.webp","replace-with-official-high-resolution-packshot"
"medium","1138d965-7b7b-43d3-bd2a-c2292f079791","Aurum Privée Edit Dolce & Gabbana- Light Blue Pour Homme / EDT Spray 4.2 oz","/product-images/catalog-v2/1138d965-7b7b-43d3-bd2a-c2292f079791.webp","replace-with-official-high-resolution-packshot"
"medium","d940da0b-9844-4507-b485-efd7de9fe6b5","Aurum Privée Edit Dolce & Gabbana- The One Intense EDP Spray 1.7 oz","/product-images/catalog-v2/d940da0b-9844-4507-b485-efd7de9fe6b5.webp","replace-with-official-high-resolution-packshot"
"medium","6512ff90-d548-486e-8843-f2567c468ba2","Aurum Privée Edit Elizabeth Arden- Sunflower / EDT Spray 3.3 oz","/product-images/catalog-v2/6512ff90-d548-486e-8843-f2567c468ba2.webp","replace-with-official-high-resolution-packshot"
"medium","1045ca56-58f0-4562-b4c5-795c2e3cb62d","Aurum Privée Edit Elizabeth Taylor- White Diamonds EDT  for Women Spray 3.3oz","/product-images/catalog-v2/1045ca56-58f0-4562-b4c5-795c2e3cb62d.webp","replace-with-official-high-resolution-packshot"
"medium","79b266bc-9ccc-4145-a2fc-9413eae423fe","Aurum Privée Edit Emoji I Love My Wild Friends- 2 Pc Gift Set 3.4oz EDT","/product-images/catalog-v2/79b266bc-9ccc-4145-a2fc-9413eae423fe.webp","replace-with-official-high-resolution-packshot"
"medium","86ce52b0-2359-4b35-967d-69312ea74f7f","Aurum Privée Edit Escada- Especially Delicate notes 75 ml","/product-images/catalog-v2/86ce52b0-2359-4b35-967d-69312ea74f7f.webp","replace-with-official-high-resolution-packshot"
"medium","839a59b0-1819-4a1c-8816-544a5a0fd82b","Aurum Privée Edit Fred Hayman  273 Men / Exceptional Cologne Spray 2.5 oz","/product-images/catalog-v2/839a59b0-1819-4a1c-8816-544a5a0fd82b.webp","replace-with-official-high-resolution-packshot"
"medium","d9bbf1cd-d075-43e2-967d-d7918a27533b","Aurum Privée Edit Giorgio Armani- Acqua Di Parma Colonia Futura 1.7","/product-images/catalog-v2/d9bbf1cd-d075-43e2-967d-d7918a27533b.webp","replace-with-official-high-resolution-packshot"
"medium","73f80857-6603-49ae-a2b1-5e8f2d2731d2","Aurum Privée Edit Giorgio Armani- Armani  Diamonds  Men  1.7  EDT  SP","/product-images/catalog-v2/73f80857-6603-49ae-a2b1-5e8f2d2731d2.webp","replace-with-official-high-resolution-packshot"
"medium","d4701e8a-5cc0-4e0c-b110-641818bee6f7","Aurum Privée Edit Giorgio Armani- Armani Code 4.2 Parfum SP","/product-images/catalog-v2/d4701e8a-5cc0-4e0c-b110-641818bee6f7.webp","replace-with-official-high-resolution-packshot"
"medium","72b31a11-ebfe-435b-b7cd-9c8d8c36db00","Aurum Privée Edit Giorgio Armani- Armani Code Femme EDP SP 2.5","/product-images/catalog-v2/72b31a11-ebfe-435b-b7cd-9c8d8c36db00.webp","replace-with-official-high-resolution-packshot"
"medium","06ee875f-a970-45b2-b53e-f3e311922ec7","Aurum Privée Edit Giorgio Armani- Armani Diamond Men 2.5  EDT  SP","/product-images/catalog-v2/06ee875f-a970-45b2-b53e-f3e311922ec7.webp","replace-with-official-high-resolution-packshot"
"medium","f6f1ffa7-8c13-446c-a01b-38f252c6685b","Aurum Privée Edit Giorgio Armani- Men's Acqua Di Gio Gift Se","/product-images/catalog-v2/f6f1ffa7-8c13-446c-a01b-38f252c6685b.webp","replace-with-official-high-resolution-packshot"
"medium","d020a5f4-e4d5-4ac0-8ec2-c12338c34f9a","Aurum Privée Edit Gres- Cabotine by EDT Spray 3.3 oz","/product-images/catalog-v2/d020a5f4-e4d5-4ac0-8ec2-c12338c34f9a.webp","replace-with-official-high-resolution-packshot"
"medium","3d8eb59d-3b3f-4f01-b0b7-2731d6aae324","Aurum Privée Edit Gres- Cabotine Rose / EDT Spray 3.4 oz","/product-images/catalog-v2/3d8eb59d-3b3f-4f01-b0b7-2731d6aae324.webp","replace-with-official-high-resolution-packshot"
"medium","a661feda-a693-452a-9e51-f35b50e8a970","Aurum Privée Edit Gres- Ladies Cabotine Gold EDT Spray 3.4","/product-images/catalog-v2/a661feda-a693-452a-9e51-f35b50e8a970.webp","replace-with-official-high-resolution-packshot"
"medium","8aa58947-52cd-4fa4-8be3-4d2b4edbe55b","Aurum Privée Edit Gucci Men's Guilty Pour Homme Gift Set","/product-images/catalog-v2/8aa58947-52cd-4fa4-8be3-4d2b4edbe55b.webp","replace-with-official-high-resolution-packshot"
"medium","1313f35e-7b9e-4165-9920-9847ebdd60db","Aurum Privée Edit Gucci- Guilty Absolute / EDP Spray 1.6 oz","/product-images/catalog-v2/1313f35e-7b9e-4165-9920-9847ebdd60db.webp","replace-with-official-high-resolution-packshot"
"medium","5de0f169-d129-42fa-a062-0dfae158303b","Aurum Privée Edit GUCCI- Guilty Pour Femm","/product-images/catalog-v2/5de0f169-d129-42fa-a062-0dfae158303b.webp","replace-with-official-high-resolution-packshot"
"medium","9ed6b134-0ffe-4393-9e48-77b299bf32cf","Aurum Privée Edit Gucci- Rush / EDT Spray 2.5 oz","/product-images/catalog-v2/9ed6b134-0ffe-4393-9e48-77b299bf32cf.webp","replace-with-official-high-resolution-packshot"
"medium","be3517ac-894c-4b61-9bd4-6e93e09008a0","Aurum Privée Edit Guerlain Idylle Woman 2.5 EDP SP","/product-images/catalog-v2/be3517ac-894c-4b61-9bd4-6e93e09008a0.webp","replace-with-official-high-resolution-packshot"
"medium","cadd7724-bb7a-4bff-b68c-5261f8236629","Aurum Privée Edit Guerlain L'Instant De Guerlain EDP 2.7","/product-images/catalog-v2/cadd7724-bb7a-4bff-b68c-5261f8236629.webp","replace-with-official-high-resolution-packshot"
"medium","ef122a4e-e989-45f3-8a51-aacb4e9d32ee","Aurum Privée Edit Guerlain- Lhomme Ideal EDT 3.4 oz","/product-images/catalog-v2/ef122a4e-e989-45f3-8a51-aacb4e9d32ee.webp","replace-with-official-high-resolution-packshot"
"medium","90e1fc77-52eb-48e3-9460-073a25537e1d","Aurum Privée Edit Guess- Dare Summer by Inc. EDT Spray 3.4 oz","/product-images/catalog-v2/90e1fc77-52eb-48e3-9460-073a25537e1d.webp","replace-with-official-high-resolution-packshot"
"medium","b6e70a0f-16b2-45b3-bff6-4e2f4afd4952","Aurum Privée Edit Guess- Ladies EDP Spray 2.5 oz","/product-images/catalog-v2/b6e70a0f-16b2-45b3-bff6-4e2f4afd4952.webp","replace-with-official-high-resolution-packshot"
"medium","0c41ed71-0254-4290-b134-ffd2d0af0c26","Aurum Privée Edit Hermes- Eau De Neroli Dore / EDC Spray 3.3 oz","/product-images/catalog-v2/0c41ed71-0254-4290-b134-ffd2d0af0c26.webp","replace-with-official-high-resolution-packshot"
"medium","d82e36b8-14a3-4721-abbf-5ebb04315b38","Aurum Privée Edit Hugo Boss Boss Man / EDT Spray 3.3 oz (100 ml)","/product-images/catalog-v2/d82e36b8-14a3-4721-abbf-5ebb04315b38.webp","replace-with-official-high-resolution-packshot"
"medium","a819db33-39dc-4565-a69f-b9cab27828c2","Aurum Privée Edit Issey Miyake-  Intense EDT 2.5 oz","/product-images/catalog-v2/a819db33-39dc-4565-a69f-b9cab27828c2.webp","replace-with-official-high-resolution-packshot"
"medium","8f6f4ce0-d315-4284-a753-34274968bdf5","Aurum Privée Edit Issey Miyake- L'Eau D'Issey by EDT Spray 3.3 oz","/product-images/catalog-v2/8f6f4ce0-d315-4284-a753-34274968bdf5.webp","replace-with-official-high-resolution-packshot"
"medium","db13688c-770f-4044-b3bb-9fea2462cb9d","Aurum Privée Edit Issey Miyake- L'Eau d'Issey Rose  EDP Intense 3 oz","/product-images/catalog-v2/db13688c-770f-4044-b3bb-9fea2462cb9d.webp","replace-with-official-high-resolution-packshot"
"medium","96360f7a-bd47-4732-843e-9a2d6d943330","Aurum Privée Edit Jean Paul Glautier-  Men's Le Male Gift Set","/product-images/catalog-v2/96360f7a-bd47-4732-843e-9a2d6d943330.webp","replace-with-official-high-resolution-packshot"
"medium","e25d245e-cc13-4849-b5de-5d5307193fa1","Aurum Privée Edit Jean Paul Glautier-  Men's Scandal Pour Homme EDT Spray 1.7 oz","/product-images/catalog-v2/e25d245e-cc13-4849-b5de-5d5307193fa1.webp","replace-with-official-high-resolution-packshot"
"medium","1f4681e1-8800-4833-9d19-c6b3329f8bc1","Aurum Privée Edit Jean Paul Glautier- Ladies Scandal EDP Spray 2.7 oz","/product-images/catalog-v2/1f4681e1-8800-4833-9d19-c6b3329f8bc1.webp","replace-with-official-high-resolution-packshot"
"medium","d96dc499-e772-43ec-886e-fb424c51b726","Aurum Privée Edit Jean Paul Glautier- Ladies Scandal Gift Set Fragrances I","/product-images/catalog-v2/d96dc499-e772-43ec-886e-fb424c51b726.webp","replace-with-official-high-resolution-packshot"
"medium","2e6f5da0-43b8-44d1-96dc-81cae16eaffe","Aurum Privée Edit Jean Paul Glautier- Ladies Scandal Le Parfum EDP Spray 2.7 oz","/product-images/catalog-v2/2e6f5da0-43b8-44d1-96dc-81cae16eaffe.webp","replace-with-official-high-resolution-packshot"
"medium","4547a104-4b1e-48f3-90de-421d991367a0","Aurum Privée Edit Jean Paul Glautier- Le Male / J.p.g EDT Spray 4.2 oz","/product-images/catalog-v2/4547a104-4b1e-48f3-90de-421d991367a0.webp","replace-with-official-high-resolution-packshot"
"medium","625c8f7c-ed70-4484-a7dd-66acd511fcb6","Aurum Privée Edit Jean Paul Glautier- Men's Le Male Gift Set","/product-images/catalog-v2/625c8f7c-ed70-4484-a7dd-66acd511fcb6.webp","replace-with-official-high-resolution-packshot"
"medium","4c06b939-e224-4528-ae9d-46bd6c0ff0b0","Aurum Privée Edit Jean Paul Glautier- Men's Scandal Pour Homme EDT Spray 3.4 oz Fr","/product-images/catalog-v2/4c06b939-e224-4528-ae9d-46bd6c0ff0b0.webp","replace-with-official-high-resolution-packshot"
"medium","82aff553-be18-4a15-8b19-a09ff338f2ca","Aurum Privée Edit Jimmy Choo I Want Choo Woman 3.4","/product-images/catalog-v2/82aff553-be18-4a15-8b19-a09ff338f2ca.webp","replace-with-official-high-resolution-packshot"
"medium","87558ccb-6aa6-4185-906d-794377216b97","Aurum Privée Edit Jimmy Choo- EDP Spray 3.3 oz","/product-images/catalog-v2/87558ccb-6aa6-4185-906d-794377216b97.webp","replace-with-official-high-resolution-packshot"
"medium","1922ba80-1b59-43bf-8d04-f8a1cffe7fe7","Aurum Privée Edit Jimmy Choo- Man Blue / EDT Spray 3.3 oz","/product-images/catalog-v2/1922ba80-1b59-43bf-8d04-f8a1cffe7fe7.webp","replace-with-official-high-resolution-packshot"
"medium","b2d23a23-76af-410a-98cf-47267a94b9cc","Aurum Privée Edit John Varvatos Men's Dark Rebel EDT Spray 2.5 oz","/product-images/catalog-v2/b2d23a23-76af-410a-98cf-47267a94b9cc.webp","replace-with-official-high-resolution-packshot"
"medium","9fca9fcb-94ed-43b0-9f5d-eb0aee1affd6","Aurum Privée Edit Juicy Couture- Viva La Juicy / EDP Spray 3.4 oz","/product-images/catalog-v2/9fca9fcb-94ed-43b0-9f5d-eb0aee1affd6.webp","replace-with-official-high-resolution-packshot"
"medium","b0de32ee-aa8d-4aa2-9849-96cb6fb905fb","Aurum Privée Edit Karen Low Men's Pure Blanc EDT Spray 3.4 oz","/product-images/catalog-v2/b0de32ee-aa8d-4aa2-9849-96cb6fb905fb.webp","replace-with-official-high-resolution-packshot"
"medium","4929a345-51b4-4882-83e7-58e3c2a2bf62","Aurum Privée Edit Katy Perry Meow!/ Edp Spray 3.4 Oz","/product-images/catalog-v2/4929a345-51b4-4882-83e7-58e3c2a2bf62.webp","replace-with-official-high-resolution-packshot"
"medium","f4a5839a-9ed3-4015-918f-941cb374d1c9","Aurum Privée Edit Kenneth Cole Black For Her","/product-images/catalog-v2/f4a5839a-9ed3-4015-918f-941cb374d1c9.webp","replace-with-official-high-resolution-packshot"
"medium","8ee93913-1551-490a-a137-d428bafc928a","Aurum Privée Edit Lacoste- Essential / EDT Spray 4.2 oz","/product-images/catalog-v2/8ee93913-1551-490a-a137-d428bafc928a.webp","replace-with-official-high-resolution-packshot"
"medium","0c20c1f2-99a6-4f3b-87d4-ba6ea412e539","Aurum Privée Edit Lacoste- L.12.12 Blanc / EDT Spray (white) 3.3 oz","/product-images/catalog-v2/0c20c1f2-99a6-4f3b-87d4-ba6ea412e539.webp","replace-with-official-high-resolution-packshot"
"medium","b5ba398c-773d-4b79-a1e9-d9441b189348","Aurum Privée Edit Lacoste- L.12.12 Noir Intense / EDT Spray 1.6 oz","/product-images/catalog-v2/b5ba398c-773d-4b79-a1e9-d9441b189348.webp","replace-with-official-high-resolution-packshot"
"medium","e32e5a2d-0cd0-4cd9-b0db-eda5a59b7ea7","Aurum Privée Edit Lancome Tresor Midnight Rose EDP 2.5","/product-images/catalog-v2/e32e5a2d-0cd0-4cd9-b0db-eda5a59b7ea7.webp","replace-with-official-high-resolution-packshot"
"medium","adb98963-b203-4eab-aa13-749d75756d5b","Aurum Privée Edit Lancome- Ladies La Vie Est Belle Gift Set","/product-images/catalog-v2/adb98963-b203-4eab-aa13-749d75756d5b.webp","replace-with-official-high-resolution-packshot"
"medium","eeb60b47-c711-45fa-8f09-17ab22789025","Aurum Privée Edit Lancome- Ladies La Vie Est Belle Intensement EDP Spray 1.7 oz","/product-images/catalog-v2/eeb60b47-c711-45fa-8f09-17ab22789025.webp","replace-with-official-high-resolution-packshot"
"medium","d4910ca2-e3f0-4cf7-b38a-045f0d928ae4","Aurum Privée Edit Liz Claiborne Bora Bora Men / Cologne Spray 3.4 oz","/product-images/catalog-v2/d4910ca2-e3f0-4cf7-b38a-045f0d928ae4.webp","replace-with-official-high-resolution-packshot"
"medium","cb62f179-ee27-4992-8ea0-d1edf4592c29","Aurum Privée Edit Liz Claiborne Men's Curve Gift Set","/product-images/catalog-v2/cb62f179-ee27-4992-8ea0-d1edf4592c29.webp","replace-with-official-high-resolution-packshot"
"medium","6ea1299e-4c4c-47ec-884e-99252acbb2a3","Aurum Privée Edit Lolita Lempicka Men's Homme EDT Spray 3.4 oz","/product-images/catalog-v2/6ea1299e-4c4c-47ec-884e-99252acbb2a3.webp","replace-with-official-high-resolution-packshot"
"medium","8f093367-69cf-4f16-bcde-bd4fa3a67e0c","Aurum Privée Edit Lomani- Ab Spirit Millionaire by Eau De Parfum Spray 3.4 oz","/product-images/catalog-v2/8f093367-69cf-4f16-bcde-bd4fa3a67e0c.webp","replace-with-official-high-resolution-packshot"
"medium","0bb48164-9203-4070-b5b3-c305a869c6e0","Aurum Privée Edit Marc Jacobs Daisy Dream / EDT Spray 1.7 oz","/product-images/catalog-v2/0bb48164-9203-4070-b5b3-c305a869c6e0.webp","replace-with-official-high-resolution-packshot"
"medium","62bd281c-1663-4eab-a268-394fd78e0f13","Aurum Privée Edit Marc Jacobs- Ladies Daisy Eau So Intense EDP Spray 1.6 oz","/product-images/catalog-v2/62bd281c-1663-4eab-a268-394fd78e0f13.webp","replace-with-official-high-resolution-packshot"
"medium","a1b2f0cd-5920-479b-a2b4-a385830f95a5","Aurum Privée Edit Marc Jacobs- Ladies Perfect Intense EDP Spray 1.7 oz","/product-images/catalog-v2/a1b2f0cd-5920-479b-a2b4-a385830f95a5.webp","replace-with-official-high-resolution-packshot"
"medium","db552b37-ad72-4713-bef0-27b434fe6b2c","Aurum Privée Edit Michael Kors- Ladies Wonderlust Eau De Voyage EDP Spray 3.4 oz","/product-images/catalog-v2/db552b37-ad72-4713-bef0-27b434fe6b2c.webp","replace-with-official-high-resolution-packshot"
"medium","1e806ef6-ec90-4771-b786-b4ed88843ffb","Aurum Privée Edit Mont Blanc Legend Night / Mont Blanc EDP Spray 3.3 o","/product-images/catalog-v2/1e806ef6-ec90-4771-b786-b4ed88843ffb.webp","replace-with-official-high-resolution-packshot"
"medium","c565fbbf-285b-4b69-83b5-0009712b6b7f","Aurum Privée Edit Mont Blanc- Lady Emblem / Mont Blanc EDP Spray 2.5 oz","/product-images/catalog-v2/c565fbbf-285b-4b69-83b5-0009712b6b7f.webp","replace-with-official-high-resolution-packshot"
"medium","b6239d9c-da50-4476-a68d-57677cc08e4c","Aurum Privée Edit Mont Blanc- Presence d'Une Femme 2.5 oz Eau De Toilette","/product-images/catalog-v2/b6239d9c-da50-4476-a68d-57677cc08e4c.webp","replace-with-official-high-resolution-packshot"
"medium","ca894234-c13b-4ee3-81ef-24dd82560ef0","Aurum Privée Edit Montblanc- Femme Individuelle by Mont Blanc EDT Spray 2.5 oz","/product-images/catalog-v2/ca894234-c13b-4ee3-81ef-24dd82560ef0.webp","replace-with-official-high-resolution-packshot"
"medium","59ddf6f3-83d5-4c8d-a9d4-e6a6fa076fd8","Aurum Privée Edit Narciso Rodriguez Bleu Noir For Him 3.3 EDT SP","/product-images/catalog-v2/59ddf6f3-83d5-4c8d-a9d4-e6a6fa076fd8.webp","replace-with-official-high-resolution-packshot"
"medium","a5da376c-4dea-4842-92bd-d290f2657cb3","Aurum Privée Edit Narciso Rodriguez For Her Forever 3.3 EDP SP","/product-images/catalog-v2/a5da376c-4dea-4842-92bd-d290f2657cb3.webp","replace-with-official-high-resolution-packshot"
"medium","4fead797-722d-44be-aebb-b5e08f793e2a","Aurum Privée Edit Narciso Rodriguez Musc Noir 3.3  EDP","/product-images/catalog-v2/4fead797-722d-44be-aebb-b5e08f793e2a.webp","replace-with-official-high-resolution-packshot"
"medium","59cc6642-96dd-40c6-bded-8e81291ae1b3","Aurum Privée Edit Narciso Rodriguez Musc Noir 5.0b EDP","/product-images/catalog-v2/59cc6642-96dd-40c6-bded-8e81291ae1b3.webp","replace-with-official-high-resolution-packshot"
"medium","fd30be70-199e-4996-8d58-6b423de7054a","Aurum Privée Edit Narciso Rodriguez- Narciso Fleur Musc / EDP Spray 1.6 oz","/product-images/catalog-v2/fd30be70-199e-4996-8d58-6b423de7054a.webp","replace-with-official-high-resolution-packshot"
"medium","e8770381-a292-4d92-b88a-ee8fda4ec91f","Aurum Privée Edit Nautica Classic Men 3.4 EDT SP","/product-images/catalog-v2/e8770381-a292-4d92-b88a-ee8fda4ec91f.webp","replace-with-official-high-resolution-packshot"
"medium","341784d5-f150-4769-88e0-d61e02175da8","Aurum Privée Edit Nautica- Men's Voyage EDT Spray 6.7 oz","/product-images/catalog-v2/341784d5-f150-4769-88e0-d61e02175da8.webp","replace-with-official-high-resolution-packshot"
"medium","555730bf-fdb2-448f-9bc9-d50cdc9ddcee","Aurum Privée Edit Paco  Rabanne Unisex Crazy Me EDP Spray 2.1 oz","/product-images/catalog-v2/555730bf-fdb2-448f-9bc9-d50cdc9ddcee.webp","replace-with-official-high-resolution-packshot"
"medium","224cdd40-d192-41d3-9d77-9f9ab25eed38","Aurum Privée Edit Paco Rabanne Million / EDT Spray 6.7 oz","/product-images/catalog-v2/224cdd40-d192-41d3-9d77-9f9ab25eed38.webp","replace-with-official-high-resolution-packshot"
"medium","b576a220-12a0-48b8-86c5-7e9024d84176","Aurum Privée Edit Paco Rabanne Million / Parfum Spray 3.3 oz","/product-images/catalog-v2/b576a220-12a0-48b8-86c5-7e9024d84176.webp","replace-with-official-high-resolution-packshot"
"medium","2f3bf382-d5db-447d-86e3-299cc3418f6a","Aurum Privée Edit Paco Rabanne-  Olympea Solar Intense EDP Spray 2.7 oz Fragrances","/product-images/catalog-v2/2f3bf382-d5db-447d-86e3-299cc3418f6a.webp","replace-with-official-high-resolution-packshot"
"medium","a1906147-f100-4ea2-ba60-4372375d3a43","Aurum Privée Edit Paco Rabanne- Ladies Lady Million Royal EDP Spray 2.7 oz","/product-images/catalog-v2/a1906147-f100-4ea2-ba60-4372375d3a43.webp","replace-with-official-high-resolution-packshot"
"medium","6219c7d6-c8b8-4ccf-87d9-880524875cc2","Aurum Privée Edit Paco Rabanne- Lady Million Fabulous Intense EDP Spray 1.7 oz","/product-images/catalog-v2/6219c7d6-c8b8-4ccf-87d9-880524875cc2.webp","replace-with-official-high-resolution-packshot"
"medium","db9fccdf-6555-411f-85b4-34fdab1364b7","Aurum Privée Edit Paco Rabanne-Lady Million Fabulous Intense EDP Spray 2.7 oz","/product-images/catalog-v2/db9fccdf-6555-411f-85b4-34fdab1364b7.webp","replace-with-official-high-resolution-packshot"
"medium","f186ebab-6e1b-4316-a06b-e959bf59c737","Aurum Privée Edit Paco Rabbane  Men's Phantom EDT Spray 3.4 oz","/product-images/catalog-v2/f186ebab-6e1b-4316-a06b-e959bf59c737.webp","replace-with-official-high-resolution-packshot"
"medium","fd535e42-e3ff-4131-8a43-9dc6ddbc8c39","Aurum Privée Edit Paco Robanne Phantom Men 17 EDT SP","/product-images/catalog-v2/fd535e42-e3ff-4131-8a43-9dc6ddbc8c39.webp","replace-with-official-high-resolution-packshot"
"medium","1e700452-de6b-4457-b5b0-df1fa0e202f5","Aurum Privée Edit Paris Hilton Dazzle EDP 4.2","/product-images/catalog-v2/1e700452-de6b-4457-b5b0-df1fa0e202f5.webp","replace-with-official-high-resolution-packshot"
"medium","e4515c2e-4d69-447f-8990-aff091a00a7c","Aurum Privée Edit Paris Hilton Electrify EDP 3.4","/product-images/catalog-v2/e4515c2e-4d69-447f-8990-aff091a00a7c.webp","replace-with-official-high-resolution-packshot"
"medium","b3404d72-1cc3-4d92-aa7e-8225784c29e5","Aurum Privée Edit Paris Hilton Gold Rush / EDP Spray 3.4 oz","/product-images/catalog-v2/b3404d72-1cc3-4d92-aa7e-8225784c29e5.webp","replace-with-official-high-resolution-packshot"
"medium","86e3e452-325f-4a86-b9e9-e6b29fe892e3","Aurum Privée Edit Paris Hilton Heiress by EDP Spray 3.4 oz","/product-images/catalog-v2/86e3e452-325f-4a86-b9e9-e6b29fe892e3.webp","replace-with-official-high-resolution-packshot"
"medium","2e1b6f9b-d753-4313-ac34-31cd49adbc0e","Aurum Privée Edit Paris Hilton Siren EDP 3.4","/product-images/catalog-v2/2e1b6f9b-d753-4313-ac34-31cd49adbc0e.webp","replace-with-official-high-resolution-packshot"
"medium","354ade9a-0e42-41e7-9245-f8038b2c2a7b","Aurum Privée Edit Paris Hilton-  Can Can Burlesque by EDP Spray 3.4 oz","/product-images/catalog-v2/354ade9a-0e42-41e7-9245-f8038b2c2a7b.webp","replace-with-official-high-resolution-packshot"
"medium","93ccef2a-eb6f-452e-877a-4d1b57590097","Aurum Privée Edit Paris Hilton- Can Can / EDP Spray 3.4 oz","/product-images/catalog-v2/93ccef2a-eb6f-452e-877a-4d1b57590097.webp","replace-with-official-high-resolution-packshot"
"medium","4b4faa0d-cbe0-4bd1-a80c-53116e8d5ebf","Aurum Privée Edit Paris Hilton/ EDP Spray 3.4 oz","/product-images/catalog-v2/4b4faa0d-cbe0-4bd1-a80c-53116e8d5ebf.webp","replace-with-official-high-resolution-packshot"
"medium","8e8a7433-53fc-42be-bee6-3cd8a6b9b688","Aurum Privée Edit Perry Ellis- Aqua Extreme / EDT Spray 3.4 oz","/product-images/catalog-v2/8e8a7433-53fc-42be-bee6-3cd8a6b9b688.webp","replace-with-official-high-resolution-packshot"
"medium","f91ffb63-dada-41c5-bca9-ed26c4361325","Aurum Privée Edit Platinum Rush Paris Hilton Lotion 6.7 Fl Oz","/product-images/catalog-v2/f91ffb63-dada-41c5-bca9-ed26c4361325.webp","replace-with-official-high-resolution-packshot"
"medium","830e493d-4393-44cc-8e34-b6ba81ab18b4","Aurum Privée Edit Ralph Lauren  Polo / EDT Spray 4.0 oz","/product-images/catalog-v2/830e493d-4393-44cc-8e34-b6ba81ab18b4.webp","replace-with-official-high-resolution-packshot"
"medium","657befee-849f-4c57-b3c2-3db4b55017a0","Aurum Privée Edit Ralph Lauren- Polo Blue / EDT Spray 4.2 oz","/product-images/catalog-v2/657befee-849f-4c57-b3c2-3db4b55017a0.webp","replace-with-official-high-resolution-packshot"
"medium","ee17b8c0-e053-4f72-b309-fc1438bd816c","Aurum Privée Edit Ralph Lauren- Polo Blue / Set","/product-images/catalog-v2/ee17b8c0-e053-4f72-b309-fc1438bd816c.webp","replace-with-official-high-resolution-packshot"
"medium","f34f546b-c323-4694-b8bf-829531a20306","Aurum Privée Edit Ted Lapidus Fantasme / EDT Spray 3.3 oz","/product-images/catalog-v2/f34f546b-c323-4694-b8bf-829531a20306.webp","replace-with-official-high-resolution-packshot"
"medium","b3253c4f-1aee-454b-8e46-81c3db3debfe","Aurum Privée Edit Tiffany & Co. Ladies Rose Gold EDP Spray 2.5 oz","/product-images/catalog-v2/b3253c4f-1aee-454b-8e46-81c3db3debfe.webp","replace-with-official-high-resolution-packshot"
"medium","b54b21a8-e8d3-400a-b004-17dbfbb64b65","Aurum Privée Edit Tom Eau De Soleil Blanc 1.7 EDT SP","/product-images/catalog-v2/b54b21a8-e8d3-400a-b004-17dbfbb64b65.webp","replace-with-official-high-resolution-packshot"
"medium","74b58050-8ade-4bc6-b134-e54375990507","Aurum Privée Edit Tom Ford Noir Extreme by EDP Spray 1.7 oz","/product-images/catalog-v2/74b58050-8ade-4bc6-b134-e54375990507.webp","replace-with-official-high-resolution-packshot"
"medium","aeebcc98-7faf-4f38-8f72-757c803436f4","Aurum Privée Edit Tom Ford Ombre Leather Eau de Parfum Spray 3.4 oz","/product-images/catalog-v2/aeebcc98-7faf-4f38-8f72-757c803436f4.webp","replace-with-official-high-resolution-packshot"
"medium","01162d89-71a0-4abd-afa2-e6bb147d571a","Aurum Privée Edit Tom Ford Unisex Oud Wood EDP Spray 1.7 oz","/product-images/catalog-v2/01162d89-71a0-4abd-afa2-e6bb147d571a.webp","replace-with-official-high-resolution-packshot"
"medium","31fc01c2-0a9c-45fb-8462-382a70f46c86","Aurum Privée Edit Valentino Garavani  Ladies Donna EDP Spray 3.4 oz","/product-images/catalog-v2/31fc01c2-0a9c-45fb-8462-382a70f46c86.webp","replace-with-official-high-resolution-packshot"
"medium","b8f360bb-9e80-4874-8736-16b53b7f5141","Aurum Privée Edit Valentino Voce Viva Woman 3.3 EDP","/product-images/catalog-v2/b8f360bb-9e80-4874-8736-16b53b7f5141.webp","replace-with-official-high-resolution-packshot"
"medium","5dc5f53c-574a-45eb-b412-7fea8bdc18e0","Aurum Privée Edit Versace Bright Crystal Absolu 3.0 EDP SP","/product-images/catalog-v2/5dc5f53c-574a-45eb-b412-7fea8bdc18e0.webp","replace-with-official-high-resolution-packshot"
"medium","b686aee7-84ff-4354-9bfb-70444c2c7eaf","Aurum Privée Edit Versace Ladies Bright Crystal EDT Spray 6.8 oz","/product-images/catalog-v2/b686aee7-84ff-4354-9bfb-70444c2c7eaf.webp","replace-with-official-high-resolution-packshot"
"medium","2b9807cc-ae8e-4f11-b776-c8db7f6dbc9d","Aurum Privée Edit Versace Signature Homme by EDT Spray (blue / Silver) 3.3 oz","/product-images/catalog-v2/2b9807cc-ae8e-4f11-b776-c8db7f6dbc9d.webp","replace-with-official-high-resolution-packshot"
"medium","3e2cb8ea-8986-44a5-8439-8eb7047d339d","Aurum Privée Edit Versace- Eros by EDP Spray 3.4 oz","/product-images/catalog-v2/3e2cb8ea-8986-44a5-8439-8eb7047d339d.webp","replace-with-official-high-resolution-packshot"
"medium","698c4f6c-19d2-4547-a834-9e8c3be76b55","Aurum Privée Edit Versace- Man Eau Fraiche / EDT Spray (blue) 3.3 oz","/product-images/catalog-v2/698c4f6c-19d2-4547-a834-9e8c3be76b55.webp","replace-with-official-high-resolution-packshot"
"medium","07d02a8f-2500-4b55-974a-e132760ba0aa","Aurum Privée Edit Versace- Man Eau Fraiche / Travel Set","/product-images/catalog-v2/07d02a8f-2500-4b55-974a-e132760ba0aa.webp","replace-with-official-high-resolution-packshot"
"medium","2effec89-b22a-4084-9ceb-21b72fd16c5e","Aurum Privée Edit Vicky Tiel- Sirene / EDP Spray 3.3 oz","/product-images/catalog-v2/2effec89-b22a-4084-9ceb-21b72fd16c5e.webp","replace-with-official-high-resolution-packshot"
"medium","de7c3333-cbf4-4e27-a67b-b01b5b091c1d","Aurum Privée Edit Viktor & Rolf Flowerbomb 1.0 oz","/product-images/catalog-v2/de7c3333-cbf4-4e27-a67b-b01b5b091c1d.webp","replace-with-official-high-resolution-packshot"
"medium","50da38bc-93b9-41b2-84bb-18d94f5e2015","Aurum Privée Edit Viktor & Rolf Good Fortune EDP 3.0","/product-images/catalog-v2/50da38bc-93b9-41b2-84bb-18d94f5e2015.webp","replace-with-official-high-resolution-packshot"
"medium","5b5da585-5b83-4a52-a053-0ce932a335d5","Aurum Privée Edit Yacht Master 1 Men 3.4 EDT","/product-images/catalog-v2/5b5da585-5b83-4a52-a053-0ce932a335d5.webp","replace-with-official-high-resolution-packshot"
"medium","5e39a900-8851-4567-a453-1ee3da124162","Aurum Privée Edit Yacht Master 2 Men 3.4 EDT","/product-images/catalog-v2/5e39a900-8851-4567-a453-1ee3da124162.webp","replace-with-official-high-resolution-packshot"
"medium","958b7803-1b0d-4b85-9af7-b0cc7c9b1860","Aurum Privée Edit Yacht Master 4 Meb 3.4 EDT","/product-images/catalog-v2/958b7803-1b0d-4b85-9af7-b0cc7c9b1860.webp","replace-with-official-high-resolution-packshot"
"medium","cbc1f5fe-92e1-45a9-a940-058b7b52cd1d","Aurum Privée Edit Yves Saint Laurent- Black Opium / Ysl EDP Spray 3.0 oz","/product-images/catalog-v2/cbc1f5fe-92e1-45a9-a940-058b7b52cd1d.webp","replace-with-official-high-resolution-packshot"
"medium","43cc60cb-a433-4023-8d41-1dab5de16567","Aurum Privée Edit Yves Saint Laurent- Paris / Ysl EDT Spray 4.2 oz","/product-images/catalog-v2/43cc60cb-a433-4023-8d41-1dab5de16567.webp","replace-with-official-high-resolution-packshot"
"medium","e7b54351-af59-48bf-adfe-2ec30aaeb919","Azzaro Leau Pour Homme 3.4  EDT  SP","/product-images/catalog-v2/e7b54351-af59-48bf-adfe-2ec30aaeb919.webp","replace-with-official-high-resolution-packshot"
"medium","5d135392-21b0-477d-a8f2-77d9271307de","Azzaro Men's Wanted Eau de Parfum  3.4 EDP","/product-images/catalog-v2/5d135392-21b0-477d-a8f2-77d9271307de.webp","replace-with-official-high-resolution-packshot"
"medium","7d6d2c86-e6c7-4082-be86-b7810a4018de","Azzaro Pour  Homme  1.7  EDT  SP","/product-images/catalog-v2/7d6d2c86-e6c7-4082-be86-b7810a4018de.webp","replace-with-official-high-resolution-packshot"
"medium","f89ca6f9-f577-49d8-b10f-5aa6fd3f9f49","Azzaro Twin Woman  2.7  EDT  SP","/product-images/catalog-v2/f89ca6f9-f577-49d8-b10f-5aa6fd3f9f49.webp","replace-with-official-high-resolution-packshot"
"medium","f1b59334-7785-461a-82ba-f8d4fa49aeed","BBW Waikiki Beach Coconut Wallflowers fragrance Refill 0.8 fl","/product-images/catalog-v2/f1b59334-7785-461a-82ba-f8d4fa49aeed.webp","replace-with-official-high-resolution-packshot"
"medium","51623096-8919-4486-a619-cbb50fa34069","Burberry Brit Sheer / EDT Spray 3.3 oz","/product-images/catalog-v2/51623096-8919-4486-a619-cbb50fa34069.webp","replace-with-official-high-resolution-packshot"
"medium","d667830b-c41c-409f-8f3c-abb28c4e3927","Burberry Classic Woman 3.3 oz EDP SP","/product-images/catalog-v2/d667830b-c41c-409f-8f3c-abb28c4e3927.webp","replace-with-official-high-resolution-packshot"
"medium","19b8dee2-89ef-40dc-ac83-40e933f98cd1","Burberry Her Gift Set","/product-images/catalog-v2/19b8dee2-89ef-40dc-ac83-40e933f98cd1.webp","replace-with-official-high-resolution-packshot"
"medium","ee1d2860-2d50-428b-8413-5b7f890da611","Burberry Hero Man 5.0 EDT SP","/product-images/catalog-v2/ee1d2860-2d50-428b-8413-5b7f890da611.webp","replace-with-official-high-resolution-packshot"
"medium","4d47dd43-3e44-4f14-a51e-c72409070764","Burberry London Fabric Men 3.3 oz EDP SP","/product-images/catalog-v2/4d47dd43-3e44-4f14-a51e-c72409070764.webp","replace-with-official-high-resolution-packshot"
"medium","64f04bd3-090e-427c-95cd-7f1dd28b25cc","Burberry London Fabric Woman 3.4 oz EDP SP","/product-images/catalog-v2/64f04bd3-090e-427c-95cd-7f1dd28b25cc.webp","replace-with-official-high-resolution-packshot"
"medium","8928b060-43e4-4f77-9689-905c1cc0b553","Burberry Men's Hero EDT SP 3.3 oz","/product-images/catalog-v2/8928b060-43e4-4f77-9689-905c1cc0b553.webp","replace-with-official-high-resolution-packshot"
"medium","887fabe6-96a9-4312-8762-6e1bb5e14922","Bvlgari Omnia Floral EDP 2.2oz","/product-images/catalog-v2/887fabe6-96a9-4312-8762-6e1bb5e14922.webp","replace-with-official-high-resolution-packshot"
"medium","cc8349c6-c5e4-4a5e-8d2f-a1f042fce8e4","Bvlgari Rose Goldea Blossom Delight EDP Spray 1.7 oz","/product-images/catalog-v2/cc8349c6-c5e4-4a5e-8d2f-a1f042fce8e4.webp","replace-with-official-high-resolution-packshot"
"medium","39ff5e08-19ca-412b-a8b8-bc4496c95d18","Carolina Herrera 212 Heroes Forever Young 3.0 oz EDT","/product-images/catalog-v2/39ff5e08-19ca-412b-a8b8-bc4496c95d18.webp","replace-with-official-high-resolution-packshot"
"medium","44681a42-4caf-46c1-b76f-343ca39867f0","Carolina Herrera Bad Boy Power Up Men 3.3 EDT SP","/product-images/catalog-v2/44681a42-4caf-46c1-b76f-343ca39867f0.webp","replace-with-official-high-resolution-packshot"
"medium","10219179-b53d-4e20-bbfe-f736606a8e38","Carolina Herrera Good Girl Blush Elixir 2.7 EDP SP","/product-images/catalog-v2/10219179-b53d-4e20-bbfe-f736606a8e38.webp","replace-with-official-high-resolution-packshot"
"medium","884743a7-02c0-4b5c-9b9a-3b66db4f2b17","Carolina Herrera La Bomba EDP SP 1.7","/product-images/catalog-v2/884743a7-02c0-4b5c-9b9a-3b66db4f2b17.webp","replace-with-official-high-resolution-packshot"
"medium","8bd35cb1-a05d-458b-b710-b76190a672eb","Chloe Love Story Woman EDP Spray 2.5 oz (75 ml)","/product-images/catalog-v2/8bd35cb1-a05d-458b-b710-b76190a672eb.webp","replace-with-official-high-resolution-packshot"
"medium","f2da8b60-1493-4eec-8660-aa4d613270e5","Chloe Nomade 2.5 oz EDP SP","/product-images/catalog-v2/f2da8b60-1493-4eec-8660-aa4d613270e5.webp","replace-with-official-high-resolution-packshot"
"medium","05132270-4d2d-491a-b238-a85f2ffc76f5","Coach Blue Men 3.3 EDT SP","/product-images/catalog-v2/05132270-4d2d-491a-b238-a85f2ffc76f5.webp","replace-with-official-high-resolution-packshot"
"medium","79bc2936-2333-46e7-897d-66081d9a6b41","Dior Sauvage EDT SP 2.0","/product-images/catalog-v2/79bc2936-2333-46e7-897d-66081d9a6b41.webp","replace-with-official-high-resolution-packshot"
"medium","006d2777-e368-4770-b2be-137c1b2bd4dc","Elizabeth Taylor White Diamond 3.3 EDT SP Gift Set","/product-images/catalog-v2/006d2777-e368-4770-b2be-137c1b2bd4dc.webp","replace-with-official-high-resolution-packshot"
"medium","fd3ded32-df1a-4239-977e-35e8b8fa119f","Ferrari Black Refill Hard Case 2 x 0.8 oz EDT Spray (Refill)","/product-images/catalog-v2/fd3ded32-df1a-4239-977e-35e8b8fa119f.webp","replace-with-official-high-resolution-packshot"
"medium","27d5d192-ca4e-44c8-844b-6bd56eab1cb6","Giorgio Armani Armani Si  Passione Intense  3.4  EDP SP","/product-images/catalog-v2/27d5d192-ca4e-44c8-844b-6bd56eab1cb6.webp","replace-with-official-high-resolution-packshot"
"medium","bc8d74af-7a07-4148-91f8-9ee52a035b6c","Giorgio Armani Emporio Men ""He"" EDT Spray 3.4 oz (50ml)","/product-images/catalog-v2/bc8d74af-7a07-4148-91f8-9ee52a035b6c.webp","replace-with-official-high-resolution-packshot"
"medium","381508f4-f068-4e9f-81e4-fe1c9fd69e26","Giorgio Armani Emporio Stronger with you EDT SP 1.7","/product-images/catalog-v2/381508f4-f068-4e9f-81e4-fe1c9fd69e26.webp","replace-with-official-high-resolution-packshot"
"medium","a5a1458c-2855-47f0-a422-eabaeb0c1975","Giorgio Armani Si Passione Woman 3.4 EDP SP","/product-images/catalog-v2/a5a1458c-2855-47f0-a422-eabaeb0c1975.webp","replace-with-official-high-resolution-packshot"
"medium","f3c8a8db-eeaa-4250-a318-fe259b83223d","Giorgio Beverly Hills Wings Men 3.4 EDT SP","/product-images/catalog-v2/f3c8a8db-eeaa-4250-a318-fe259b83223d.webp","replace-with-official-high-resolution-packshot"
"medium","0eab60cc-61b2-443e-831e-2ba5121ea3b2","Givenchy Gentleman Extreme 2.0 EDP SP","/product-images/catalog-v2/0eab60cc-61b2-443e-831e-2ba5121ea3b2.webp","replace-with-official-high-resolution-packshot"
"medium","28440a5a-71df-4466-befb-a0bba3b6b117","Givenchy L'Ínterdit Rouge Ultimate 1.7 EDP SP","/product-images/catalog-v2/28440a5a-71df-4466-befb-a0bba3b6b117.webp","replace-with-official-high-resolution-packshot"
"medium","a9d73da4-740f-48e3-bc83-7bbf2c715047","Givenchy Organza Woman 1.0 EDP SP","/product-images/catalog-v2/a9d73da4-740f-48e3-bc83-7bbf2c715047.webp","replace-with-official-high-resolution-packshot"
"medium","d880f6ed-47f8-491c-983b-d1e1051e875e","Givenchy Pour Homme 3.3 EDT SP","/product-images/catalog-v2/d880f6ed-47f8-491c-983b-d1e1051e875e.webp","replace-with-official-high-resolution-packshot"
"medium","cb868f8f-ac0f-44b9-83c8-c9b0356b5ad2","Givenchy Very Irresistible 2.5 oz EDT SP","/product-images/catalog-v2/cb868f8f-ac0f-44b9-83c8-c9b0356b5ad2.webp","replace-with-official-high-resolution-packshot"
"medium","26bb551f-63ac-45d4-94cb-e580224a7893","Gucci Bloom Intense Woman 1.6 EDP SP","/product-images/catalog-v2/26bb551f-63ac-45d4-94cb-e580224a7893.webp","replace-with-official-high-resolution-packshot"
"medium","eb892088-fd9c-45ff-ba49-a4e02f731821","Gucci Guilty Absolute Men 3.0 EDP SP","/product-images/catalog-v2/eb892088-fd9c-45ff-ba49-a4e02f731821.webp","replace-with-official-high-resolution-packshot"
"medium","08a1d16e-2ec3-4479-90d8-0ffef889c09c","Gucci Guilty Pour Femme 1.6 EDT SP","/product-images/catalog-v2/08a1d16e-2ec3-4479-90d8-0ffef889c09c.webp","replace-with-official-high-resolution-packshot"
"medium","6bd10643-04a0-43e0-8684-a2c4df8a9455","GUCCI Ladies Bloom Gift Set","/product-images/catalog-v2/6bd10643-04a0-43e0-8684-a2c4df8a9455.webp","replace-with-official-high-resolution-packshot"
"medium","078aafc2-a69e-45ae-bf86-5cb074d590da","Gucci Oud Intense Unisex 3.0 EDP SP","/product-images/catalog-v2/078aafc2-a69e-45ae-bf86-5cb074d590da.webp","replace-with-official-high-resolution-packshot"
"medium","5a599305-9dd9-4385-8840-7ac1778f362c","Guess Girl Belle 3.4 oz EDT SP","/product-images/catalog-v2/5a599305-9dd9-4385-8840-7ac1778f362c.webp","replace-with-official-high-resolution-packshot"
"medium","63ceffee-7a3f-4c3d-96a0-75f28bf7545b","Guess Marciano Men 3.4 EDT SP","/product-images/catalog-v2/63ceffee-7a3f-4c3d-96a0-75f28bf7545b.webp","replace-with-official-high-resolution-packshot"
"medium","abe7c1a3-4be5-4c27-834f-dbe7bafc249f","Guess Marciano Woman  3.4  EDP  SP","/product-images/catalog-v2/abe7c1a3-4be5-4c27-834f-dbe7bafc249f.webp","replace-with-official-high-resolution-packshot"
"medium","1220d56d-b421-431e-85df-8774eb219c59","Guess Men 2.5 EDT SP","/product-images/catalog-v2/1220d56d-b421-431e-85df-8774eb219c59.webp","replace-with-official-high-resolution-packshot"
"medium","5b1b8b03-dba4-4d15-bbd3-2b4a659ced0a","Guess Seductive Homme 3.4 EDT SP","/product-images/catalog-v2/5b1b8b03-dba4-4d15-bbd3-2b4a659ced0a.webp","replace-with-official-high-resolution-packshot"
"medium","7c6f93f8-6e77-4f83-9161-d060462e3a02","Hermes H24 EDT Spray 1.01 oz","/product-images/catalog-v2/7c6f93f8-6e77-4f83-9161-d060462e3a02.webp","replace-with-official-high-resolution-packshot"
"medium","ff1af691-a3e3-45ac-a15b-73fef0330008","Hermes Unisex Eau De Gentiane Blanche EDC 3.4 oz","/product-images/catalog-v2/ff1af691-a3e3-45ac-a15b-73fef0330008.webp","replace-with-official-high-resolution-packshot"
"medium","36b62e11-f20c-476a-8ccf-c897618cbf8c","Hugo Boss Just Different EDT SP 2.5","/product-images/catalog-v2/36b62e11-f20c-476a-8ccf-c897618cbf8c.webp","replace-with-official-high-resolution-packshot"
"medium","787c03a1-1d28-4c1a-8f48-f0f8ba6404ce","Issey Miyake A Drop d'Issey 3.0 oz","/product-images/catalog-v2/787c03a1-1d28-4c1a-8f48-f0f8ba6404ce.webp","replace-with-official-high-resolution-packshot"
"medium","0efbc8a0-8011-4c3c-95ff-2eb424eb4446","Issey Miyake L'eau D'issey Pour Homme 4.2 fl","/product-images/catalog-v2/0efbc8a0-8011-4c3c-95ff-2eb424eb4446.webp","replace-with-official-high-resolution-packshot"
"medium","1406b510-981e-41a0-aead-f83cb9b81ecf","Issey Miyake Sport 3.4 EDT SP","/product-images/catalog-v2/1406b510-981e-41a0-aead-f83cb9b81ecf.webp","replace-with-official-high-resolution-packshot"
"medium","1bae6459-75c5-4e92-bb32-07806130d37e","Jennifer Lopez Still EDP SP 3.4 oz","/product-images/catalog-v2/1bae6459-75c5-4e92-bb32-07806130d37e.webp","replace-with-official-high-resolution-packshot"
"medium","6f0b032e-d4ed-479e-b049-4deffa018c8a","Jimmy Choo Aqua Men 3.4 EDT SP","/product-images/catalog-v2/6f0b032e-d4ed-479e-b049-4deffa018c8a.webp","replace-with-official-high-resolution-packshot"
"medium","16d0447f-0417-4c47-8696-bbcb9dde02a3","Jimmy Choo Illicit Woman 3.4 EDP SP","/product-images/catalog-v2/16d0447f-0417-4c47-8696-bbcb9dde02a3.webp","replace-with-official-high-resolution-packshot"
"medium","060f82d7-2a88-4a0b-ac14-2d8bca670a2e","Juicy Couture Oui Woman 3.4 EDP","/product-images/catalog-v2/060f82d7-2a88-4a0b-ac14-2d8bca670a2e.webp","replace-with-official-high-resolution-packshot"
"medium","6206931f-f56d-4181-a217-0a4895c8e356","Juicy Couture Viva La Juicy Noir EDP SP 3.4","/product-images/catalog-v2/6206931f-f56d-4181-a217-0a4895c8e356.webp","replace-with-official-high-resolution-packshot"
"medium","16397658-31fe-4b21-8dc1-ef731bc84fe4","Kandy Bomb Mango Mojito Eau de Parfum Spray 3.4 oz/100ml","/product-images/catalog-v2/16397658-31fe-4b21-8dc1-ef731bc84fe4.webp","replace-with-official-high-resolution-packshot"
"medium","7817e069-ee8c-4781-b393-a15536de0335","Kandy Bomb Sugar Fix EDP 3.4 oz","/product-images/catalog-v2/7817e069-ee8c-4781-b393-a15536de0335.webp","replace-with-official-high-resolution-packshot"
"medium","e5c882e8-bebc-43dd-abfc-503d2d3fd70e","Lancome La Vie Est Belle 3.4 EDP SP","/product-images/catalog-v2/e5c882e8-bebc-43dd-abfc-503d2d3fd70e.webp","replace-with-official-high-resolution-packshot"
"medium","a899adc3-2c3c-4111-ad7a-3870dbed961d","Lancome O D'Azur  2.5  EDT  SP","/product-images/catalog-v2/a899adc3-2c3c-4111-ad7a-3870dbed961d.webp","replace-with-official-high-resolution-packshot"
"medium","cec170ad-235f-41f5-b9d6-7bd2aa5de166","Lattafa Asdaaf Oud Thameen EDP 3.4 oz","/product-images/catalog-v2/cec170ad-235f-41f5-b9d6-7bd2aa5de166.webp","replace-with-official-high-resolution-packshot"
"medium","237a1446-9eb3-4d5b-ba91-393301095dc0","Lattafa Unisex 24 Carat Pure Gold EDP Spray 3.4 oz","/product-images/catalog-v2/237a1446-9eb3-4d5b-ba91-393301095dc0.webp","replace-with-official-high-resolution-packshot"
"medium","b181ed1f-9fa9-4b88-a50c-56a85c1cc6fb","Lattafa Unisex Velvet Oud EDP Spray 3.4 oz","/product-images/catalog-v2/b181ed1f-9fa9-4b88-a50c-56a85c1cc6fb.webp","replace-with-official-high-resolution-packshot"
"medium","9fd91f0d-9080-4d37-9051-c1bef726213e","Lattafa Unisex Velvet Rose EDP Spray 3.4 oz","/product-images/catalog-v2/9fd91f0d-9080-4d37-9051-c1bef726213e.webp","replace-with-official-high-resolution-packshot"
"medium","8687fac9-12e9-48e9-ab76-2eb9dc8dccee","Maison Francis Kurkdjian Baccarat Rouge 540 EDP 2.4 540","/product-images/catalog-v2/8687fac9-12e9-48e9-ab76-2eb9dc8dccee.webp","replace-with-official-high-resolution-packshot"
"medium","47a0cf81-4189-4523-9709-8f723b695db2","Marc  Jacobs Daisy Dream — 3.4 oz EDT Spray","/product-images/catalog-v2/47a0cf81-4189-4523-9709-8f723b695db2.webp","replace-with-official-high-resolution-packshot"
"medium","2609f579-fb84-43ad-bee1-949be8e18b78","Marc Jacobs Dot 1.7 EDP Spray","/product-images/catalog-v2/2609f579-fb84-43ad-bee1-949be8e18b78.webp","replace-with-official-high-resolution-packshot"
"medium","4f75c267-5161-412f-9809-896a268197c5","Michael Kors Wonderlust / EDP Spray 1.7 oz (50 ml)","/product-images/catalog-v2/4f75c267-5161-412f-9809-896a268197c5.webp","replace-with-official-high-resolution-packshot"
"medium","b76a4c58-ef3d-4798-914f-ef1e9ae6774e","Michael Kors Wonderlust 1.7 EDP SP","/product-images/catalog-v2/b76a4c58-ef3d-4798-914f-ef1e9ae6774e.webp","replace-with-official-high-resolution-packshot"
"medium","0f66252f-9f80-43b9-bdc5-3b350c6ceb79","Miu Miu Miuccia Prada EDP SP 3.4 oz","/product-images/catalog-v2/0f66252f-9f80-43b9-bdc5-3b350c6ceb79.webp","replace-with-official-high-resolution-packshot"
"medium","5efc17b3-a733-4c9c-9892-b848583ee508","Mont Blanc Legend Intense Men 3.4 EDT SP","/product-images/catalog-v2/5efc17b3-a733-4c9c-9892-b848583ee508.webp","replace-with-official-high-resolution-packshot"
"medium","e4763c2a-c60f-41bb-9733-10d22f27228d","Mont Blanc Presence Men 2.5 EDT SP","/product-images/catalog-v2/e4763c2a-c60f-41bb-9733-10d22f27228d.webp","replace-with-official-high-resolution-packshot"
"medium","8d1ba7c8-6e09-4114-ac44-4aa9129faf92","Narciso Rodriguez Neroli Ambree 1.7 EDT","/product-images/catalog-v2/8d1ba7c8-6e09-4114-ac44-4aa9129faf92.webp","replace-with-official-high-resolution-packshot"
"medium","cf1f89d3-1e3b-4971-a36f-cfc4f5691bed","Narciso Rodriguez Nr Bleu Noir Extreme EDT SP 3.3","/product-images/catalog-v2/cf1f89d3-1e3b-4971-a36f-cfc4f5691bed.webp","replace-with-official-high-resolution-packshot"
"medium","702eef2d-43d4-43a0-8957-08d9cb3d53d2","Paco Rabanne 1 Million Parfum Spray 1.7 EDP","/product-images/catalog-v2/702eef2d-43d4-43a0-8957-08d9cb3d53d2.webp","replace-with-official-high-resolution-packshot"
"medium","68f77016-e28f-4f7e-a7fb-c6394a28cfc8","Paco Rabanne Dangerous Me EDP SP 2.1","/product-images/catalog-v2/68f77016-e28f-4f7e-a7fb-c6394a28cfc8.webp","replace-with-official-high-resolution-packshot"
"medium","ca5d6c2f-b9f8-4dc9-bbf4-9a7e9545de40","Paco Rabanne EDT Spray 3.3 oz","/product-images/catalog-v2/ca5d6c2f-b9f8-4dc9-bbf4-9a7e9545de40.webp","replace-with-official-high-resolution-packshot"
"medium","fc42124b-067b-4cfc-9029-ecec5c362528","Paco Rabanne Erotic Me 2.1 EDP SP","/product-images/catalog-v2/fc42124b-067b-4cfc-9029-ecec5c362528.webp","replace-with-official-high-resolution-packshot"
"medium","113e0713-9748-43f1-9812-3f2e00be2730","Paco Rabanne Fabulous Me 2.1 EDP SP","/product-images/catalog-v2/113e0713-9748-43f1-9812-3f2e00be2730.webp","replace-with-official-high-resolution-packshot"
"medium","e9f79b0e-15bc-4071-abfb-77af9ea5d2fc","Paco Rabanne Genius Me EDP SP 2.1","/product-images/catalog-v2/e9f79b0e-15bc-4071-abfb-77af9ea5d2fc.webp","replace-with-official-high-resolution-packshot"
"medium","4e0f8665-bc6e-45fc-991c-996d19c15300","Paco Rabanne Invictus Plantinum Gift Set","/product-images/catalog-v2/4e0f8665-bc6e-45fc-991c-996d19c15300.webp","replace-with-official-high-resolution-packshot"
"medium","1d961356-7fa9-46ec-a459-1c4267f3d09b","Paco Rabanne Invictus Platinum EDP Spray 3.4","/product-images/catalog-v2/1d961356-7fa9-46ec-a459-1c4267f3d09b.webp","replace-with-official-high-resolution-packshot"
"medium","eee522f8-96fd-4e88-933a-0e7454bf8110","Paco Rabanne Olympea  Blossom 1.7  EDP SP Florale","/product-images/catalog-v2/eee522f8-96fd-4e88-933a-0e7454bf8110.webp","replace-with-official-high-resolution-packshot"
"medium","a5f3974d-2428-4b0e-bc2d-55b8327936c3","Paco Rabanne Olympea  Solar Intense 1.7  EDP  SP","/product-images/catalog-v2/a5f3974d-2428-4b0e-bc2d-55b8327936c3.webp","replace-with-official-high-resolution-packshot"
"medium","aac5ef79-e01c-42f8-9a58-df33718ba96a","Paco Rabanne Olympea Gift Set","/product-images/catalog-v2/aac5ef79-e01c-42f8-9a58-df33718ba96a.webp","replace-with-official-high-resolution-packshot"
"medium","16bd0659-7cb3-4071-a159-462a1aabb4c9","Paco Rabanne Paco Invictus Men 3.3 EDT SP + 20 ml travel spray","/product-images/catalog-v2/16bd0659-7cb3-4071-a159-462a1aabb4c9.webp","replace-with-official-high-resolution-packshot"
"medium","510c6baa-008c-4a39-b698-4036ba512b35","Paco Rabanne Strong Me EDP SP 2.1","/product-images/catalog-v2/510c6baa-008c-4a39-b698-4036ba512b35.webp","replace-with-official-high-resolution-packshot"
"medium","f362515d-ec4f-486e-bd86-1cfc6c8ba59b","Paco Rabanne- Pure XS by for Women 1.7 oz EDP Spray","/product-images/catalog-v2/f362515d-ec4f-486e-bd86-1cfc6c8ba59b.webp","replace-with-official-high-resolution-packshot"
"medium","5153469c-81d9-4628-94cc-0dc2414e25e9","Parfums De Marly- Meliora by Parfums de Marly 2.5 oz EDP","/product-images/catalog-v2/5153469c-81d9-4628-94cc-0dc2414e25e9.webp","replace-with-official-high-resolution-packshot"
"medium","56094309-d630-4260-b33a-48d220335290","Perry Ellis 18 Fuego 3.4 oz EDT SP","/product-images/catalog-v2/56094309-d630-4260-b33a-48d220335290.webp","replace-with-official-high-resolution-packshot"
"medium","e7b586dd-aa2e-4a6b-9a75-088df1aa0c9b","Perry Ellis 18 Men 3.4 oz EDT SP","/product-images/catalog-v2/e7b586dd-aa2e-4a6b-9a75-088df1aa0c9b.webp","replace-with-official-high-resolution-packshot"
"medium","cd6117d2-8049-485b-ba77-9372f81ffd37","Perry Ellis-360 Collection by for Men 3.4 oz EDT Spray Item","/product-images/catalog-v2/cd6117d2-8049-485b-ba77-9372f81ffd37.webp","replace-with-official-high-resolution-packshot"
"medium","e3490aa7-b839-4352-85ed-98d4618eff63","Ralph Lauren Polo Black EDT SP 4.2","/product-images/catalog-v2/e3490aa7-b839-4352-85ed-98d4618eff63.webp","replace-with-official-high-resolution-packshot"
"medium","60d27e49-39fa-4ab5-aa2d-68ec530c0026","Ralph Lauren Romance EDP SP 1.7 oz","/product-images/catalog-v2/60d27e49-39fa-4ab5-aa2d-68ec530c0026.webp","replace-with-official-high-resolution-packshot"
"medium","9ae7b05a-0ddf-4161-90ea-eecb38fb7160","Ralph Lauren Romance EDP SP 3.4","/product-images/catalog-v2/9ae7b05a-0ddf-4161-90ea-eecb38fb7160.webp","replace-with-official-high-resolution-packshot"
"medium","f6500672-171d-4bc0-b121-6c07145e0d2c","Rochas Byzance 3.0 EDP SP","/product-images/catalog-v2/f6500672-171d-4bc0-b121-6c07145e0d2c.webp","replace-with-official-high-resolution-packshot"
"medium","1e39f727-679c-4a7e-b8ff-9c781077668e","Tom Ford Black Orchid 1.7 EDP SP","/product-images/catalog-v2/1e39f727-679c-4a7e-b8ff-9c781077668e.webp","replace-with-official-high-resolution-packshot"
"medium","eb43950f-1825-4a5e-a550-a1a9630568e5","Valentino Garavani Donna Born in Roma 3.4 EDP SP","/product-images/catalog-v2/eb43950f-1825-4a5e-a550-a1a9630568e5.webp","replace-with-official-high-resolution-packshot"
"medium","3a29ddac-8f82-4911-ae98-f649ad4c4d2a","Valentino Garavani Donna Born In Roma Yellow 1.7 EDP SP","/product-images/catalog-v2/3a29ddac-8f82-4911-ae98-f649ad4c4d2a.webp","replace-with-official-high-resolution-packshot"
"medium","81e089c8-534b-4fd3-9910-ab10ba223322","Valentino Garavani Uomo 5.0 EDT SP","/product-images/catalog-v2/81e089c8-534b-4fd3-9910-ab10ba223322.webp","replace-with-official-high-resolution-packshot"
"medium","a6552a20-9712-457a-81f3-239190503a31","Valentino Garavani Voce Viva Women Set 3.4","/product-images/catalog-v2/a6552a20-9712-457a-81f3-239190503a31.webp","replace-with-official-high-resolution-packshot"
"medium","fb71d0dd-f160-4fb0-86e1-ff75610cf785","Valentino Valentina 2.7 EDP SP","/product-images/catalog-v2/fb71d0dd-f160-4fb0-86e1-ff75610cf785.webp","replace-with-official-high-resolution-packshot"
"medium","784580e1-e220-4bd9-bf96-fcf5c4b1a87b","Versace Crystal Noir Set","/product-images/catalog-v2/784580e1-e220-4bd9-bf96-fcf5c4b1a87b.webp","replace-with-official-high-resolution-packshot"
"medium","c5312bd4-2b20-4690-b65b-ad34eab353a9","Versace Eros 3.4 oz EDT SP","/product-images/catalog-v2/c5312bd4-2b20-4690-b65b-ad34eab353a9.webp","replace-with-official-high-resolution-packshot"
"medium","7a49c9eb-d672-4872-b6b6-38e0a9809cfe","Versace Eros Men 1.0 oz EDT SP","/product-images/catalog-v2/7a49c9eb-d672-4872-b6b6-38e0a9809cfe.webp","replace-with-official-high-resolution-packshot"
"medium","5397ef34-8f0c-4224-8f06-1f03650a61e5","Versace Yellow Diamond 1.7 EDT","/product-images/catalog-v2/5397ef34-8f0c-4224-8f06-1f03650a61e5.webp","replace-with-official-high-resolution-packshot"
"medium","7f1f89c4-ba3b-40ac-84d9-161fe0a3a540","Viktor & Rolf Flowerbomb 3.4 oz EDP SP","/product-images/catalog-v2/7f1f89c4-ba3b-40ac-84d9-161fe0a3a540.webp","replace-with-official-high-resolution-packshot"
"medium","9759f572-adbc-4256-93d2-d90502311635","Viktor & Rolf Flowerbomb Gift Set","/product-images/catalog-v2/9759f572-adbc-4256-93d2-d90502311635.webp","replace-with-official-high-resolution-packshot"
"medium","0d5d6747-ea92-412a-9e09-dcb95794b4d2","XOXO EDP SP 3.4","/product-images/catalog-v2/0d5d6747-ea92-412a-9e09-dcb95794b4d2.webp","replace-with-official-high-resolution-packshot"
"medium","30a6f4d8-e53a-4c20-9850-a77d781c26a6","Yves Saint Laurent ""Y"" Le Parfum 3.3","/product-images/catalog-v2/30a6f4d8-e53a-4c20-9850-a77d781c26a6.webp","replace-with-official-high-resolution-packshot"
"medium","617cc267-0a22-48b6-8ca0-f80c3bcb1e32","Yves Saint Laurent ""Y"" Men 2.0 EDT SP","/product-images/catalog-v2/617cc267-0a22-48b6-8ca0-f80c3bcb1e32.webp","replace-with-official-high-resolution-packshot"
"medium","b04ff641-bbe6-441b-be06-e563574fddec","Yves Saint Laurent Black Opium Extreme Woman 3.0 EDP SP","/product-images/catalog-v2/b04ff641-bbe6-441b-be06-e563574fddec.webp","replace-with-official-high-resolution-packshot"
"medium","164e8c4c-334d-45cf-ba5e-8bbb5cf0739c","Yves Saint Laurent Black Opium Woman Le Parfum  3.0 EDP SP","/product-images/catalog-v2/164e8c4c-334d-45cf-ba5e-8bbb5cf0739c.webp","replace-with-official-high-resolution-packshot"
"medium","1885f79a-a088-41c2-99ff-76a2d9abc8dc","Yves Saint Laurent Body Kourus Men  3.3  EDT  SP","/product-images/catalog-v2/1885f79a-a088-41c2-99ff-76a2d9abc8dc.webp","replace-with-official-high-resolution-packshot"
"medium","63cddf97-1cb1-4957-8fb2-8b7bf6f56612","Yves Saint Laurent L'homme 3.4 EDT SP","/product-images/catalog-v2/63cddf97-1cb1-4957-8fb2-8b7bf6f56612.webp","replace-with-official-high-resolution-packshot"
"medium","15800de2-4272-4070-9cb7-bf47c6ae1b46","Yves Saint Laurent L'homme La Nuit 3.3 EDT SP","/product-images/catalog-v2/15800de2-4272-4070-9cb7-bf47c6ae1b46.webp","replace-with-official-high-resolution-packshot"
"medium","dc3f1d78-6731-4644-9dba-8e2a229b7dfa","Yves Saint Laurent La Nuit De L'Homme Le Parfum 3.3 SP","/product-images/catalog-v2/dc3f1d78-6731-4644-9dba-8e2a229b7dfa.webp","replace-with-official-high-resolution-packshot"
"medium","e3d5408b-d728-49fd-a3cf-37d39041c70c","Yves Saint Laurent La Nuit de LHomme EDP 2.0 oz","/product-images/catalog-v2/e3d5408b-d728-49fd-a3cf-37d39041c70c.webp","replace-with-official-high-resolution-packshot"
"low","7ee5e1c6-424a-4768-b2a3-cdd513a01351","Abercrombie & Fitch Naturally Fierce Woman 3.5 EDP SP","/product-images/catalog-v2/7ee5e1c6-424a-4768-b2a3-cdd513a01351.webp","replace-with-official-high-resolution-packshot|manual-source-rights-and-watermark-check"
"low","424ea6e5-934f-479f-8445-888d1ce4c9e3","Afnan Perfumes Rare Carbon EDP 3.40z","/product-images/catalog-v2/424ea6e5-934f-479f-8445-888d1ce4c9e3.webp","replace-with-official-high-resolution-packshot|manual-source-rights-and-watermark-check"
"low","b6e45592-7537-4020-9826-fdb294860e5e","Afnan Supremacy Noir EDP 3.4 oz","/product-images/catalog-v2/b6e45592-7537-4020-9826-fdb294860e5e.webp","replace-with-official-high-resolution-packshot|manual-source-rights-and-watermark-check"
"low","43f6dd9d-03c3-4a6d-8348-ac3a7ee165ff","Al Haramain 50 Years Rose Oud EDP SP 3.4oz","/product-images/catalog-v2/43f6dd9d-03c3-4a6d-8348-ac3a7ee165ff.webp","replace-with-official-high-resolution-packshot|manual-source-rights-and-watermark-check"
"low","83e5d096-93ae-494e-924c-a5db8ce77092","Al Haramain Azlan Oud Amber Extrait De Parfum 3.3oz","/product-images/catalog-v2/83e5d096-93ae-494e-924c-a5db8ce77092.webp","replace-with-official-high-resolution-packshot|manual-source-rights-and-watermark-check"
"low","9ee2e0c3-a77e-4f13-9d8f-cb3c1025f436","Al Haramain Azlan Oud Bleu Extrait De Parfum 3.33 oz","/product-images/catalog-v2/9ee2e0c3-a77e-4f13-9d8f-cb3c1025f436.webp","replace-with-official-high-resolution-packshot|manual-source-rights-and-watermark-check"
"low","fff82c93-a884-4886-9d5c-674e652f2342","Al Haramain Azlan Oud Charcoal Extrait De Parfum SP 3.33oz","/product-images/catalog-v2/fff82c93-a884-4886-9d5c-674e652f2342.webp","replace-with-official-high-resolution-packshot|manual-source-rights-and-watermark-check"
"low","8d6a2938-f2a7-427c-8d6f-904e6f6e678e","Al Haramain Azure French Collection EDP SP 3.4oz","/product-images/catalog-v2/8d6a2938-f2a7-427c-8d6f-904e6f6e678e.webp","replace-with-official-high-resolution-packshot|manual-source-rights-and-watermark-check"
"low","77137877-6659-4319-94d9-e83a464be81b","Al Haramain Destino French Collection EDP 3.4oz","/product-images/catalog-v2/77137877-6659-4319-94d9-e83a464be81b.webp","replace-with-official-high-resolution-packshot|manual-source-rights-and-watermark-check"
"low","1d4c6c56-d461-4dc4-829b-0914576b30a3","Al Haramain L'Aventure Femme 3.4 oz EDP SP","/product-images/catalog-v2/1d4c6c56-d461-4dc4-829b-0914576b30a3.webp","replace-with-official-high-resolution-packshot|manual-source-rights-and-watermark-check"
"low","32a848b0-b30d-4f0b-b5fc-ae7387218a6b","Al Haramain Portfolio Cupid's Rose EDP SP 2.5oz","/product-images/catalog-v2/32a848b0-b30d-4f0b-b5fc-ae7387218a6b.webp","replace-with-official-high-resolution-packshot|manual-source-rights-and-watermark-check"
"low","cfc4c857-1ac0-4e23-8362-549474972db6","Al Haramain Portfolio Euphoric Roots EDP SP 2.5oz","/product-images/catalog-v2/cfc4c857-1ac0-4e23-8362-549474972db6.webp","replace-with-official-high-resolution-packshot|manual-source-rights-and-watermark-check"
"low","60943ad1-395b-4482-9fcb-34c55582684e","Al Haramain Portfolio Floral Sculpture EDP SP 2.5oz","/product-images/catalog-v2/60943ad1-395b-4482-9fcb-34c55582684e.webp","replace-with-official-high-resolution-packshot|manual-source-rights-and-watermark-check"
"low","7c9c90ac-82e9-48a6-9451-c8e44bf22d3c","Al Haramain Portfolio Neroli Canvas EDP SP 2.5oz","/product-images/catalog-v2/7c9c90ac-82e9-48a6-9451-c8e44bf22d3c.webp","replace-with-official-high-resolution-packshot|manual-source-rights-and-watermark-check"
"low","a87d8daf-4a27-4d47-91bc-3882d40c8057","Al Haramain Portfolio Portrait Sandal EDP SP 2.5oz","/product-images/catalog-v2/a87d8daf-4a27-4d47-91bc-3882d40c8057.webp","replace-with-official-high-resolution-packshot|manual-source-rights-and-watermark-check"
"low","645c039f-0050-4d2e-9539-e47b79090f01","Alfred Dunhill Dunhill Desire Red 3.3 EDT SP","/product-images/catalog-v2/645c039f-0050-4d2e-9539-e47b79090f01.webp","replace-with-official-high-resolution-packshot|manual-source-rights-and-watermark-check"
"low","cd2b3d25-fcbb-4ea7-b5af-f6dd833a44e5","Antonio Banderas Black Seduction 6.8 oz EDT SP","/product-images/catalog-v2/cd2b3d25-fcbb-4ea7-b5af-f6dd833a44e5.webp","replace-with-official-high-resolution-packshot|manual-source-rights-and-watermark-check"
"low","626faba7-855b-4677-baec-c9850bb89367","Antonio Banderas King of Seduction 3.4 oz EDP SP","/product-images/catalog-v2/626faba7-855b-4677-baec-c9850bb89367.webp","replace-with-official-high-resolution-packshot|manual-source-rights-and-watermark-check"
"low","e1cd30b8-ffb9-4ff4-ac7a-701359e0bdf5","Antonio Banderas King of Seduction Absolute 3.4oz EDT SP","/product-images/catalog-v2/e1cd30b8-ffb9-4ff4-ac7a-701359e0bdf5.webp","replace-with-official-high-resolution-packshot|manual-source-rights-and-watermark-check"
"low","6de78484-038c-4f08-9ead-460da0c30d8c","Antonio Banderas Seduction in Black 3.4 oz EDT SP","/product-images/catalog-v2/6de78484-038c-4f08-9ead-460da0c30d8c.webp","replace-with-official-high-resolution-packshot|manual-source-rights-and-watermark-check"
"low","815e1868-4434-443f-9ad6-5647818f541b","Antorio Banderas Power of Seduction 6.8 oz EDP SP","/product-images/catalog-v2/815e1868-4434-443f-9ad6-5647818f541b.webp","replace-with-official-high-resolution-packshot|manual-source-rights-and-watermark-check"
"low","dafe9d95-4907-4e72-886c-c8f4a41eb031","Ariana Grande Cloud 1.7oz EDP SP","/product-images/catalog-v2/dafe9d95-4907-4e72-886c-c8f4a41eb031.webp","replace-with-official-high-resolution-packshot|manual-source-rights-and-watermark-check"
"low","93bc8826-3697-4cb0-a2e3-2e6c0d149ea8","Ariana Grande Cloud 2.0 Intense EDP SP 3.4","/product-images/catalog-v2/93bc8826-3697-4cb0-a2e3-2e6c0d149ea8.webp","replace-with-official-high-resolution-packshot|manual-source-rights-and-watermark-check"
"low","ef7663cc-b337-4fc0-8381-558afb46d4ba","Ariana Grande Moonlight 1.0 oz EDP SP","/product-images/catalog-v2/ef7663cc-b337-4fc0-8381-558afb46d4ba.webp","replace-with-official-high-resolution-packshot|manual-source-rights-and-watermark-check"
"low","976b0e36-85a0-4b7c-8974-b91b0ae98a9e","Ariana Grande Moonlight Body Mist 8.0 SP","/product-images/catalog-v2/976b0e36-85a0-4b7c-8974-b91b0ae98a9e.webp","replace-with-official-high-resolution-packshot|manual-source-rights-and-watermark-check"
"low","3e553169-941d-4469-83aa-50d8c319f588","Ariana Grande Sweet Like Candy Body Mist 8.0 SP","/product-images/catalog-v2/3e553169-941d-4469-83aa-50d8c319f588.webp","replace-with-official-high-resolution-packshot|manual-source-rights-and-watermark-check"
"low","8fb5f8f3-aa6b-4dc4-bc02-8cdde6f0ede6","Ariana Grande Thank U Next Woman","/product-images/catalog-v2/8fb5f8f3-aa6b-4dc4-bc02-8cdde6f0ede6.webp","replace-with-official-high-resolution-packshot|manual-source-rights-and-watermark-check"
"low","1e6f0558-3316-4180-ae50-9abd159a2b6f","Ariana Grande Thank You Next 2.0 Body Mist 8.0 SP","/product-images/catalog-v2/1e6f0558-3316-4180-ae50-9abd159a2b6f.webp","replace-with-official-high-resolution-packshot|manual-source-rights-and-watermark-check"
"low","0ac035c7-1445-4c3a-a081-b3d9b1acff89","Ariana Grande Thank You Next Body Mist 8.0 SP","/product-images/catalog-v2/0ac035c7-1445-4c3a-a081-b3d9b1acff89.webp","replace-with-official-high-resolution-packshot|manual-source-rights-and-watermark-check"
"low","aa817597-09d0-4f05-ae3a-373048a0478e","Armad Odyssey Aoud 2.0 EDP SP","/product-images/catalog-v2/aa817597-09d0-4f05-ae3a-373048a0478e.webp","replace-with-official-high-resolution-packshot|manual-source-rights-and-watermark-check"
"low","94f28ffe-797d-4aea-b6d8-fc6e60bff89f","Armaf Delights Yum Yum 3.3","/product-images/catalog-v2/94f28ffe-797d-4aea-b6d8-fc6e60bff89f.webp","replace-with-official-high-resolution-packshot|manual-source-rights-and-watermark-check"
"low","187a127f-df61-4cee-bbb3-6d61fc0926b5","Armaf Ego Tigre 3.38 oz EDP SP","/product-images/catalog-v2/187a127f-df61-4cee-bbb3-6d61fc0926b5.webp","replace-with-official-high-resolution-packshot|manual-source-rights-and-watermark-check"
"low","615b9174-c4c1-4e23-be5b-1d6a8cde58fb","Armaf Ladies Club De Nuit Intense EDP Spray 3.6 oz","/product-images/catalog-v2/615b9174-c4c1-4e23-be5b-1d6a8cde58fb.webp","replace-with-official-high-resolution-packshot|manual-source-rights-and-watermark-check"
"low","d4d812bb-6c8b-4c37-9f45-06b58f24fc55","Armaf Miss Grandeur Woman 3.4 oz EDP","/product-images/catalog-v2/d4d812bb-6c8b-4c37-9f45-06b58f24fc55.webp","replace-with-official-high-resolution-packshot|manual-source-rights-and-watermark-check"
"low","695c8328-4ee6-49bc-bf83-e8361edda92a","Armaf Odyssey Black Forest — EDP SP 3.4oz","/product-images/catalog-v2/695c8328-4ee6-49bc-bf83-e8361edda92a.webp","replace-with-official-high-resolution-packshot|manual-source-rights-and-watermark-check"
"low","84315e7e-1bd1-4c3c-a13c-8d0d2012e74d","Armaf Odyssey Candee EDP SP 3.4oz","/product-images/catalog-v2/84315e7e-1bd1-4c3c-a13c-8d0d2012e74d.webp","replace-with-official-high-resolution-packshot|manual-source-rights-and-watermark-check"
"low","17c49e03-6bc7-4de6-a6d6-f1ba953ee741","Armaf Odyssey Eau De Montage 3.4 EDP SP","/product-images/catalog-v2/17c49e03-6bc7-4de6-a6d6-f1ba953ee741.webp","replace-with-official-high-resolution-packshot|manual-source-rights-and-watermark-check"
"low","1e4a4fb1-248e-434c-90e4-7e2a203ad5c9","Armaf Odyssey Homme White Edition 3.4 oz EDP SP","/product-images/catalog-v2/1e4a4fb1-248e-434c-90e4-7e2a203ad5c9.webp","replace-with-official-high-resolution-packshot|manual-source-rights-and-watermark-check"
"low","cf1b415a-af98-4e00-88e1-0083f70ed6ee","Armaf Odyssey Limon 3.30z EDP SP","/product-images/catalog-v2/cf1b415a-af98-4e00-88e1-0083f70ed6ee.webp","replace-with-official-high-resolution-packshot|manual-source-rights-and-watermark-check"
"low","da0e06b6-02c4-4060-bc5b-240d5b469764","Armaf Odyssey Marshmallow 3.4 EDP SP","/product-images/catalog-v2/da0e06b6-02c4-4060-bc5b-240d5b469764.webp","replace-with-official-high-resolution-packshot|manual-source-rights-and-watermark-check"
"low","30a51ec8-3eb6-440f-8cde-ec0e5f98e1f5","Armaf Odyssey Mega Men 3.4 EDP SP","/product-images/catalog-v2/30a51ec8-3eb6-440f-8cde-ec0e5f98e1f5.webp","replace-with-official-high-resolution-packshot|manual-source-rights-and-watermark-check"
"low","50500a74-520e-4309-8d43-a490b693e7a4","Armaf Odyssey Revolution 3.4oz EDP","/product-images/catalog-v2/50500a74-520e-4309-8d43-a490b693e7a4.webp","replace-with-official-high-resolution-packshot|manual-source-rights-and-watermark-check"
"low","d6b4a411-ac47-45e4-a11c-335164ecdd93","Armaf Odyssey Spectra Rainbow Edition 3.40z EDP SP","/product-images/catalog-v2/d6b4a411-ac47-45e4-a11c-335164ecdd93.webp","replace-with-official-high-resolution-packshot|manual-source-rights-and-watermark-check"
"low","774ce45e-9dc9-446d-8809-ec6ca002f8e4","Armaf Odyssey Toffee Coffee EDP SP 3.4oz","/product-images/catalog-v2/774ce45e-9dc9-446d-8809-ec6ca002f8e4.webp","replace-with-official-high-resolution-packshot|manual-source-rights-and-watermark-check"
"low","bef2dd76-272f-4b67-b7a2-e167605603cd","Armaf Odyssey Tyrant EDP SP 3.4oz","/product-images/catalog-v2/bef2dd76-272f-4b67-b7a2-e167605603cd.webp","replace-with-official-high-resolution-packshot|manual-source-rights-and-watermark-check"
"low","94eddfc5-aeb0-4364-a6e6-c0d9978c2a16","Armaf Odyssey Tyrant Special Edition EDP SP 2.02 oz","/product-images/catalog-v2/94eddfc5-aeb0-4364-a6e6-c0d9978c2a16.webp","replace-with-official-high-resolution-packshot|manual-source-rights-and-watermark-check"
"low","b8237d24-67b1-4109-81d9-90c647c7eb84","Armaf The Pride Rose Oud EDP SP 3.4oz","/product-images/catalog-v2/b8237d24-67b1-4109-81d9-90c647c7eb84.webp","replace-with-official-high-resolution-packshot|manual-source-rights-and-watermark-check"
"low","29d81d59-f5f9-4a07-bdb0-7656b88bb6a4","Armaf Venetian Gold 3.4 EDP SP","/product-images/catalog-v2/29d81d59-f5f9-4a07-bdb0-7656b88bb6a4.webp","replace-with-official-high-resolution-packshot|manual-source-rights-and-watermark-check"
"low","a6c0f8bc-c4f2-4b97-81aa-73b0eaa37ba8","Asdaaf Ladies Ameerat Al Arab Prive Rose EDP Spray 3.4 oz","/product-images/catalog-v2/a6c0f8bc-c4f2-4b97-81aa-73b0eaa37ba8.webp","replace-with-official-high-resolution-packshot|manual-source-rights-and-watermark-check"
"low","b73a669b-42f2-43af-8a4d-3d8ebe90a73d","Atkinsons Oud Save The Queen EDP SP 3.4oz","/product-images/catalog-v2/b73a669b-42f2-43af-8a4d-3d8ebe90a73d.webp","replace-with-official-high-resolution-packshot|manual-source-rights-and-watermark-check"
"low","813e6548-d42b-42c2-8f6c-9777b982a3ae","Aurum Privée Edit Al Haramain- Amber Oud Gold EDP Spray 3.4 oz","/product-images/catalog-v2/813e6548-d42b-42c2-8f6c-9777b982a3ae.webp","replace-with-official-high-resolution-packshot|manual-source-rights-and-watermark-check"
"low","137ab1c0-e797-41c5-a970-4f0c6d5d6ecf","Aurum Privée Edit Al Haramain- Amber Oud Ruby 4.0 EDP","/product-images/catalog-v2/137ab1c0-e797-41c5-a970-4f0c6d5d6ecf.webp","replace-with-official-high-resolution-packshot|manual-source-rights-and-watermark-check"
"low","0b9828e6-36e7-4e3c-8dc6-e7c7a8652fe7","Aurum Privée Edit Arianna Grande- Ladies Thank You Next EDP Spray 3.4 oz","/product-images/catalog-v2/0b9828e6-36e7-4e3c-8dc6-e7c7a8652fe7.webp","replace-with-official-high-resolution-packshot|manual-source-rights-and-watermark-check"
"low","669422a8-1ee6-4ba2-aeb2-5d5c3d097342","Aurum Privée Edit Azzaro- Wanted EDT 3.4","/product-images/catalog-v2/669422a8-1ee6-4ba2-aeb2-5d5c3d097342.webp","replace-with-official-high-resolution-packshot|manual-source-rights-and-watermark-check"
"low","b24b5fb9-e0e4-4516-849a-dc68d352eb5e","Aurum Privée Edit Azzaro- Wanted Tonic EDT 1.7","/product-images/catalog-v2/b24b5fb9-e0e4-4516-849a-dc68d352eb5e.webp","replace-with-official-high-resolution-packshot|manual-source-rights-and-watermark-check"
"low","b7fe0781-d2f9-4fae-b532-8312825af61a","Aurum Privée Edit Burberry- Weekend EDP 1.0","/product-images/catalog-v2/b7fe0781-d2f9-4fae-b532-8312825af61a.webp","replace-with-official-high-resolution-packshot|manual-source-rights-and-watermark-check"
"low","d102a730-c7fd-4a4a-bf74-2e11fb5b0f72","Aurum Privée Edit Burberry- Weekend EDP 3.3","/product-images/catalog-v2/d102a730-c7fd-4a4a-bf74-2e11fb5b0f72.webp","replace-with-official-high-resolution-packshot|manual-source-rights-and-watermark-check"
"low","3a4e4d6f-4733-410d-8730-9d5d6567f3b4","Aurum Privée Edit Burberry- Weekend EDT Spray 1.0","/product-images/catalog-v2/3a4e4d6f-4733-410d-8730-9d5d6567f3b4.webp","replace-with-official-high-resolution-packshot|manual-source-rights-and-watermark-check"
"low","642f24e0-7940-4860-a64f-ef25467d8dec","Aurum Privée Edit Bvlgari Men's Wood Neroli EDP Spray 2 oz","/product-images/catalog-v2/642f24e0-7940-4860-a64f-ef25467d8dec.webp","replace-with-official-high-resolution-packshot|manual-source-rights-and-watermark-check"
"low","07e6bc4f-8e99-4724-bdc7-6838842ede31","Aurum Privée Edit Bvlgari- Man Terrae Essence EDP 2.0","/product-images/catalog-v2/07e6bc4f-8e99-4724-bdc7-6838842ede31.webp","replace-with-official-high-resolution-packshot|manual-source-rights-and-watermark-check"
"low","e139d8b2-ff9d-4421-aaa1-430bc9aae06f","Aurum Privée Edit Carolina Herrera-Men's Bad Boy Cobalt EDP 3.4 oz","/product-images/catalog-v2/e139d8b2-ff9d-4421-aaa1-430bc9aae06f.webp","replace-with-official-high-resolution-packshot|manual-source-rights-and-watermark-check"
"low","934856c1-f460-4ec6-b3dd-82a6e163b24b","Aurum Privée Edit Chloe by Chloe 2.5 oz EDP SP","/product-images/catalog-v2/934856c1-f460-4ec6-b3dd-82a6e163b24b.webp","replace-with-official-high-resolution-packshot|manual-source-rights-and-watermark-check"
"low","e2558579-8cb9-4907-a680-200791ec3cde","Aurum Privée Edit Chloe Rose Naturelle 3.4 oz EDP SP","/product-images/catalog-v2/e2558579-8cb9-4907-a680-200791ec3cde.webp","replace-with-official-high-resolution-packshot|manual-source-rights-and-watermark-check"
"low","8b2ada1c-85cb-4a58-9b04-d479baf4dd16","Aurum Privée Edit Christian Dior- Jadore EDP 3.4","/product-images/catalog-v2/8b2ada1c-85cb-4a58-9b04-d479baf4dd16.webp","replace-with-official-high-resolution-packshot|manual-source-rights-and-watermark-check"
"low","e12c2818-ae94-4f57-9b86-7f2e0f6b2375","Aurum Privée Edit Coach- New York EDP 3.0","/product-images/catalog-v2/e12c2818-ae94-4f57-9b86-7f2e0f6b2375.webp","replace-with-official-high-resolution-packshot|manual-source-rights-and-watermark-check"
"low","c3a70ce1-5b01-4fff-b43d-cabdab001981","Aurum Privée Edit Coach- New York Men 3.3 oz","/product-images/catalog-v2/c3a70ce1-5b01-4fff-b43d-cabdab001981.webp","replace-with-official-high-resolution-packshot|manual-source-rights-and-watermark-check"
"low","23d10190-c381-4f11-a23e-3da40fc53756","Aurum Privée Edit Dior- Forever and Dior Woman 3.4 EDT SP​","/product-images/catalog-v2/23d10190-c381-4f11-a23e-3da40fc53756.webp","replace-with-official-high-resolution-packshot|manual-source-rights-and-watermark-check"
"low","5ddbfde2-0d6f-496c-a333-1a90ab48cefd","Aurum Privée Edit Dolce & Gabbana- The One 75ml","/product-images/catalog-v2/5ddbfde2-0d6f-496c-a333-1a90ab48cefd.webp","replace-with-official-high-resolution-packshot|manual-source-rights-and-watermark-check"
"low","f34101dc-2e31-45f8-9264-1526b6e0bd5d","Aurum Privée Edit Ferrari- Red Power Ice 3 2.5 oz EDT","/product-images/catalog-v2/f34101dc-2e31-45f8-9264-1526b6e0bd5d.webp","replace-with-official-high-resolution-packshot|manual-source-rights-and-watermark-check"
"low","b02a5174-6c29-4220-a3ed-8b39fd238c1d","Aurum Privée Edit Giorgio Armani- Acqua Di Gio EDT 3.3","/product-images/catalog-v2/b02a5174-6c29-4220-a3ed-8b39fd238c1d.webp","replace-with-official-high-resolution-packshot|manual-source-rights-and-watermark-check"
"low","3f7c4865-bc0a-469d-a53a-3649c2e0b9a5","Aurum Privée Edit Giorgio Armani- Acqua Di Gioia EDP Spray 3.4","/product-images/catalog-v2/3f7c4865-bc0a-469d-a53a-3649c2e0b9a5.webp","replace-with-official-high-resolution-packshot|manual-source-rights-and-watermark-check"
"low","9ea3f098-b5ec-42ca-8ddf-22fcc841298e","Aurum Privée Edit Givenchy Pour Homme Blue Label 3.3 oz EDT SP","/product-images/catalog-v2/9ea3f098-b5ec-42ca-8ddf-22fcc841298e.webp","replace-with-official-high-resolution-packshot|manual-source-rights-and-watermark-check"
"low","f4590847-ba52-4403-8ed6-65d7de0f8fcd","Aurum Privée Edit Guess Girl 3.4 oz EDT SP","/product-images/catalog-v2/f4590847-ba52-4403-8ed6-65d7de0f8fcd.webp","replace-with-official-high-resolution-packshot|manual-source-rights-and-watermark-check"
"low","6c779dfe-c489-4d07-89f9-10dbb359b6da","Aurum Privée Edit Hollister Canyon Escape EDT sp 3.4oz","/product-images/catalog-v2/6c779dfe-c489-4d07-89f9-10dbb359b6da.webp","replace-with-official-high-resolution-packshot|manual-source-rights-and-watermark-check"
"low","e7326e39-852a-4707-bf71-e2f698669f28","Aurum Privée Edit Jimmy Choo -Leau EDT 3.0","/product-images/catalog-v2/e7326e39-852a-4707-bf71-e2f698669f28.webp","replace-with-official-high-resolution-packshot|manual-source-rights-and-watermark-check"
"low","353b3f1c-242c-4cea-8166-bb7357616e61","Aurum Privée Edit Jimmy Choo Flash EDP sp 3.3oz","/product-images/catalog-v2/353b3f1c-242c-4cea-8166-bb7357616e61.webp","replace-with-official-high-resolution-packshot|manual-source-rights-and-watermark-check"
"low","76d14bb8-25ea-4203-8918-6fe5d59db392","Aurum Privée Edit Jimmy Choo- Man Ice 3.3 oz EDT","/product-images/catalog-v2/76d14bb8-25ea-4203-8918-6fe5d59db392.webp","replace-with-official-high-resolution-packshot|manual-source-rights-and-watermark-check"
"low","4532e3d2-8470-4f9f-8e10-b530ab0030e6","Aurum Privée Edit Lattafa Al Dur Al Maknoon Silver 3.4 EDP","/product-images/catalog-v2/4532e3d2-8470-4f9f-8e10-b530ab0030e6.webp","replace-with-official-high-resolution-packshot|manual-source-rights-and-watermark-check"
"low","61dd6dd8-42ac-4976-9d55-3832b0c3762f","Aurum Privée Edit Lattafa Ameerat Al Arab Asdaaf 3.3 EDP SP","/product-images/catalog-v2/61dd6dd8-42ac-4976-9d55-3832b0c3762f.webp","replace-with-official-high-resolution-packshot|manual-source-rights-and-watermark-check"
"low","2b4afebe-f1d6-4044-91c7-fdf72774d3f7","Aurum Privée Edit Lattafa Pride Awaan EDP SP 3.4 oz","/product-images/catalog-v2/2b4afebe-f1d6-4044-91c7-fdf72774d3f7.webp","replace-with-official-high-resolution-packshot|manual-source-rights-and-watermark-check"
"low","1171b606-5962-47dd-95e1-bab7ae087d6f","Aurum Privée Edit Liz Claiborne Curve Chill 4.2 EDP","/product-images/catalog-v2/1171b606-5962-47dd-95e1-bab7ae087d6f.webp","replace-with-official-high-resolution-packshot|manual-source-rights-and-watermark-check"
"low","131cc77f-bc92-4f18-8056-cdc5dd2f9c70","Aurum Privée Edit Mademoiselle Debutante Intense Spray 3.4oz","/product-images/catalog-v2/131cc77f-bc92-4f18-8056-cdc5dd2f9c70.webp","replace-with-official-high-resolution-packshot|manual-source-rights-and-watermark-check"
"low","fe8e480e-5255-414e-ae77-2048c0216865","Aurum Privée Edit Mademoiselle In Bloom EDP Spray 3.4  EDP SP","/product-images/catalog-v2/fe8e480e-5255-414e-ae77-2048c0216865.webp","replace-with-official-high-resolution-packshot|manual-source-rights-and-watermark-check"
"low","93463625-29ac-4eea-ac01-baf9be877308","Aurum Privée Edit Maison Alhambra Philos Roosso EDP SP 3.4oz","/product-images/catalog-v2/93463625-29ac-4eea-ac01-baf9be877308.webp","replace-with-official-high-resolution-packshot|manual-source-rights-and-watermark-check"
"low","fcb0948b-76eb-4899-8365-76e6ebe9e63c","Aurum Privée Edit Mont Blanc Explorer / Mont Blanc EDP Spray 3.3 oz","/product-images/catalog-v2/fcb0948b-76eb-4899-8365-76e6ebe9e63c.webp","replace-with-official-high-resolution-packshot|manual-source-rights-and-watermark-check"
"low","aacaf8d4-7f43-40a6-9b67-f865376ff817","Aurum Privée Edit Narciso Rodriguez For Her EDP 1.6","/product-images/catalog-v2/aacaf8d4-7f43-40a6-9b67-f865376ff817.webp","replace-with-official-high-resolution-packshot|manual-source-rights-and-watermark-check"
"low","f25bd7c2-cb37-42b6-98fe-c8e1bc4c1c3e","Aurum Privée Edit Paco Black XS EDT sp 3.4oz","/product-images/catalog-v2/f25bd7c2-cb37-42b6-98fe-c8e1bc4c1c3e.webp","replace-with-official-high-resolution-packshot|manual-source-rights-and-watermark-check"
"low","d4465743-f869-487b-bd6d-00e17fd891d0","Aurum Privée Edit Paco Invictus Aqua Men 3.4 EDT SP","/product-images/catalog-v2/d4465743-f869-487b-bd6d-00e17fd891d0.webp","replace-with-official-high-resolution-packshot|manual-source-rights-and-watermark-check"
"low","1c267566-e8f3-4994-98a6-bf59b72ee86e","Aurum Privée Edit Paco Rabanne Men's Invictus Victory EDP Spray 3.4 oz","/product-images/catalog-v2/1c267566-e8f3-4994-98a6-bf59b72ee86e.webp","replace-with-official-high-resolution-packshot|manual-source-rights-and-watermark-check"
"low","cf8ec8aa-29a3-41c3-a9ae-efaec948732a","Aurum Privée Edit Paris Hilton","/product-images/catalog-v2/cf8ec8aa-29a3-41c3-a9ae-efaec948732a.webp","replace-with-official-high-resolution-packshot|manual-source-rights-and-watermark-check"
"low","43e07d3f-08f1-4532-b5c5-c6e29d60d4b5","Azzaro The Most Wanted Intense 3.4oz EDP SP","/product-images/catalog-v2/43e07d3f-08f1-4532-b5c5-c6e29d60d4b5.webp","replace-with-official-high-resolution-packshot|manual-source-rights-and-watermark-check"
"low","d92262d1-05ae-4338-b8bb-832d0e58730c","Billie Eilish Your Turn EDP SP 3.4oz","/product-images/catalog-v2/d92262d1-05ae-4338-b8bb-832d0e58730c.webp","replace-with-official-high-resolution-packshot|manual-source-rights-and-watermark-check"
"low","e2efdc63-0243-4387-aeff-afac8e3302e7","Burberry Her EDP Intense SP 3.30z","/product-images/catalog-v2/e2efdc63-0243-4387-aeff-afac8e3302e7.webp","replace-with-official-high-resolution-packshot|manual-source-rights-and-watermark-check"
"low","472761c0-6b01-44de-84f1-e6bd202792dc","Burberry Her Elixir  1.7 EDP SP","/product-images/catalog-v2/472761c0-6b01-44de-84f1-e6bd202792dc.webp","replace-with-official-high-resolution-packshot|manual-source-rights-and-watermark-check"
"low","c906bec4-604d-4c08-a65a-c45c6d05b715","Bvlgari Omnia Coral 3.4 EDT SP","/product-images/catalog-v2/c906bec4-604d-4c08-a65a-c45c6d05b715.webp","replace-with-official-high-resolution-packshot|manual-source-rights-and-watermark-check"
"low","28d8a3be-8d80-4ca3-81e5-5d99dd7754bc","Cacharel Amor Amor 3.3oz EDT SP","/product-images/catalog-v2/28d8a3be-8d80-4ca3-81e5-5d99dd7754bc.webp","replace-with-official-high-resolution-packshot|manual-source-rights-and-watermark-check"
"low","9e1a4cdb-73fd-443e-bb11-4b3449bacc65","Carolina Herrera 212  VIP Rose 2.7  EDP","/product-images/catalog-v2/9e1a4cdb-73fd-443e-bb11-4b3449bacc65.webp","replace-with-official-high-resolution-packshot|manual-source-rights-and-watermark-check"
"low","8ae943d1-7fec-4774-be1d-faee47da1954","Carolina Herrera 212 Heroes Forever  EDP SP 2.7 oz","/product-images/catalog-v2/8ae943d1-7fec-4774-be1d-faee47da1954.webp","replace-with-official-high-resolution-packshot|manual-source-rights-and-watermark-check"
"low","94c27369-d313-410f-935a-cb46e8342a75","Carolina Herrera 212 VIP Rose 2.7 oz EDP SP","/product-images/catalog-v2/94c27369-d313-410f-935a-cb46e8342a75.webp","replace-with-official-high-resolution-packshot|manual-source-rights-and-watermark-check"
"low","60c8c2c6-036e-483b-99d9-93157b3e5787","Carolina Herrera Bad Boy 3.4 EDT SP","/product-images/catalog-v2/60c8c2c6-036e-483b-99d9-93157b3e5787.webp","replace-with-official-high-resolution-packshot|manual-source-rights-and-watermark-check"
"low","441b2390-5811-4cb8-a238-b396e7d96601","Carolina Herrera Bad Boy Gold Fantasy 3.4 EDT SP","/product-images/catalog-v2/441b2390-5811-4cb8-a238-b396e7d96601.webp","replace-with-official-high-resolution-packshot|manual-source-rights-and-watermark-check"
"low","234fd148-2851-4307-a9cc-1c65ea49ae09","Carolina Herrera Good Girl Blush 1.7 oz EDP SP","/product-images/catalog-v2/234fd148-2851-4307-a9cc-1c65ea49ae09.webp","replace-with-official-high-resolution-packshot|manual-source-rights-and-watermark-check"
"low","4f5c71f9-b87e-4cf7-a4ac-d9d01d9f0c8f","Carolina Herrera Good Girl EDP 2.7oz","/product-images/catalog-v2/4f5c71f9-b87e-4cf7-a4ac-d9d01d9f0c8f.webp","replace-with-official-high-resolution-packshot|manual-source-rights-and-watermark-check"
"low","0f03541f-5699-414a-92ff-eedd2283b18c","Carolina Herrera Good Girl Legere 2.7oz EDP SP","/product-images/catalog-v2/0f03541f-5699-414a-92ff-eedd2283b18c.webp","replace-with-official-high-resolution-packshot|manual-source-rights-and-watermark-check"
"low","8a1eba4e-c8d9-43de-9f55-aadc5d6ad39d","Carolina Herrera La Bomba EDP SP 2.7 oz","/product-images/catalog-v2/8a1eba4e-c8d9-43de-9f55-aadc5d6ad39d.webp","replace-with-official-high-resolution-packshot|manual-source-rights-and-watermark-check"
"low","dac7a903-71ac-4325-af48-a4898837b261","Carolina Herrera Very Good Girl 1.7 oz EDP SP","/product-images/catalog-v2/dac7a903-71ac-4325-af48-a4898837b261.webp","replace-with-official-high-resolution-packshot|manual-source-rights-and-watermark-check"
"low","8c715f50-f1d1-4afc-afef-130aa0a5b16d","Carolina Herrera Very Good Girl Elixir 2.7 EDP SP","/product-images/catalog-v2/8c715f50-f1d1-4afc-afef-130aa0a5b16d.webp","replace-with-official-high-resolution-packshot|manual-source-rights-and-watermark-check"
"low","378416e9-c033-4eee-a712-9d70f4a6913f","Christian Dior Addict 3.4 oz EDT SP","/product-images/catalog-v2/378416e9-c033-4eee-a712-9d70f4a6913f.webp","replace-with-official-high-resolution-packshot|manual-source-rights-and-watermark-check"
"low","2c111ba4-b277-48c7-904d-019aaae909f0","Christian Dior Dior Sauvage 3.4 EDP SP","/product-images/catalog-v2/2c111ba4-b277-48c7-904d-019aaae909f0.webp","replace-with-official-high-resolution-packshot|manual-source-rights-and-watermark-check"
"low","bff35a7c-24de-4769-ba84-c9a1f778bcae","Christian Dior Dior Sauvage Parfum 3.4 SP","/product-images/catalog-v2/bff35a7c-24de-4769-ba84-c9a1f778bcae.webp","replace-with-official-high-resolution-packshot|manual-source-rights-and-watermark-check"
"low","e44dee25-5b93-46ba-a78e-4600a3c21eb7","Christian Dior Poison 3.3 oz EDT SP","/product-images/catalog-v2/e44dee25-5b93-46ba-a78e-4600a3c21eb7.webp","replace-with-official-high-resolution-packshot|manual-source-rights-and-watermark-check"
"low","ea0fa039-e3b6-4f36-9cad-de6069f5a422","Coach Blue  1.3 EDT SP","/product-images/catalog-v2/ea0fa039-e3b6-4f36-9cad-de6069f5a422.webp","replace-with-official-high-resolution-packshot|manual-source-rights-and-watermark-check"
"low","28663ade-b517-4570-ad92-93d5d891f014","Coach Dreams Moonlight Woman 3.0 EDP SP","/product-images/catalog-v2/28663ade-b517-4570-ad92-93d5d891f014.webp","replace-with-official-high-resolution-packshot|manual-source-rights-and-watermark-check"
"low","459940bb-6e32-47ea-9521-389f2d122c5f","Coach New York EDT SP 6.7 oz (200ml)","/product-images/catalog-v2/459940bb-6e32-47ea-9521-389f2d122c5f.webp","replace-with-official-high-resolution-packshot|manual-source-rights-and-watermark-check"
"low","dce350f5-59e4-4600-afde-8229a2eadb8d","Coach Platinum 3.4 EDP SP","/product-images/catalog-v2/dce350f5-59e4-4600-afde-8229a2eadb8d.webp","replace-with-official-high-resolution-packshot|manual-source-rights-and-watermark-check"
"low","bb4d309c-a6ca-4584-98b8-1e1f7659fd51","Dior Sauvage 2.0 oz EDP SP","/product-images/catalog-v2/bb4d309c-a6ca-4584-98b8-1e1f7659fd51.webp","replace-with-official-high-resolution-packshot|manual-source-rights-and-watermark-check"
"low","1afac37c-ff41-430f-9b4d-5ef62ffc79e4","Dolce & Gabbana Devotion EDP SP 3.4 oz","/product-images/catalog-v2/1afac37c-ff41-430f-9b4d-5ef62ffc79e4.webp","replace-with-official-high-resolution-packshot|manual-source-rights-and-watermark-check"
"low","48462e7f-6fc5-47fc-a7ce-cf2d580acfa9","Dolce & Gabbana Intenso 4.23 oz EDP SP","/product-images/catalog-v2/48462e7f-6fc5-47fc-a7ce-cf2d580acfa9.webp","replace-with-official-high-resolution-packshot|manual-source-rights-and-watermark-check"
"low","80b94b49-ee58-42a3-8abc-10eef93a5cd0","Dolce & Gabbana L'Imperatrice 3.4 oz EDT SP","/product-images/catalog-v2/80b94b49-ee58-42a3-8abc-10eef93a5cd0.webp","replace-with-official-high-resolution-packshot|manual-source-rights-and-watermark-check"
"low","ecd76cb5-df78-424c-a080-00718a8001e1","ecd76cb5-df78-424c-a080-00718a8001e1","/product-images/catalog-v2/ecd76cb5-df78-424c-a080-00718a8001e1.webp","replace-with-official-high-resolution-packshot|manual-source-rights-and-watermark-check"
"low","51fea765-9c28-4234-8987-17fd0f1664a2","Elie Saab Le Parfum in White ED SP 3.0oz","/product-images/catalog-v2/51fea765-9c28-4234-8987-17fd0f1664a2.webp","replace-with-official-high-resolution-packshot|manual-source-rights-and-watermark-check"
"low","b3df38e9-0855-4fd2-9ced-b9451ef3fc8c","Elie Saab Le Parfum Royal 3.0 oz EDP SP","/product-images/catalog-v2/b3df38e9-0855-4fd2-9ced-b9451ef3fc8c.webp","replace-with-official-high-resolution-packshot|manual-source-rights-and-watermark-check"
"low","5e4fde97-d6c5-497d-9467-57fc1f6b47d1","Escada Magnetism 2.5oz EDP SP","/product-images/catalog-v2/5e4fde97-d6c5-497d-9467-57fc1f6b47d1.webp","replace-with-official-high-resolution-packshot|manual-source-rights-and-watermark-check"
"low","d4854821-a913-4db4-9d2e-c365ab70bf08","Geparlys Prive For King II Private Perfume 3.4 EDP SP","/product-images/catalog-v2/d4854821-a913-4db4-9d2e-c365ab70bf08.webp","replace-with-official-high-resolution-packshot|manual-source-rights-and-watermark-check"
"low","2fcf1db9-69b5-4a65-a809-50871cfc3ec6","Giorgio Armani Acqua Di Gio 3.4 EDT SP","/product-images/catalog-v2/2fcf1db9-69b5-4a65-a809-50871cfc3ec6.webp","replace-with-official-high-resolution-packshot|manual-source-rights-and-watermark-check"
"low","bf8bb360-1d0f-458e-9cdf-6f5d8ac7a28c","Giorgio Armani Emporio ""She"" 1.7 EDP SP","/product-images/catalog-v2/bf8bb360-1d0f-458e-9cdf-6f5d8ac7a28c.webp","replace-with-official-high-resolution-packshot|manual-source-rights-and-watermark-check"
"low","d5e1b9dc-f2d0-4cd8-82a6-22695d5d5981","Giorgio Armani Si Passione Eclat 1.7 oz EDP SP","/product-images/catalog-v2/d5e1b9dc-f2d0-4cd8-82a6-22695d5d5981.webp","replace-with-official-high-resolution-packshot|manual-source-rights-and-watermark-check"
"low","e3d41ae7-ecf9-46d6-8987-e2238e2a7e09","Giorgio Armani Stronger with you absolutely EDP 50ml","/product-images/catalog-v2/e3d41ae7-ecf9-46d6-8987-e2238e2a7e09.webp","replace-with-official-high-resolution-packshot|manual-source-rights-and-watermark-check"
"low","acbfeaef-1840-4c52-ad80-4048540c76fc","Givenchy Gentlemen Only 3.3 oz EDT SP","/product-images/catalog-v2/acbfeaef-1840-4c52-ad80-4048540c76fc.webp","replace-with-official-high-resolution-packshot|manual-source-rights-and-watermark-check"
"low","da50a4fe-7ce6-4309-8310-daf8d2d9dc19","Givenchy Very Irresistible 2.5 oz EDP SP","/product-images/catalog-v2/da50a4fe-7ce6-4309-8310-daf8d2d9dc19.webp","replace-with-official-high-resolution-packshot|manual-source-rights-and-watermark-check"
"low","10836a38-d303-43ab-b0ad-99c26fc7ae22","Gucci Bloom 1.7oz EDT SP","/product-images/catalog-v2/10836a38-d303-43ab-b0ad-99c26fc7ae22.webp","replace-with-official-high-resolution-packshot|manual-source-rights-and-watermark-check"
"low","b1bb152c-9c43-478d-afa8-355f2788591e","Gucci Bloom Intense 3.4 oz EDP SP","/product-images/catalog-v2/b1bb152c-9c43-478d-afa8-355f2788591e.webp","replace-with-official-high-resolution-packshot|manual-source-rights-and-watermark-check"
"low","1b07f80a-7f33-48b2-805c-55ce499cbaa0","Gucci Flora Gorgeous Gardenia 3.3 oz EDP SP","/product-images/catalog-v2/1b07f80a-7f33-48b2-805c-55ce499cbaa0.webp","replace-with-official-high-resolution-packshot|manual-source-rights-and-watermark-check"
"low","d6fcb202-917d-447b-8c9c-cd3355c53c01","Gucci Guilty Intense Woman 1.6 EDP SP","/product-images/catalog-v2/d6fcb202-917d-447b-8c9c-cd3355c53c01.webp","replace-with-official-high-resolution-packshot|manual-source-rights-and-watermark-check"
"low","23252797-e95b-4257-9965-00cefe217e9f","Gucci Guilty Pour Homme Cologne 3.0 SP","/product-images/catalog-v2/23252797-e95b-4257-9965-00cefe217e9f.webp","replace-with-official-high-resolution-packshot|manual-source-rights-and-watermark-check"
"low","65f1d36c-7989-4cd1-bdd0-1a69b31fbe87","Gucci Mini Set 0.16 oz EDP SP","/product-images/catalog-v2/65f1d36c-7989-4cd1-bdd0-1a69b31fbe87.webp","replace-with-official-high-resolution-packshot|manual-source-rights-and-watermark-check"
"low","bc46ca49-199a-4c09-93c4-322242482d9c","Guerlain Insolence EDT SP 2.5oz","/product-images/catalog-v2/bc46ca49-199a-4c09-93c4-322242482d9c.webp","replace-with-official-high-resolution-packshot|manual-source-rights-and-watermark-check"
"low","9e4bc424-371d-489c-a68e-c6a535ef7387","Guerlain Shalimar EDP SP 3.0 oz","/product-images/catalog-v2/9e4bc424-371d-489c-a68e-c6a535ef7387.webp","replace-with-official-high-resolution-packshot|manual-source-rights-and-watermark-check"
"low","094ab15c-95a3-4fad-9dce-b1e4f89c9a0c","Hollister Canyon Escape for Her 3.4 EDP SP","/product-images/catalog-v2/094ab15c-95a3-4fad-9dce-b1e4f89c9a0c.webp","replace-with-official-high-resolution-packshot|manual-source-rights-and-watermark-check"
"low","e98275e5-a7ef-4b3d-8512-43145b66264b","Hollister Canyon Rush for Him  3.3 oz EDT SP","/product-images/catalog-v2/e98275e5-a7ef-4b3d-8512-43145b66264b.webp","replace-with-official-high-resolution-packshot|manual-source-rights-and-watermark-check"
"low","437ab8ef-195b-4052-b442-4c7eb1e8f77c","Hollister Canyon Sky 3.4 oz EDP","/product-images/catalog-v2/437ab8ef-195b-4052-b442-4c7eb1e8f77c.webp","replace-with-official-high-resolution-packshot|manual-source-rights-and-watermark-check"
"low","9792c303-32f8-4693-af49-85cb6b11a509","Hollister Canyon Sky 3.4oz EDT SP","/product-images/catalog-v2/9792c303-32f8-4693-af49-85cb6b11a509.webp","replace-with-official-high-resolution-packshot|manual-source-rights-and-watermark-check"
"low","e4a348a1-16c0-4c2b-bde2-ef6f3e3728b5","Hugo Boss Hugo Dark Blue 2.5 oz EDT SP","/product-images/catalog-v2/e4a348a1-16c0-4c2b-bde2-ef6f3e3728b5.webp","replace-with-official-high-resolution-packshot|manual-source-rights-and-watermark-check"
"low","766eb149-ad72-47d2-a041-03af947b8d11","Hugo Boss Just Different 2.5 oz EDT SP","/product-images/catalog-v2/766eb149-ad72-47d2-a041-03af947b8d11.webp","replace-with-official-high-resolution-packshot|manual-source-rights-and-watermark-check"
"low","1b7366bb-3546-43a0-87af-86ffbe8aa75c","Issey Miyake L'eau D'issey Pour Homme Intense 4.2 EDT SP","/product-images/catalog-v2/1b7366bb-3546-43a0-87af-86ffbe8aa75c.webp","replace-with-official-high-resolution-packshot|manual-source-rights-and-watermark-check"
"low","1a6ed9b7-c698-464b-b856-6bb31bcf8a78","Jaguar Green 3.40z EDT SP","/product-images/catalog-v2/1a6ed9b7-c698-464b-b856-6bb31bcf8a78.webp","replace-with-official-high-resolution-packshot|manual-source-rights-and-watermark-check"
"low","b1a724c3-56fa-40c8-821d-b685e841751b","Jaguar Oud 3.4 oz EDP SP","/product-images/catalog-v2/b1a724c3-56fa-40c8-821d-b685e841751b.webp","replace-with-official-high-resolution-packshot|manual-source-rights-and-watermark-check"
"low","e737692b-e49c-4d74-978c-6129e29d3bbb","Jaguar Vision III 3.4oz EDT SP","/product-images/catalog-v2/e737692b-e49c-4d74-978c-6129e29d3bbb.webp","replace-with-official-high-resolution-packshot|manual-source-rights-and-watermark-check"
"low","c39639c0-daa6-4088-847d-e1c7fb6e26e6","Jean Paul Gaultier Classique 1.7 oz EDT SP","/product-images/catalog-v2/c39639c0-daa6-4088-847d-e1c7fb6e26e6.webp","replace-with-official-high-resolution-packshot|manual-source-rights-and-watermark-check"
"low","23fcd8b4-ac87-408b-8551-145d3b446636","Jean Paul Gaultier Classique 3.3 oz EDT SP","/product-images/catalog-v2/23fcd8b4-ac87-408b-8551-145d3b446636.webp","replace-with-official-high-resolution-packshot|manual-source-rights-and-watermark-check"
"low","5ec524a7-b3ae-4c1e-bbad-76e77847582e","Jean Paul Gaultier Divine 1.7 oz EDP SP","/product-images/catalog-v2/5ec524a7-b3ae-4c1e-bbad-76e77847582e.webp","replace-with-official-high-resolution-packshot|manual-source-rights-and-watermark-check"
"low","aa1c642d-604a-40c1-a3a0-a2c74376bc9a","Jean Paul Gaultier Divine Woman Le Parfum 3.4 Intense EDP SP","/product-images/catalog-v2/aa1c642d-604a-40c1-a3a0-a2c74376bc9a.webp","replace-with-official-high-resolution-packshot|manual-source-rights-and-watermark-check"
"low","f59b81bd-ed46-4fde-bac5-14632d86766e","Jean Paul Gaultier Le Beau 4.2 EDT SP","/product-images/catalog-v2/f59b81bd-ed46-4fde-bac5-14632d86766e.webp","replace-with-official-high-resolution-packshot|manual-source-rights-and-watermark-check"
"low","57d38fcb-4292-4743-a10a-7f4198a07a16","Jean Paul Gaultier Le Male Elixir 2.5 oz","/product-images/catalog-v2/57d38fcb-4292-4743-a10a-7f4198a07a16.webp","replace-with-official-high-resolution-packshot|manual-source-rights-and-watermark-check"
"low","9461d9c4-c819-430b-9f8b-05def9b38188","Jean Paul Gaultier Le Male Elixir Absolu Parfum Intsn 2.5oz SP","/product-images/catalog-v2/9461d9c4-c819-430b-9f8b-05def9b38188.webp","replace-with-official-high-resolution-packshot|manual-source-rights-and-watermark-check"
"low","a5903e96-689d-4aa7-99c1-df9db97cb883","Jean Paul Gaultier Scandal Absolu 2.7oz SP","/product-images/catalog-v2/a5903e96-689d-4aa7-99c1-df9db97cb883.webp","replace-with-official-high-resolution-packshot|manual-source-rights-and-watermark-check"
"low","efb37f60-3481-4a0d-844e-9fc189bc88ea","Jean Paul Gaultier Scandal Intense EDP SP 2.7oz","/product-images/catalog-v2/efb37f60-3481-4a0d-844e-9fc189bc88ea.webp","replace-with-official-high-resolution-packshot|manual-source-rights-and-watermark-check"
"low","4f1a139b-15ab-4d4c-9dd8-acc13135768f","Jean Paul Gaultier Scandal Pour Homme 6.7 EDT","/product-images/catalog-v2/4f1a139b-15ab-4d4c-9dd8-acc13135768f.webp","replace-with-official-high-resolution-packshot|manual-source-rights-and-watermark-check"
"low","79968d48-7a68-49c9-9faf-bd8ceae8a1ab","Jean Paul Gaultier Ultra Male Intense EDT SP 4.2 oz","/product-images/catalog-v2/79968d48-7a68-49c9-9faf-bd8ceae8a1ab.webp","replace-with-official-high-resolution-packshot|manual-source-rights-and-watermark-check"
"low","e200efd8-0be9-4bc2-af32-32f8e7b03316","Jessica Simpson Fancy Love 3.4 oz (100ml) EDP SP","/product-images/catalog-v2/e200efd8-0be9-4bc2-af32-32f8e7b03316.webp","replace-with-official-high-resolution-packshot|manual-source-rights-and-watermark-check"
"low","416fd56a-e763-4fae-be81-1460e3e93dbe","Jimmy Choo Man Intense 3.3 oz EDT SP","/product-images/catalog-v2/416fd56a-e763-4fae-be81-1460e3e93dbe.webp","replace-with-official-high-resolution-packshot|manual-source-rights-and-watermark-check"
"low","3387e45c-ee23-48c5-b6ca-bac029a52a6c","Jimmy Choo Rose Passion Woman 3.4 EDP SP","/product-images/catalog-v2/3387e45c-ee23-48c5-b6ca-bac029a52a6c.webp","replace-with-official-high-resolution-packshot|manual-source-rights-and-watermark-check"
"low","5cb39665-e1bb-4eaa-b2e8-7b2d6152ba9d","Jimmy Choo Woman 3.4 EDP SP Gift Set","/product-images/catalog-v2/5cb39665-e1bb-4eaa-b2e8-7b2d6152ba9d.webp","replace-with-official-high-resolution-packshot|manual-source-rights-and-watermark-check"
"low","5703a4ce-3bdd-4318-af10-fdf626d552d1","Juicy Couture Peace Love & Juicy EDP 3.4","/product-images/catalog-v2/5703a4ce-3bdd-4318-af10-fdf626d552d1.webp","replace-with-official-high-resolution-packshot|manual-source-rights-and-watermark-check"
"low","27d761e8-ddbb-4d90-8917-1795b9888af8","Kenneth Cole Black Men 3.3 EDT SP","/product-images/catalog-v2/27d761e8-ddbb-4d90-8917-1795b9888af8.webp","replace-with-official-high-resolution-packshot|manual-source-rights-and-watermark-check"
"low","6021d24f-f1df-436a-bc99-69eb0f902649","Kenneth Cole Mankind Unlimited 6.7 EDT SP","/product-images/catalog-v2/6021d24f-f1df-436a-bc99-69eb0f902649.webp","replace-with-official-high-resolution-packshot|manual-source-rights-and-watermark-check"
"low","1b40658e-5314-4b2c-b9b1-ee27e75bfb3c","Lacoste Red 4.2 EDT SP","/product-images/catalog-v2/1b40658e-5314-4b2c-b9b1-ee27e75bfb3c.webp","replace-with-official-high-resolution-packshot|manual-source-rights-and-watermark-check"
"low","3f358a26-b87e-49b6-9721-a1d0e34c0e98","Lancome La Nuit Tresor 1.7 oz EDP SP","/product-images/catalog-v2/3f358a26-b87e-49b6-9721-a1d0e34c0e98.webp","replace-with-official-high-resolution-packshot|manual-source-rights-and-watermark-check"
"low","7e1481e3-a43b-4b8b-88c9-d703ffa63aa3","Lancome Tresor Midnight Rose 1.7 oz EDP SP","/product-images/catalog-v2/7e1481e3-a43b-4b8b-88c9-d703ffa63aa3.webp","replace-with-official-high-resolution-packshot|manual-source-rights-and-watermark-check"
"low","b6d7da06-e0ae-42b8-80e5-8bef86b47399","Lataffa Ramz Silver 3.4 EDP SP","/product-images/catalog-v2/b6d7da06-e0ae-42b8-80e5-8bef86b47399.webp","replace-with-official-high-resolution-packshot|manual-source-rights-and-watermark-check"
"low","36b6f136-d7e9-4766-8846-89244ae07353","Lataffa Yara Moi 3.4  oz EDP SP","/product-images/catalog-v2/36b6f136-d7e9-4766-8846-89244ae07353.webp","replace-with-official-high-resolution-packshot|manual-source-rights-and-watermark-check"
"low","58dbf3a0-8245-417d-bd6a-1d1d0d172d16","Lattafa Ard Al Zaafaran Dirham Wardi 3.4 EDP SP","/product-images/catalog-v2/58dbf3a0-8245-417d-bd6a-1d1d0d172d16.webp","replace-with-official-high-resolution-packshot|manual-source-rights-and-watermark-check"
"low","1eaac8da-3888-48c2-8800-abec8d1992c8","Lattafa Awraq Al Oud 3.4 EDP SP","/product-images/catalog-v2/1eaac8da-3888-48c2-8800-abec8d1992c8.webp","replace-with-official-high-resolution-packshot|manual-source-rights-and-watermark-check"
"low","b7525ff2-9c38-411e-8c00-b8b0bad263c5","Lattafa Bade'e Al Oud Sublime EDP 3.4 oz","/product-images/catalog-v2/b7525ff2-9c38-411e-8c00-b8b0bad263c5.webp","replace-with-official-high-resolution-packshot|manual-source-rights-and-watermark-check"
"low","153db36e-3087-49b2-9462-a46751e6a6fc","Lattafa Ekhtiari 3.3 EDP SP","/product-images/catalog-v2/153db36e-3087-49b2-9462-a46751e6a6fc.webp","replace-with-official-high-resolution-packshot|manual-source-rights-and-watermark-check"
"low","3c732165-8519-40a2-ac51-bd95cb0ac1cb","Lattafa Fakhar 3.4 EDP SP","/product-images/catalog-v2/3c732165-8519-40a2-ac51-bd95cb0ac1cb.webp","replace-with-official-high-resolution-packshot|manual-source-rights-and-watermark-check"
"low","f1a58b82-f48f-4599-80d5-98a6a23b7719","Lattafa Fakhar Platin 3.3 EDP SP","/product-images/catalog-v2/f1a58b82-f48f-4599-80d5-98a6a23b7719.webp","replace-with-official-high-resolution-packshot|manual-source-rights-and-watermark-check"
"low","d70f00be-128d-424e-b913-3d4539e43aa7","Lattafa Pride Affection 3.3 EDP SP","/product-images/catalog-v2/d70f00be-128d-424e-b913-3d4539e43aa7.webp","replace-with-official-high-resolution-packshot|manual-source-rights-and-watermark-check"
"low","714e9608-622c-4a8e-bf55-6f98a4ccbf10","Lattafa Yara 4 PC Mini Set","/product-images/catalog-v2/714e9608-622c-4a8e-bf55-6f98a4ccbf10.webp","replace-with-official-high-resolution-packshot|manual-source-rights-and-watermark-check"
"low","a0da68a7-2482-401b-954a-1ca31e05622f","Liz Claiborne Curve 4.2 Cologne Spray","/product-images/catalog-v2/a0da68a7-2482-401b-954a-1ca31e05622f.webp","replace-with-official-high-resolution-packshot|manual-source-rights-and-watermark-check"
"low","94fc9f0b-03e7-48a6-bc5d-20a9d8e34a7a","Liz Claiborne Curve Men /Cologne SP 6.8 oz","/product-images/catalog-v2/94fc9f0b-03e7-48a6-bc5d-20a9d8e34a7a.webp","replace-with-official-high-resolution-packshot|manual-source-rights-and-watermark-check"
"low","8eae0498-c1f5-4200-a4c0-a0a3c8cc052b","Liz Claibourne Curve Wave 3.4 EDT","/product-images/catalog-v2/8eae0498-c1f5-4200-a4c0-a0a3c8cc052b.webp","replace-with-official-high-resolution-packshot|manual-source-rights-and-watermark-check"
"low","372b7b78-eb8d-4b21-81c4-dbeb59c636d7","Maison Alhambra Amberley Amoroso EDP SP 3.4oz","/product-images/catalog-v2/372b7b78-eb8d-4b21-81c4-dbeb59c636d7.webp","replace-with-official-high-resolution-packshot|manual-source-rights-and-watermark-check"
"low","291cc966-a68a-4f00-89f2-3663527de385","Maison Alhambra Baroque Rouge 540 3.4 EDP SP","/product-images/catalog-v2/291cc966-a68a-4f00-89f2-3663527de385.webp","replace-with-official-high-resolution-packshot|manual-source-rights-and-watermark-check"
"low","d46599b7-8aa3-4db3-a0ef-2d0162dca4dc","Maison Alhambra Dark Door Sport 3.4 EDP SP","/product-images/catalog-v2/d46599b7-8aa3-4db3-a0ef-2d0162dca4dc.webp","replace-with-official-high-resolution-packshot|manual-source-rights-and-watermark-check"
"low","80e6fb7a-efba-470d-93a5-7f8e5b98e05b","Maison Alhambra Delilah EDP Spray 3.4 oz","/product-images/catalog-v2/80e6fb7a-efba-470d-93a5-7f8e5b98e05b.webp","replace-with-official-high-resolution-packshot|manual-source-rights-and-watermark-check"
"low","2151f197-77e7-43fd-bb46-62d2caf945ea","Maison Alhambra Eternal Touch 2.7 EDP SP","/product-images/catalog-v2/2151f197-77e7-43fd-bb46-62d2caf945ea.webp","replace-with-official-high-resolution-packshot|manual-source-rights-and-watermark-check"
"low","192780d5-07ad-4b32-beef-57a7356c7e47","Maison Alhambra Maison Alhambra Como Moiselle 3.3 oz EDP SP","/product-images/catalog-v2/192780d5-07ad-4b32-beef-57a7356c7e47.webp","replace-with-official-high-resolution-packshot|manual-source-rights-and-watermark-check"
"low","c4789105-f60f-40f6-8743-255714f8dd03","Maison Alhambra Montaigne Coco EDP SP 3.4 oz","/product-images/catalog-v2/c4789105-f60f-40f6-8743-255714f8dd03.webp","replace-with-official-high-resolution-packshot|manual-source-rights-and-watermark-check"
"low","1ac0ffb4-7a1c-46e0-8cee-bd4b1033e73b","Maison Alhambra Opulence Leather EDP Spray 3.4 oz","/product-images/catalog-v2/1ac0ffb4-7a1c-46e0-8cee-bd4b1033e73b.webp","replace-with-official-high-resolution-packshot|manual-source-rights-and-watermark-check"
"low","c5d14349-f01d-4e09-a098-ead85d7a39dc","Maison Barakkat Aqua Aevum EDP 3.4oz","/product-images/catalog-v2/c5d14349-f01d-4e09-a098-ead85d7a39dc.webp","replace-with-official-high-resolution-packshot|manual-source-rights-and-watermark-check"
"low","a31b6859-7699-4257-8ebd-9c349528ae95","Marc Jacobs Daisy Dream Forever 1.7 EDP SP","/product-images/catalog-v2/a31b6859-7699-4257-8ebd-9c349528ae95.webp","replace-with-official-high-resolution-packshot|manual-source-rights-and-watermark-check"
"low","50eecb51-813d-49b0-93e8-59ed3487297b","Marc Jacobs Daisy Eau So Fresh Glow EDT SP 2.5oz","/product-images/catalog-v2/50eecb51-813d-49b0-93e8-59ed3487297b.webp","replace-with-official-high-resolution-packshot|manual-source-rights-and-watermark-check"
"low","e2365b7c-e568-4da9-a4ec-52f1cf3a07ad","Marc Jacobs Daisy Love EDT SP 3.4oz","/product-images/catalog-v2/e2365b7c-e568-4da9-a4ec-52f1cf3a07ad.webp","replace-with-official-high-resolution-packshot|manual-source-rights-and-watermark-check"
"low","f9243924-38b4-45b0-92d5-e555b15bea06","Marc Jacobs Perfect 3.3 oz EDP SP","/product-images/catalog-v2/f9243924-38b4-45b0-92d5-e555b15bea06.webp","replace-with-official-high-resolution-packshot|manual-source-rights-and-watermark-check"
"low","539c0644-7a02-4321-bd90-28ca65b4e15b","Marc Jacobs Perfect Elixir EDP SP 3.30z","/product-images/catalog-v2/539c0644-7a02-4321-bd90-28ca65b4e15b.webp","replace-with-official-high-resolution-packshot|manual-source-rights-and-watermark-check"
"low","994e4f9c-e605-417d-b6c5-0fa20bf3e538","Mercedes Benz — Bright 3.4 oz EDP SP","/product-images/catalog-v2/994e4f9c-e605-417d-b6c5-0fa20bf3e538.webp","replace-with-official-high-resolution-packshot|manual-source-rights-and-watermark-check"
"low","c7129f9e-5896-4d23-b588-7afe72131dbe","Mercedes Benz Man Intense 3.4 oz EDT SP","/product-images/catalog-v2/c7129f9e-5896-4d23-b588-7afe72131dbe.webp","replace-with-official-high-resolution-packshot|manual-source-rights-and-watermark-check"
"low","cf80f82f-fe8d-4912-bfcc-ee2e4c15c770","Mercedes Benz Select Night 3.4oz EDP SP","/product-images/catalog-v2/cf80f82f-fe8d-4912-bfcc-ee2e4c15c770.webp","replace-with-official-high-resolution-packshot|manual-source-rights-and-watermark-check"
"low","3188533a-b64d-47bc-99f9-0f48b55df271","Mercedes Benz Woman in Red 3.0 oz EDP SP","/product-images/catalog-v2/3188533a-b64d-47bc-99f9-0f48b55df271.webp","replace-with-official-high-resolution-packshot|manual-source-rights-and-watermark-check"
"low","7ce98363-dd5d-458c-a497-76eec9c6ea7c","Michael Germain Sexual Femme EDP SP 4.2oz","/product-images/catalog-v2/7ce98363-dd5d-458c-a497-76eec9c6ea7c.webp","replace-with-official-high-resolution-packshot|manual-source-rights-and-watermark-check"
"low","7ca97d40-cc31-4c02-8834-70f75617ac12","Michael Kors Gorgeous Woman 1.0 EDP SP","/product-images/catalog-v2/7ca97d40-cc31-4c02-8834-70f75617ac12.webp","replace-with-official-high-resolution-packshot|manual-source-rights-and-watermark-check"
"low","bcc05b72-3441-40b4-8edf-7c780813ce13","Michael Kors Gorgeous Woman 3.3 EDP SP","/product-images/catalog-v2/bcc05b72-3441-40b4-8edf-7c780813ce13.webp","replace-with-official-high-resolution-packshot|manual-source-rights-and-watermark-check"
"low","b7208f67-151c-4f7b-8685-8b4045830b20","Michel Germain Sexual Paris EDP SP 4.2oz","/product-images/catalog-v2/b7208f67-151c-4f7b-8685-8b4045830b20.webp","replace-with-official-high-resolution-packshot|manual-source-rights-and-watermark-check"
"low","ed06d2bf-2aca-4da9-bf4f-2915df579ba0","Mont Blanc Explorer Men 3.3 EDP SP","/product-images/catalog-v2/ed06d2bf-2aca-4da9-bf4f-2915df579ba0.webp","replace-with-official-high-resolution-packshot|manual-source-rights-and-watermark-check"
"low","0a929db5-c501-4d87-950e-303c905f4f6f","Mont Blanc Legend Red 3.3 EDP SP","/product-images/catalog-v2/0a929db5-c501-4d87-950e-303c905f4f6f.webp","replace-with-official-high-resolution-packshot|manual-source-rights-and-watermark-check"
"low","0fa99015-2919-4469-a587-bd77a073ecdb","Montale Intense Cafe 3.4 oz EDP SP","/product-images/catalog-v2/0fa99015-2919-4469-a587-bd77a073ecdb.webp","replace-with-official-high-resolution-packshot|manual-source-rights-and-watermark-check"
"low","0bcb5422-7a4f-400e-9ea7-06784a0284c5","Montale Sandflowers 3.3 oz EDP SP","/product-images/catalog-v2/0bcb5422-7a4f-400e-9ea7-06784a0284c5.webp","replace-with-official-high-resolution-packshot|manual-source-rights-and-watermark-check"
"low","71954faa-2309-4212-aa18-91e31376d8e1","Montblanc Explorer Platinum 3.4 oz EDP SP","/product-images/catalog-v2/71954faa-2309-4212-aa18-91e31376d8e1.webp","replace-with-official-high-resolution-packshot|manual-source-rights-and-watermark-check"
"low","cbccd746-e58b-445d-bbb1-fbe1fe31a682","Montblanc Signature Absolue 3.0 oz EDP SP","/product-images/catalog-v2/cbccd746-e58b-445d-bbb1-fbe1fe31a682.webp","replace-with-official-high-resolution-packshot|manual-source-rights-and-watermark-check"
"low","6843a438-6995-4237-b173-baec5264e2a6","Narciso Rodriguez Narciso Poudree 1.6oz EDP SP","/product-images/catalog-v2/6843a438-6995-4237-b173-baec5264e2a6.webp","replace-with-official-high-resolution-packshot|manual-source-rights-and-watermark-check"
"low","5da11abe-5228-427b-9796-bd30449eb167","Orientica Amber Rouge EDP SP 5.0oz","/product-images/catalog-v2/5da11abe-5228-427b-9796-bd30449eb167.webp","replace-with-official-high-resolution-packshot|manual-source-rights-and-watermark-check"
"low","dd65b42c-2e8f-412e-95ff-d41016dccb01","Orientica Royal Amber EDP 5.0oz","/product-images/catalog-v2/dd65b42c-2e8f-412e-95ff-d41016dccb01.webp","replace-with-official-high-resolution-packshot|manual-source-rights-and-watermark-check"
"low","0a2fcebf-d045-48cf-b59b-3c270e6f8008","Orientica Royal Bleu 2.7 oz EDP SP","/product-images/catalog-v2/0a2fcebf-d045-48cf-b59b-3c270e6f8008.webp","replace-with-official-high-resolution-packshot|manual-source-rights-and-watermark-check"
"low","b7fcaaa8-fd9e-4b09-8432-dd4db134c57b","Oscar De La Renta Bella Night EDP SP 3.4oz","/product-images/catalog-v2/b7fcaaa8-fd9e-4b09-8432-dd4db134c57b.webp","replace-with-official-high-resolution-packshot|manual-source-rights-and-watermark-check"
"low","fdad986c-42ed-4902-bbf5-94455777cd2e","Oscar De La Renta Bella Rosa EDP SP 3.4oz","/product-images/catalog-v2/fdad986c-42ed-4902-bbf5-94455777cd2e.webp","replace-with-official-high-resolution-packshot|manual-source-rights-and-watermark-check"
"low","3d6b131d-ae15-4289-8df1-4994b21d9af8","Oscar de la Renta Oscar Bella Essence EDP SP 3.4oz","/product-images/catalog-v2/3d6b131d-ae15-4289-8df1-4994b21d9af8.webp","replace-with-official-high-resolution-packshot|manual-source-rights-and-watermark-check"
"low","b6fcc99c-63c6-4068-996d-9048d23bd5cb","Oscar De La Renta So De La Renta 3.4oz EDT SP","/product-images/catalog-v2/b6fcc99c-63c6-4068-996d-9048d23bd5cb.webp","replace-with-official-high-resolution-packshot|manual-source-rights-and-watermark-check"
"low","8de6d799-e0c1-46db-ad04-3ad36b2ae124","Paco Rabanne Fame 2.71oz EDP SP","/product-images/catalog-v2/8de6d799-e0c1-46db-ad04-3ad36b2ae124.webp","replace-with-official-high-resolution-packshot|manual-source-rights-and-watermark-check"
"low","ac5afa2d-27a0-4430-b08a-50b7c26c679d","Paco Rabanne Fame Intense Woman 1.7 EDP SP","/product-images/catalog-v2/ac5afa2d-27a0-4430-b08a-50b7c26c679d.webp","replace-with-official-high-resolution-packshot|manual-source-rights-and-watermark-check"
"low","12ec7761-5675-466f-835b-231797c958f8","Paco Rabanne Phantom Intense 3.4 EDP SP","/product-images/catalog-v2/12ec7761-5675-466f-835b-231797c958f8.webp","replace-with-official-high-resolution-packshot|manual-source-rights-and-watermark-check"
"low","21bf92f8-73e2-4e55-b2fa-26cec294cab6","Paco Rabanne Phantom Intense Elixir 1.7 EDP SP","/product-images/catalog-v2/21bf92f8-73e2-4e55-b2fa-26cec294cab6.webp","replace-with-official-high-resolution-packshot|manual-source-rights-and-watermark-check"
"low","ff28330b-410b-452c-8535-4dce1a7fef19","Paco Rabanne Phantom Intense Elixir 3.4oz EDP SP","/product-images/catalog-v2/ff28330b-410b-452c-8535-4dce1a7fef19.webp","replace-with-official-high-resolution-packshot|manual-source-rights-and-watermark-check"
"low","3cf601cf-08b4-4572-95af-154002269012","Paris Hilton Rose Rush 3.3 EDP SP","/product-images/catalog-v2/3cf601cf-08b4-4572-95af-154002269012.webp","replace-with-official-high-resolution-packshot|manual-source-rights-and-watermark-check"
"low","73e0928e-2a42-4149-906a-a6f230740ac2","Perry Ellis 360 4 P/C Set","/product-images/catalog-v2/73e0928e-2a42-4149-906a-a6f230740ac2.webp","replace-with-official-high-resolution-packshot|manual-source-rights-and-watermark-check"
"low","833675a3-883e-442d-afeb-1b01dcb929ea","Perry Ellis 360 Red 3.4 EDT SP","/product-images/catalog-v2/833675a3-883e-442d-afeb-1b01dcb929ea.webp","replace-with-official-high-resolution-packshot|manual-source-rights-and-watermark-check"
"low","aed901bc-5e79-4573-b5c8-b3987615f59e","Perry Ellis 360 Red 3.4oz EDP SP","/product-images/catalog-v2/aed901bc-5e79-4573-b5c8-b3987615f59e.webp","replace-with-official-high-resolution-packshot|manual-source-rights-and-watermark-check"
"low","a4200a7a-791f-41db-bfbb-6e819f4c84c2","Perry Ellis 360 White 3.4 oz EDT SP","/product-images/catalog-v2/a4200a7a-791f-41db-bfbb-6e819f4c84c2.webp","replace-with-official-high-resolution-packshot|manual-source-rights-and-watermark-check"
"low","5b9545b3-ce62-4b4a-a631-9056cd4379d7","Perry Ellis Love EDP SP 3.4oz","/product-images/catalog-v2/5b9545b3-ce62-4b4a-a631-9056cd4379d7.webp","replace-with-official-high-resolution-packshot|manual-source-rights-and-watermark-check"
"low","9e40cab3-4f2f-4b8e-bd4a-92e67f1ae32f","Perry Ellis Very Pink EDP SP 3.4oz","/product-images/catalog-v2/9e40cab3-4f2f-4b8e-bd4a-92e67f1ae32f.webp","replace-with-official-high-resolution-packshot|manual-source-rights-and-watermark-check"
"low","a9eee97f-f852-4a41-a22b-3cb9248cc805","Prada Candy 1.7 oz EDP SP","/product-images/catalog-v2/a9eee97f-f852-4a41-a22b-3cb9248cc805.webp","replace-with-official-high-resolution-packshot|manual-source-rights-and-watermark-check"
"low","850db21c-61c5-49be-847f-c329a98de58c","Prada L'homme 1.7 oz EDT SP","/product-images/catalog-v2/850db21c-61c5-49be-847f-c329a98de58c.webp","replace-with-official-high-resolution-packshot|manual-source-rights-and-watermark-check"
"low","cca49fda-fc8e-43f0-bf90-2f747dc93096","Prada Luna Rossa Ocean 1.6 oz EDT SP","/product-images/catalog-v2/cca49fda-fc8e-43f0-bf90-2f747dc93096.webp","replace-with-official-high-resolution-packshot|manual-source-rights-and-watermark-check"
"low","b69413c1-d794-4410-b705-eca575502163","Prada Luna Rossa Ocean Eau de Parfum 3.38 oz EDP SP","/product-images/catalog-v2/b69413c1-d794-4410-b705-eca575502163.webp","replace-with-official-high-resolution-packshot|manual-source-rights-and-watermark-check"
"low","a8ab8433-a825-41e4-a124-3f5bc9f7a98f","Prada Paradoxe 3.4 EDP SP","/product-images/catalog-v2/a8ab8433-a825-41e4-a124-3f5bc9f7a98f.webp","replace-with-official-high-resolution-packshot|manual-source-rights-and-watermark-check"
"low","9893477b-adb5-4ddd-938e-268f6b85a12e","Ralph Lauren Polo Blue Parfum 2.5 oz SP","/product-images/catalog-v2/9893477b-adb5-4ddd-938e-268f6b85a12e.webp","replace-with-official-high-resolution-packshot|manual-source-rights-and-watermark-check"
"low","cd681594-c788-4f5f-a0ab-a583c7831a52","Ralph Lauren Polo Red 4.2 oz EDP SP","/product-images/catalog-v2/cd681594-c788-4f5f-a0ab-a583c7831a52.webp","replace-with-official-high-resolution-packshot|manual-source-rights-and-watermark-check"
"low","ced8c801-0bab-440d-b8f0-334f8586b3d7","Swiss Army Altitude EDT SP 3.4oz","/product-images/catalog-v2/ced8c801-0bab-440d-b8f0-334f8586b3d7.webp","replace-with-official-high-resolution-packshot|manual-source-rights-and-watermark-check"
"low","7e3e8e99-3395-459b-8306-e068e962159d","Swiss Army Eau Florale Woman 3.4 EDT SP","/product-images/catalog-v2/7e3e8e99-3395-459b-8306-e068e962159d.webp","replace-with-official-high-resolution-packshot|manual-source-rights-and-watermark-check"
"low","4a75127d-8e8c-4e8a-96dc-7bf056630db1","Tiffany & Co Sheer 2.5 oz EDT SP","/product-images/catalog-v2/4a75127d-8e8c-4e8a-96dc-7bf056630db1.webp","replace-with-official-high-resolution-packshot|manual-source-rights-and-watermark-check"
"low","9a7631df-ddcd-43d7-9620-8808de3e7925","Tom Ford Black Orchid EDP SP 1.0 oz","/product-images/catalog-v2/9a7631df-ddcd-43d7-9620-8808de3e7925.webp","replace-with-official-high-resolution-packshot|manual-source-rights-and-watermark-check"
"low","ccb27626-6820-4616-b0c0-7831859fc793","Valentino Garavani Born In Roma Green Stravaganza 1.7 oz EDP","/product-images/catalog-v2/ccb27626-6820-4616-b0c0-7831859fc793.webp","replace-with-official-high-resolution-packshot|manual-source-rights-and-watermark-check"
"low","3ca7b3f9-cc52-43e1-9a1a-e29a8fe03c27","Valentino Garavani Donna 1.7 oz EPD SP","/product-images/catalog-v2/3ca7b3f9-cc52-43e1-9a1a-e29a8fe03c27.webp","replace-with-official-high-resolution-packshot|manual-source-rights-and-watermark-check"
"low","b4e5407d-ea28-47fb-a6b9-6d9354b3803b","Valentino Garavani Donna Born in Roma EDP SP 1.0 oz Coral","/product-images/catalog-v2/b4e5407d-ea28-47fb-a6b9-6d9354b3803b.webp","replace-with-official-high-resolution-packshot|manual-source-rights-and-watermark-check"
"low","b4b4e9f8-2ce6-4f5d-9517-5f5e0b2141c9","Valentino Garavani Donna Born in Roma EDP SP 1.7 oz Extradose","/product-images/catalog-v2/b4b4e9f8-2ce6-4f5d-9517-5f5e0b2141c9.webp","replace-with-official-high-resolution-packshot|manual-source-rights-and-watermark-check"
"low","ef8b2c92-496f-45ae-82a2-9496e815fa36","Valentino Garavani Donna Born in Roma Intense 1.0 EDP SP","/product-images/catalog-v2/ef8b2c92-496f-45ae-82a2-9496e815fa36.webp","replace-with-official-high-resolution-packshot|manual-source-rights-and-watermark-check"
"low","5d8d734c-f480-47f1-9aba-ce9c6b9b3846","Versace Dylan Turquise EDT SP 3.4","/product-images/catalog-v2/5d8d734c-f480-47f1-9aba-ce9c6b9b3846.webp","replace-with-official-high-resolution-packshot|manual-source-rights-and-watermark-check"
"low","b66d1091-93c7-46af-9a9e-bea41c6a3a47","Versace Yellow  Diamond 1.7 EDT SP","/product-images/catalog-v2/b66d1091-93c7-46af-9a9e-bea41c6a3a47.webp","replace-with-official-high-resolution-packshot|manual-source-rights-and-watermark-check"
"low","5c62e997-d398-4257-a790-79b086b7b142","Victorinox Morning Dew 3.4oz ETD SP","/product-images/catalog-v2/5c62e997-d398-4257-a790-79b086b7b142.webp","replace-with-official-high-resolution-packshot|manual-source-rights-and-watermark-check"
"low","23833abf-50ae-4c36-81ef-77059ff7b9d5","Victorinox Swiss Army Steel 3.4 oz EDT SP","/product-images/catalog-v2/23833abf-50ae-4c36-81ef-77059ff7b9d5.webp","replace-with-official-high-resolution-packshot|manual-source-rights-and-watermark-check"
"low","0d40ac6f-77b3-4edf-9f34-831252595121","Victorinox Swiss Army Steel EDT 3.4","/product-images/catalog-v2/0d40ac6f-77b3-4edf-9f34-831252595121.webp","replace-with-official-high-resolution-packshot|manual-source-rights-and-watermark-check"
"low","c16a522f-7603-4542-aa13-99a8de4df16c","Viktor & Rolf Flowerbomb","/product-images/catalog-v2/c16a522f-7603-4542-aa13-99a8de4df16c.webp","replace-with-official-high-resolution-packshot|manual-source-rights-and-watermark-check"
"low","a67eb208-0372-4c16-ab86-232822c70dcf","Xerjoff Erba Pura Unisex 1.7oz EDP SP","/product-images/catalog-v2/a67eb208-0372-4c16-ab86-232822c70dcf.webp","replace-with-official-high-resolution-packshot|manual-source-rights-and-watermark-check"
"low","eb59905a-d31f-44b0-9742-71384ae61091","Yves Saint Laurent ""Y"" Intense Men 2.0 EDP SP","/product-images/catalog-v2/eb59905a-d31f-44b0-9742-71384ae61091.webp","replace-with-official-high-resolution-packshot|manual-source-rights-and-watermark-check"
"low","fb81fd90-a3a2-4a34-b0e6-75073e193ef8","Yves Saint Laurent ""Y"" Men 3.4 EDP SP Intense","/product-images/catalog-v2/fb81fd90-a3a2-4a34-b0e6-75073e193ef8.webp","replace-with-official-high-resolution-packshot|manual-source-rights-and-watermark-check"
"low","911abb00-171e-477a-8e96-b113da37a34d","Yves Saint Laurent Black Opium Over Red 1.7 oz EDP SP","/product-images/catalog-v2/911abb00-171e-477a-8e96-b113da37a34d.webp","replace-with-official-high-resolution-packshot|manual-source-rights-and-watermark-check"
"low","820bc742-f0b9-4e0c-ac50-e26fb7c4aa40","Yves Saint Laurent L'Homme 2.0 oz EDP SP","/product-images/catalog-v2/820bc742-f0b9-4e0c-ac50-e26fb7c4aa40.webp","replace-with-official-high-resolution-packshot|manual-source-rights-and-watermark-check"
"low","024ad417-5ec0-43fd-9b5f-a66833cfca64","Yves Saint Laurent Libre Flowers & Flames EDP SP 3.0 oz","/product-images/catalog-v2/024ad417-5ec0-43fd-9b5f-a66833cfca64.webp","replace-with-official-high-resolution-packshot|manual-source-rights-and-watermark-check"
"low","b419556d-aa81-44f6-a7e3-68e90a189466","Yves Saint Laurent Libre L'Absolu Platine Parfum Spray 3.0 oz","/product-images/catalog-v2/b419556d-aa81-44f6-a7e3-68e90a189466.webp","replace-with-official-high-resolution-packshot|manual-source-rights-and-watermark-check"
"low","212cf400-58e6-4ae8-8f70-163d5ee490e9","Yves Saint Laurent Libre L'Absolute Platine 1.7 EDP SP","/product-images/catalog-v2/212cf400-58e6-4ae8-8f70-163d5ee490e9.webp","replace-with-official-high-resolution-packshot|manual-source-rights-and-watermark-check"
"low","787b6974-dbf2-41eb-9191-40bfb572023a","Yves Saint Laurent Mon Paris Intensement Woman 1.7 EDP SP","/product-images/catalog-v2/787b6974-dbf2-41eb-9191-40bfb572023a.webp","replace-with-official-high-resolution-packshot|manual-source-rights-and-watermark-check"
