handle,fieldType,name,visible,plainDescription,categorySlugs,primaryCategorySlug,media,mediaAltText,ribbon,brand,price,strikethroughPrice,baseUnit,baseUnitMeasurement,totalUnits,totalUnitsMeasurement,cost,inventory,preOrderEnabled,preOrderMessage,preOrderLimit,sku,barcode,weight,packageLength,packageWidth,packageHeight,packageUnit,productOptionName1,productOptionType1,productOptionChoices1,productOptionName2,productOptionType2,productOptionChoices2,productOptionName3,productOptionType3,productOptionChoices3,productOptionName4,productOptionType4,productOptionChoices4,productOptionName5,productOptionType5,productOptionChoices5,productOptionName6,productOptionType6,productOptionChoices6,modifierName1,modifierType1,modifierCharLimit1,modifierMandatory1,modifierDescription1,modifierName2,modifierType2,modifierCharLimit2,modifierMandatory2,modifierDescription2,modifierName3,modifierType3,modifierCharLimit3,modifierMandatory3,modifierDescription3,modifierName4,modifierType4,modifierCharLimit4,modifierMandatory4,modifierDescription4,modifierName5,modifierType5,modifierCharLimit5,modifierMandatory5,modifierDescription5,modifierName6,modifierType6,modifierCharLimit6,modifierMandatory6,modifierDescription6,modifierName7,modifierType7,modifierCharLimit7,modifierMandatory7,modifierDescription7,modifierName8,modifierType8,modifierCharLimit8,modifierMandatory8,modifierDescription8,modifierName9,modifierType9,modifierCharLimit9,modifierMandatory9,modifierDescription9,modifierName10,modifierType10,modifierCharLimit10,modifierMandatory10,modifierDescription10
ap-family-dior-sauvage,PRODUCT,Sauvage,TRUE,An authentic men’s fragrance collection selected for the Aurum Privée collection.,all-fragrances;for-him;woody,all-fragrances,,,,Dior,250.00,,,,,,,,FALSE,,,,,,,,,,Edition,TEXT_CHOICES,6.8 oz · Eau de Parfum;2.0 oz · Fine fragrance;3.4 oz · Eau de Parfum;3.4 oz · Parfum;2.0 oz · Eau de Parfum;2.0 oz · Eau de Toilette,,,,,,,,,,,,,,,,,,,,,,,,,,,,,,,,,,,,,,,,,,,,,,,,,,,,,,,,,,,,,,,,,
ap-family-dior-sauvage,VARIANT,,,,,,,,,,250.00,,,,,,,7,FALSE,,,bb4bf3b6-a6cd-4bba-939d-3ceafbefad16,,,,,,,,,6.8 oz · Eau de Parfum,,,,,,,,,,,,,,,,,,,,,,,,,,,,,,,,,,,,,,,,,,,,,,,,,,,,,,,,,,,,,,,,,
ap-family-dior-sauvage,VARIANT,,,,,,,,,,150.00,,,,,,,1,FALSE,,,2df7bfb9-a95a-48ed-b1a3-0e75eb7e8814,,,,,,,,,2.0 oz · Fine fragrance,,,,,,,,,,,,,,,,,,,,,,,,,,,,,,,,,,,,,,,,,,,,,,,,,,,,,,,,,,,,,,,,,
ap-family-dior-sauvage,VARIANT,,,,,,,,,,165.00,,,,,,,8,FALSE,,,460426e4-f854-40f4-9217-7fac41fe75bf,,,,,,,,,3.4 oz · Eau de Parfum,,,,,,,,,,,,,,,,,,,,,,,,,,,,,,,,,,,,,,,,,,,,,,,,,,,,,,,,,,,,,,,,,
ap-family-dior-sauvage,VARIANT,,,,,,,,,,190.00,,,,,,,3,FALSE,,,e490f09d-f3cc-43d8-b39b-c8e29f1255f1,,,,,,,,,3.4 oz · Parfum,,,,,,,,,,,,,,,,,,,,,,,,,,,,,,,,,,,,,,,,,,,,,,,,,,,,,,,,,,,,,,,,,
ap-family-dior-sauvage,VARIANT,,,,,,,,,,120.00,,,,,,,1,FALSE,,,7b027759-a2c5-43e7-bb91-93975567c14e,,,,,,,,,2.0 oz · Eau de Parfum,,,,,,,,,,,,,,,,,,,,,,,,,,,,,,,,,,,,,,,,,,,,,,,,,,,,,,,,,,,,,,,,,
ap-family-dior-sauvage,VARIANT,,,,,,,,,,100.00,,,,,,,1,FALSE,,,9f78f027-1c03-4b3a-b6c8-7e397c098c26,,,,,,,,,2.0 oz · Eau de Toilette,,,,,,,,,,,,,,,,,,,,,,,,,,,,,,,,,,,,,,,,,,,,,,,,,,,,,,,,,,,,,,,,,
ap-family-dior-sauvage,MEDIA,,,,,,https://aurumprivee.com/product-images/catalog-v2/a9d8ad21-0164-4a1e-a04a-17da2c9b72ce.webp,Christian Dior- Sauvage EDP 6.8 oz product image,,,,,,,,,,,,,,,,,,,,,,,,,,,,,,,,,,,,,,,,,,,,,,,,,,,,,,,,,,,,,,,,,,,,,,,,,,,,,,,,,,,,,,,,
ap-family-dior-sauvage,MEDIA,,,,,,https://aurumprivee.com/product-images/catalog-v2/7d9e1722-0c03-4856-a125-b9bb48645ea0.webp,Dior- Sauvage 2.0 oz 60ml product image,,,,,,,,,,,,,,,,,,,,,,,,,,,,,,,,,,,,,,,,,,,,,,,,,,,,,,,,,,,,,,,,,,,,,,,,,,,,,,,,,,,,,,,,
ap-family-dior-sauvage,MEDIA,,,,,,https://aurumprivee.com/product-images/catalog-v2/2c111ba4-b277-48c7-904d-019aaae909f0.webp,Christian Dior - Dior Sauvage 3.4 EDP SP product image,,,,,,,,,,,,,,,,,,,,,,,,,,,,,,,,,,,,,,,,,,,,,,,,,,,,,,,,,,,,,,,,,,,,,,,,,,,,,,,,,,,,,,,,
ap-family-dior-sauvage,MEDIA,,,,,,https://aurumprivee.com/product-images/catalog-v2/bff35a7c-24de-4769-ba84-c9a1f778bcae.webp,Christian Dior - Dior Sauvage Parfum 3.4 SP product image,,,,,,,,,,,,,,,,,,,,,,,,,,,,,,,,,,,,,,,,,,,,,,,,,,,,,,,,,,,,,,,,,,,,,,,,,,,,,,,,,,,,,,,,
ap-family-dior-sauvage,MEDIA,,,,,,https://aurumprivee.com/product-images/catalog-v2/bb4d309c-a6ca-4584-98b8-1e1f7659fd51.webp,Dior - Sauvage 2.0 oz EDP SP product image,,,,,,,,,,,,,,,,,,,,,,,,,,,,,,,,,,,,,,,,,,,,,,,,,,,,,,,,,,,,,,,,,,,,,,,,,,,,,,,,,,,,,,,,
ap-family-dior-sauvage,MEDIA,,,,,,https://aurumprivee.com/product-images/catalog-v2/79bc2936-2333-46e7-897d-66081d9a6b41.webp,Dior - Sauvage EDT SP 2.0 product image,,,,,,,,,,,,,,,,,,,,,,,,,,,,,,,,,,,,,,,,,,,,,,,,,,,,,,,,,,,,,,,,,,,,,,,,,,,,,,,,,,,,,,,,
ap-family-burberry-weekend,PRODUCT,Weekend,TRUE,An authentic women’s fragrance collection selected for the Aurum Privée collection.,all-fragrances;for-her;floral,all-fragrances,,,,Burberry,61.00,,,,,,,,FALSE,,,,,,,,,,Edition,TEXT_CHOICES,1.0 oz · Eau de Parfum;3.3 oz · Eau de Parfum;1.0 oz · Eau de Toilette,,,,,,,,,,,,,,,,,,,,,,,,,,,,,,,,,,,,,,,,,,,,,,,,,,,,,,,,,,,,,,,,,
ap-family-burberry-weekend,VARIANT,,,,,,,,,,61.00,,,,,,,1,FALSE,,,005801d4-6ff6-47ef-b41e-ddc50856c838,,,,,,,,,1.0 oz · Eau de Parfum,,,,,,,,,,,,,,,,,,,,,,,,,,,,,,,,,,,,,,,,,,,,,,,,,,,,,,,,,,,,,,,,,
ap-family-burberry-weekend,VARIANT,,,,,,,,,,112.00,,,,,,,2,FALSE,,,092c8ab2-a9bd-4391-9bcb-377b560dc518,,,,,,,,,3.3 oz · Eau de Parfum,,,,,,,,,,,,,,,,,,,,,,,,,,,,,,,,,,,,,,,,,,,,,,,,,,,,,,,,,,,,,,,,,
ap-family-burberry-weekend,VARIANT,,,,,,,,,,51.00,,,,,,,1,FALSE,,,dedfa51f-380a-4386-b58c-61cf40d2dc47,,,,,,,,,1.0 oz · Eau de Toilette,,,,,,,,,,,,,,,,,,,,,,,,,,,,,,,,,,,,,,,,,,,,,,,,,,,,,,,,,,,,,,,,,
ap-family-burberry-weekend,MEDIA,,,,,,https://aurumprivee.com/product-images/catalog-v2/b7fe0781-d2f9-4fae-b532-8312825af61a.webp,Burberry- Weekend EDP 1.0 product image,,,,,,,,,,,,,,,,,,,,,,,,,,,,,,,,,,,,,,,,,,,,,,,,,,,,,,,,,,,,,,,,,,,,,,,,,,,,,,,,,,,,,,,,
ap-family-burberry-weekend,MEDIA,,,,,,https://aurumprivee.com/product-images/catalog-v2/d102a730-c7fd-4a4a-bf74-2e11fb5b0f72.webp,Burberry- Weekend EDP 3.3 product image,,,,,,,,,,,,,,,,,,,,,,,,,,,,,,,,,,,,,,,,,,,,,,,,,,,,,,,,,,,,,,,,,,,,,,,,,,,,,,,,,,,,,,,,
ap-family-burberry-weekend,MEDIA,,,,,,https://aurumprivee.com/product-images/catalog-v2/3a4e4d6f-4733-410d-8730-9d5d6567f3b4.webp,Burberry- Weekend EDT Spray 1.0 product image,,,,,,,,,,,,,,,,,,,,,,,,,,,,,,,,,,,,,,,,,,,,,,,,,,,,,,,,,,,,,,,,,,,,,,,,,,,,,,,,,,,,,,,,
ap-family-paco-rabanne-million,PRODUCT,1 Million,TRUE,An authentic men’s fragrance collection selected for the Aurum Privée collection.,all-fragrances;for-him;woody,all-fragrances,,,,Paco Rabanne,149.00,,,,,,,,FALSE,,,,,,,,,,Edition,TEXT_CHOICES,6.7 oz · Eau de Toilette;3.3 oz · Parfum;2.7 oz · Eau de Parfum,,,,,,,,,,,,,,,,,,,,,,,,,,,,,,,,,,,,,,,,,,,,,,,,,,,,,,,,,,,,,,,,,
ap-family-paco-rabanne-million,VARIANT,,,,,,,,,,149.00,,,,,,,3,FALSE,,,12c884dc-2af9-44b2-aa7e-4a175df9bd47,,,,,,,,,6.7 oz · Eau de Toilette,,,,,,,,,,,,,,,,,,,,,,,,,,,,,,,,,,,,,,,,,,,,,,,,,,,,,,,,,,,,,,,,,
ap-family-paco-rabanne-million,VARIANT,,,,,,,,,,135.00,,,,,,,4,FALSE,,,808d82ea-3e0b-419f-a81d-1f683cb1f610,,,,,,,,,3.3 oz · Parfum,,,,,,,,,,,,,,,,,,,,,,,,,,,,,,,,,,,,,,,,,,,,,,,,,,,,,,,,,,,,,,,,,
ap-family-paco-rabanne-million,VARIANT,,,,,,,,,,140.00,,,,,,,1,FALSE,,,be8ed277-19be-4362-ab08-526a75e56d49,,,,,,,,,2.7 oz · Eau de Parfum,,,,,,,,,,,,,,,,,,,,,,,,,,,,,,,,,,,,,,,,,,,,,,,,,,,,,,,,,,,,,,,,,
ap-family-paco-rabanne-million,MEDIA,,,,,,https://aurumprivee.com/product-images/catalog-v2/224cdd40-d192-41d3-9d77-9f9ab25eed38.webp,Paco Rabanne Million / EDT Spray 6.7 oz product image,,,,,,,,,,,,,,,,,,,,,,,,,,,,,,,,,,,,,,,,,,,,,,,,,,,,,,,,,,,,,,,,,,,,,,,,,,,,,,,,,,,,,,,,
ap-family-paco-rabanne-million,MEDIA,,,,,,https://aurumprivee.com/product-images/catalog-v2/b576a220-12a0-48b8-86c5-7e9024d84176.webp,Paco Rabanne Million / Parfum Spray 3.3 oz product image,,,,,,,,,,,,,,,,,,,,,,,,,,,,,,,,,,,,,,,,,,,,,,,,,,,,,,,,,,,,,,,,,,,,,,,,,,,,,,,,,,,,,,,,
ap-family-paco-rabanne-million,MEDIA,,,,,,https://aurumprivee.com/product-images/catalog-v2/837055e1-ed2e-4f1b-921e-9766c7160dc7.webp,Paco Rabanne Million EDP sp 2.7oz product image,,,,,,,,,,,,,,,,,,,,,,,,,,,,,,,,,,,,,,,,,,,,,,,,,,,,,,,,,,,,,,,,,,,,,,,,,,,,,,,,,,,,,,,,
ap-family-antonio-banderas-diavolo,PRODUCT,Diavolo,TRUE,An authentic men’s fragrance collection selected for the Aurum Privée collection.,all-fragrances;for-him;woody,all-fragrances,,,,Antonio Banderas,55.00,,,,,,,,FALSE,,,,,,,,,,Edition,TEXT_CHOICES,6.75 oz · Eau de Toilette;1.7 oz · Eau de Toilette,,,,,,,,,,,,,,,,,,,,,,,,,,,,,,,,,,,,,,,,,,,,,,,,,,,,,,,,,,,,,,,,,
ap-family-antonio-banderas-diavolo,VARIANT,,,,,,,,,,55.00,,,,,,,1,FALSE,,,e7a36f55-8ec4-43d9-90d1-47068d1cb9aa,,,,,,,,,6.75 oz · Eau de Toilette,,,,,,,,,,,,,,,,,,,,,,,,,,,,,,,,,,,,,,,,,,,,,,,,,,,,,,,,,,,,,,,,,
ap-family-antonio-banderas-diavolo,VARIANT,,,,,,,,,,30.00,,,,,,,2,FALSE,,,2286d090-4402-4a09-9ae5-bb5dfb03feed,,,,,,,,,1.7 oz · Eau de Toilette,,,,,,,,,,,,,,,,,,,,,,,,,,,,,,,,,,,,,,,,,,,,,,,,,,,,,,,,,,,,,,,,,
ap-family-antonio-banderas-diavolo,MEDIA,,,,,,https://aurumprivee.com/product-images/catalog-v2/5d713a6b-8e7d-4762-b409-d07ba10a7dbd.webp,Antonio Banderas-  Men's Diavolo EDT Spray 6.75 oz product image,,,,,,,,,,,,,,,,,,,,,,,,,,,,,,,,,,,,,,,,,,,,,,,,,,,,,,,,,,,,,,,,,,,,,,,,,,,,,,,,,,,,,,,,
ap-family-antonio-banderas-diavolo,MEDIA,,,,,,https://aurumprivee.com/product-images/catalog-v2/48f6f1ef-745e-454f-b4da-741001cfd071.webp,Antonio Banderas- Men's Diavolo EDT Spray 1.7 oz product image,,,,,,,,,,,,,,,,,,,,,,,,,,,,,,,,,,,,,,,,,,,,,,,,,,,,,,,,,,,,,,,,,,,,,,,,,,,,,,,,,,,,,,,,
ap-family-calvin-klein-in2u,PRODUCT,CK IN2U,TRUE,An authentic women’s fragrance collection selected for the Aurum Privée collection.,all-fragrances;for-her;floral,all-fragrances,,,,Calvin Klein,55.00,,,,,,,,FALSE,,,,,,,,,,Edition,TEXT_CHOICES,3.4 oz · Eau de Toilette;5.0 oz · Eau de Toilette,,,,,,,,,,,,,,,,,,,,,,,,,,,,,,,,,,,,,,,,,,,,,,,,,,,,,,,,,,,,,,,,,
ap-family-calvin-klein-in2u,VARIANT,,,,,,,,,,55.00,,,,,,,2,FALSE,,,9cac1c4f-a5b1-41c0-85a0-855fef578cd0,,,,,,,,,3.4 oz · Eau de Toilette,,,,,,,,,,,,,,,,,,,,,,,,,,,,,,,,,,,,,,,,,,,,,,,,,,,,,,,,,,,,,,,,,
ap-family-calvin-klein-in2u,VARIANT,,,,,,,,,,72.00,,,,,,,3,FALSE,,,89438ef5-9d37-4d3a-b228-eaa4b356ccad,,,,,,,,,5.0 oz · Eau de Toilette,,,,,,,,,,,,,,,,,,,,,,,,,,,,,,,,,,,,,,,,,,,,,,,,,,,,,,,,,,,,,,,,,
ap-family-calvin-klein-in2u,MEDIA,,,,,,https://aurumprivee.com/product-images/catalog-v2/e818cc29-2373-4d7d-854c-320f94c6300f.webp,Calvin Klein- In 2 U 3.4 EDT product image,,,,,,,,,,,,,,,,,,,,,,,,,,,,,,,,,,,,,,,,,,,,,,,,,,,,,,,,,,,,,,,,,,,,,,,,,,,,,,,,,,,,,,,,
ap-family-calvin-klein-in2u,MEDIA,,,,,,https://aurumprivee.com/product-images/catalog-v2/54af2cc1-40a2-4a42-9e72-9d4cd2fe0c88.webp,Calvin Klein- In 2 U 5.0 EDT product image,,,,,,,,,,,,,,,,,,,,,,,,,,,,,,,,,,,,,,,,,,,,,,,,,,,,,,,,,,,,,,,,,,,,,,,,,,,,,,,,,,,,,,,,
ap-family-carolina-herrera-212-nyc,PRODUCT,212 NYC,TRUE,An authentic women’s fragrance collection selected for the Aurum Privée collection.,all-fragrances;for-her;floral,all-fragrances,,,,Carolina Herrera,127.00,,,,,,,,FALSE,,,,,,,,,,Edition,TEXT_CHOICES,3.4 oz · Eau de Toilette;2.7 oz · Eau de Toilette,,,,,,,,,,,,,,,,,,,,,,,,,,,,,,,,,,,,,,,,,,,,,,,,,,,,,,,,,,,,,,,,,
ap-family-carolina-herrera-212-nyc,VARIANT,,,,,,,,,,127.00,,,,,,,5,FALSE,,,e9f781d8-b677-4a25-8ecf-010e68f9fc41,,,,,,,,,3.4 oz · Eau de Toilette,,,,,,,,,,,,,,,,,,,,,,,,,,,,,,,,,,,,,,,,,,,,,,,,,,,,,,,,,,,,,,,,,
ap-family-carolina-herrera-212-nyc,VARIANT,,,,,,,,,,122.00,,,,,,,2,FALSE,,,6755009f-2aa4-4002-9990-9ab9a899fa14,,,,,,,,,2.7 oz · Eau de Toilette,,,,,,,,,,,,,,,,,,,,,,,,,,,,,,,,,,,,,,,,,,,,,,,,,,,,,,,,,,,,,,,,,
ap-family-carolina-herrera-212-nyc,MEDIA,,,,,,https://aurumprivee.com/product-images/catalog-v2/ca652989-f345-4bbe-95f5-2bc61626cc5c.webp,Carolina Herrera- 212 Nyc / EDT Spray 3.4 oz product image,,,,,,,,,,,,,,,,,,,,,,,,,,,,,,,,,,,,,,,,,,,,,,,,,,,,,,,,,,,,,,,,,,,,,,,,,,,,,,,,,,,,,,,,
ap-family-carolina-herrera-212-nyc,MEDIA,,,,,,https://aurumprivee.com/images/product-awaiting-photography.webp,Photography for Aurum Privée Edit Carolina Herrera- 212 Nyc / EDT Spray 2.7 oz is being prepared,,,,,,,,,,,,,,,,,,,,,,,,,,,,,,,,,,,,,,,,,,,,,,,,,,,,,,,,,,,,,,,,,,,,,,,,,,,,,,,,,,,,,,,,
ap-family-giorgio-armani-diamonds-men,PRODUCT,Armani Diamonds for Men,TRUE,An authentic men’s fragrance collection selected for the Aurum Privée collection.,all-fragrances;for-him;woody,all-fragrances,,,,Giorgio Armani,82.00,,,,,,,,FALSE,,,,,,,,,,Edition,TEXT_CHOICES,1.7 oz · Eau de Toilette;2.5 oz · Eau de Toilette,,,,,,,,,,,,,,,,,,,,,,,,,,,,,,,,,,,,,,,,,,,,,,,,,,,,,,,,,,,,,,,,,
ap-family-giorgio-armani-diamonds-men,VARIANT,,,,,,,,,,82.00,,,,,,,1,FALSE,,,5273c3cf-b326-41de-8c55-5a7181c377e9,,,,,,,,,1.7 oz · Eau de Toilette,,,,,,,,,,,,,,,,,,,,,,,,,,,,,,,,,,,,,,,,,,,,,,,,,,,,,,,,,,,,,,,,,
ap-family-giorgio-armani-diamonds-men,VARIANT,,,,,,,,,,100.00,,,,,,,3,FALSE,,,ab0592d7-7445-42fd-ba19-3d8f096dd883,,,,,,,,,2.5 oz · Eau de Toilette,,,,,,,,,,,,,,,,,,,,,,,,,,,,,,,,,,,,,,,,,,,,,,,,,,,,,,,,,,,,,,,,,
ap-family-giorgio-armani-diamonds-men,MEDIA,,,,,,https://aurumprivee.com/product-images/catalog-v2/73f80857-6603-49ae-a2b1-5e8f2d2731d2.webp,Giorgio Armani- Armani  Diamonds  Men  1.7  EDT  SP product image,,,,,,,,,,,,,,,,,,,,,,,,,,,,,,,,,,,,,,,,,,,,,,,,,,,,,,,,,,,,,,,,,,,,,,,,,,,,,,,,,,,,,,,,
ap-family-giorgio-armani-diamonds-men,MEDIA,,,,,,https://aurumprivee.com/images/product-awaiting-photography.webp,Photography for Aurum Privée Edit Giorgio Armani- Armani  Diamonds  Men 2.5  EDT  SP is being prepared,,,,,,,,,,,,,,,,,,,,,,,,,,,,,,,,,,,,,,,,,,,,,,,,,,,,,,,,,,,,,,,,,,,,,,,,,,,,,,,,,,,,,,,,
ap-family-paco-rabanne-lady-million-fabulous,PRODUCT,Lady Million Fabulous Intense,TRUE,An authentic women’s fragrance collection selected for the Aurum Privée collection.,all-fragrances;for-her;floral,all-fragrances,,,,Paco Rabanne,125.00,,,,,,,,FALSE,,,,,,,,,,Edition,TEXT_CHOICES,1.7 oz · Eau de Parfum;2.7 oz · Eau de Parfum,,,,,,,,,,,,,,,,,,,,,,,,,,,,,,,,,,,,,,,,,,,,,,,,,,,,,,,,,,,,,,,,,
ap-family-paco-rabanne-lady-million-fabulous,VARIANT,,,,,,,,,,125.00,,,,,,,2,FALSE,,,436cf178-8351-48dc-b046-28b07eb9bba3,,,,,,,,,1.7 oz · Eau de Parfum,,,,,,,,,,,,,,,,,,,,,,,,,,,,,,,,,,,,,,,,,,,,,,,,,,,,,,,,,,,,,,,,,
ap-family-paco-rabanne-lady-million-fabulous,VARIANT,,,,,,,,,,140.00,,,,,,,2,FALSE,,,c368cfb3-c4d7-4cf4-b207-f79a8d71d25c,,,,,,,,,2.7 oz · Eau de Parfum,,,,,,,,,,,,,,,,,,,,,,,,,,,,,,,,,,,,,,,,,,,,,,,,,,,,,,,,,,,,,,,,,
ap-family-paco-rabanne-lady-million-fabulous,MEDIA,,,,,,https://aurumprivee.com/product-images/catalog-v2/6219c7d6-c8b8-4ccf-87d9-880524875cc2.webp,Paco Rabanne- Lady Million Fabulous Intense EDP Spray 1.7 oz product image,,,,,,,,,,,,,,,,,,,,,,,,,,,,,,,,,,,,,,,,,,,,,,,,,,,,,,,,,,,,,,,,,,,,,,,,,,,,,,,,,,,,,,,,
ap-family-paco-rabanne-lady-million-fabulous,MEDIA,,,,,,https://aurumprivee.com/product-images/catalog-v2/db9fccdf-6555-411f-85b4-34fdab1364b7.webp,Paco Rabanne-Lady Million Fabulous Intense EDP Spray 2.7 oz product image,,,,,,,,,,,,,,,,,,,,,,,,,,,,,,,,,,,,,,,,,,,,,,,,,,,,,,,,,,,,,,,,,,,,,,,,,,,,,,,,,,,,,,,,
ap-family-carolina-herrera-la-bomba,PRODUCT,La Bomba,TRUE,An authentic men's fragrance collection selected for the Aurum Privée collection.,all-fragrances;for-him;woody,all-fragrances,,,,Carolina Herrera,134.00,,,,,,,,FALSE,,,,,,,,,,Edition,TEXT_CHOICES,1.7 oz · Eau de Parfum;2.7 oz · Eau de Parfum,,,,,,,,,,,,,,,,,,,,,,,,,,,,,,,,,,,,,,,,,,,,,,,,,,,,,,,,,,,,,,,,,
ap-family-carolina-herrera-la-bomba,VARIANT,,,,,,,,,,134.00,,,,,,,2,FALSE,,,bb00ef84-1e72-41c7-97e8-2a5cd691ce2b,,,,,,,,,1.7 oz · Eau de Parfum,,,,,,,,,,,,,,,,,,,,,,,,,,,,,,,,,,,,,,,,,,,,,,,,,,,,,,,,,,,,,,,,,
ap-family-carolina-herrera-la-bomba,VARIANT,,,,,,,,,,175.00,,,,,,,4,FALSE,,,97c02542-ffe1-489c-a2d1-4f7749d62458,,,,,,,,,2.7 oz · Eau de Parfum,,,,,,,,,,,,,,,,,,,,,,,,,,,,,,,,,,,,,,,,,,,,,,,,,,,,,,,,,,,,,,,,,
ap-family-carolina-herrera-la-bomba,MEDIA,,,,,,https://aurumprivee.com/product-images/catalog-v2/884743a7-02c0-4b5c-9b9a-3b66db4f2b17.webp,Carolina Herrera - La Bomba EDP SP 1.7 product image,,,,,,,,,,,,,,,,,,,,,,,,,,,,,,,,,,,,,,,,,,,,,,,,,,,,,,,,,,,,,,,,,,,,,,,,,,,,,,,,,,,,,,,,
ap-family-carolina-herrera-la-bomba,MEDIA,,,,,,https://aurumprivee.com/product-images/catalog-v2/8a1eba4e-c8d9-43de-9f55-aadc5d6ad39d.webp,Carolina Herrera - La Bomba EDP SP 2.7 oz product image,,,,,,,,,,,,,,,,,,,,,,,,,,,,,,,,,,,,,,,,,,,,,,,,,,,,,,,,,,,,,,,,,,,,,,,,,,,,,,,,,,,,,,,,
ap-family-givenchy-organza,PRODUCT,Organza,TRUE,An authentic women’s fragrance collection selected for the Aurum Privée collection.,all-fragrances;for-her;floral,all-fragrances,,,,Givenchy,68.00,,,,,,,,FALSE,,,,,,,,,,Edition,TEXT_CHOICES,1.0 oz · Eau de Parfum;3.4 oz · Eau de Parfum,,,,,,,,,,,,,,,,,,,,,,,,,,,,,,,,,,,,,,,,,,,,,,,,,,,,,,,,,,,,,,,,,
ap-family-givenchy-organza,VARIANT,,,,,,,,,,68.00,,,,,,,2,FALSE,,,cfb5b4a8-067a-411f-8043-b975bbddd5a5,,,,,,,,,1.0 oz · Eau de Parfum,,,,,,,,,,,,,,,,,,,,,,,,,,,,,,,,,,,,,,,,,,,,,,,,,,,,,,,,,,,,,,,,,
ap-family-givenchy-organza,VARIANT,,,,,,,,,,140.00,,,,,,,3,FALSE,,,44181ae9-f7be-4333-b40e-276af678d89a,,,,,,,,,3.4 oz · Eau de Parfum,,,,,,,,,,,,,,,,,,,,,,,,,,,,,,,,,,,,,,,,,,,,,,,,,,,,,,,,,,,,,,,,,
ap-family-givenchy-organza,MEDIA,,,,,,https://aurumprivee.com/product-images/catalog-v2/a9d73da4-740f-48e3-bc83-7bbf2c715047.webp,Givenchy - Organza Woman 1.0 EDP SP product image,,,,,,,,,,,,,,,,,,,,,,,,,,,,,,,,,,,,,,,,,,,,,,,,,,,,,,,,,,,,,,,,,,,,,,,,,,,,,,,,,,,,,,,,
ap-family-givenchy-organza,MEDIA,,,,,,https://aurumprivee.com/product-images/catalog-v2/f2c66cee-dd96-44a3-9e7b-57e4248452b7.webp,Givenchy - Organza Woman 3.4 EDP SP product image,,,,,,,,,,,,,,,,,,,,,,,,,,,,,,,,,,,,,,,,,,,,,,,,,,,,,,,,,,,,,,,,,,,,,,,,,,,,,,,,,,,,,,,,
ap-family-givenchy-very-irresistible,PRODUCT,Very Irrésistible,TRUE,An authentic women's fragrance collection selected for the Aurum Privée collection.,all-fragrances;for-her;floral,all-fragrances,,,,Givenchy,139.00,,,,,,,,FALSE,,,,,,,,,,Edition,TEXT_CHOICES,2.5 oz · Eau de Parfum;2.5 oz · Eau de Toilette,,,,,,,,,,,,,,,,,,,,,,,,,,,,,,,,,,,,,,,,,,,,,,,,,,,,,,,,,,,,,,,,,
ap-family-givenchy-very-irresistible,VARIANT,,,,,,,,,,139.00,,,,,,,4,FALSE,,,4efe9971-699e-433c-8c44-c5ddb61ae136,,,,,,,,,2.5 oz · Eau de Parfum,,,,,,,,,,,,,,,,,,,,,,,,,,,,,,,,,,,,,,,,,,,,,,,,,,,,,,,,,,,,,,,,,
ap-family-givenchy-very-irresistible,VARIANT,,,,,,,,,,104.00,,,,,,,2,FALSE,,,0be45ee5-91a2-491d-a30a-3252eef4c006,,,,,,,,,2.5 oz · Eau de Toilette,,,,,,,,,,,,,,,,,,,,,,,,,,,,,,,,,,,,,,,,,,,,,,,,,,,,,,,,,,,,,,,,,
ap-family-givenchy-very-irresistible,MEDIA,,,,,,https://aurumprivee.com/product-images/catalog-v2/da50a4fe-7ce6-4309-8310-daf8d2d9dc19.webp,Givenchy - Very Irresistible 2.5 oz EDP SP product image,,,,,,,,,,,,,,,,,,,,,,,,,,,,,,,,,,,,,,,,,,,,,,,,,,,,,,,,,,,,,,,,,,,,,,,,,,,,,,,,,,,,,,,,
ap-family-givenchy-very-irresistible,MEDIA,,,,,,https://aurumprivee.com/product-images/catalog-v2/cb868f8f-ac0f-44b9-83c8-c9b0356b5ad2.webp,Givenchy - Very Irresistible 2.5 oz EDT SP product image,,,,,,,,,,,,,,,,,,,,,,,,,,,,,,,,,,,,,,,,,,,,,,,,,,,,,,,,,,,,,,,,,,,,,,,,,,,,,,,,,,,,,,,,
ap-family-guy-laroche-drakkar-noir,PRODUCT,Drakkar Noir,TRUE,An authentic men’s fragrance collection selected for the Aurum Privée collection.,all-fragrances;for-him;woody,all-fragrances,,,,Guy Laroche,45.00,,,,,,,,FALSE,,,,,,,,,,Edition,TEXT_CHOICES,1.7 oz · Eau de Toilette;3.4 oz · Eau de Toilette,,,,,,,,,,,,,,,,,,,,,,,,,,,,,,,,,,,,,,,,,,,,,,,,,,,,,,,,,,,,,,,,,
ap-family-guy-laroche-drakkar-noir,VARIANT,,,,,,,,,,45.00,,,,,,,1,FALSE,,,c6a0f148-bb23-438b-9836-e87cc2d3a796,,,,,,,,,1.7 oz · Eau de Toilette,,,,,,,,,,,,,,,,,,,,,,,,,,,,,,,,,,,,,,,,,,,,,,,,,,,,,,,,,,,,,,,,,
ap-family-guy-laroche-drakkar-noir,VARIANT,,,,,,,,,,65.00,,,,,,,11,FALSE,,,87974458-10ce-4495-85d2-3cd4ac8e488c,,,,,,,,,3.4 oz · Eau de Toilette,,,,,,,,,,,,,,,,,,,,,,,,,,,,,,,,,,,,,,,,,,,,,,,,,,,,,,,,,,,,,,,,,
ap-family-guy-laroche-drakkar-noir,MEDIA,,,,,,https://aurumprivee.com/product-images/catalog-v2/964997fa-4974-4c5e-804f-d7c7d8e01e1e.webp,Guy Laroche - Drakkar Noir Men 1.7 EDT SP product image,,,,,,,,,,,,,,,,,,,,,,,,,,,,,,,,,,,,,,,,,,,,,,,,,,,,,,,,,,,,,,,,,,,,,,,,,,,,,,,,,,,,,,,,
ap-family-guy-laroche-drakkar-noir,MEDIA,,,,,,https://aurumprivee.com/product-images/catalog-v2/4de32c17-2c8f-470b-a773-2ffeae9480f9.webp,Guy Laroche - Drakkar Noir Men 3.4 EDT SP product image,,,,,,,,,,,,,,,,,,,,,,,,,,,,,,,,,,,,,,,,,,,,,,,,,,,,,,,,,,,,,,,,,,,,,,,,,,,,,,,,,,,,,,,,
ap-family-jean-paul-gaultier-classique,PRODUCT,Classique,TRUE,An authentic women's fragrance collection selected for the Aurum Privée collection.,all-fragrances;for-her;floral,all-fragrances,,,,Jean Paul Gaultier,108.00,,,,,,,,FALSE,,,,,,,,,,Edition,TEXT_CHOICES,1.7 oz · Eau de Toilette;3.3 oz · Eau de Toilette,,,,,,,,,,,,,,,,,,,,,,,,,,,,,,,,,,,,,,,,,,,,,,,,,,,,,,,,,,,,,,,,,
ap-family-jean-paul-gaultier-classique,VARIANT,,,,,,,,,,108.00,,,,,,,1,FALSE,,,fcea81c4-2e72-4c8e-9e19-39e22115cfb7,,,,,,,,,1.7 oz · Eau de Toilette,,,,,,,,,,,,,,,,,,,,,,,,,,,,,,,,,,,,,,,,,,,,,,,,,,,,,,,,,,,,,,,,,
ap-family-jean-paul-gaultier-classique,VARIANT,,,,,,,,,,139.00,,,,,,,8,FALSE,,,23babd79-2c37-481f-a885-470b96c67090,,,,,,,,,3.3 oz · Eau de Toilette,,,,,,,,,,,,,,,,,,,,,,,,,,,,,,,,,,,,,,,,,,,,,,,,,,,,,,,,,,,,,,,,,
ap-family-jean-paul-gaultier-classique,MEDIA,,,,,,https://aurumprivee.com/product-images/catalog-v2/c39639c0-daa6-4088-847d-e1c7fb6e26e6.webp,Jean Paul Gaultier - Classique 1.7 oz EDT SP product image,,,,,,,,,,,,,,,,,,,,,,,,,,,,,,,,,,,,,,,,,,,,,,,,,,,,,,,,,,,,,,,,,,,,,,,,,,,,,,,,,,,,,,,,
ap-family-jean-paul-gaultier-classique,MEDIA,,,,,,https://aurumprivee.com/product-images/catalog-v2/23fcd8b4-ac87-408b-8551-145d3b446636.webp,Jean Paul Gaultier - Classique 3.3 oz EDT SP product image,,,,,,,,,,,,,,,,,,,,,,,,,,,,,,,,,,,,,,,,,,,,,,,,,,,,,,,,,,,,,,,,,,,,,,,,,,,,,,,,,,,,,,,,
ap-family-lancome-la-vie-est-belle,PRODUCT,La Vie Est Belle,TRUE,An authentic women’s fragrance collection selected for the Aurum Privée collection.,all-fragrances;for-her;floral,all-fragrances,,,,Lancôme,118.00,,,,,,,,FALSE,,,,,,,,,,Edition,TEXT_CHOICES,1.7 oz · Eau de Parfum;3.4 oz · Eau de Parfum,,,,,,,,,,,,,,,,,,,,,,,,,,,,,,,,,,,,,,,,,,,,,,,,,,,,,,,,,,,,,,,,,
ap-family-lancome-la-vie-est-belle,VARIANT,,,,,,,,,,118.00,,,,,,,3,FALSE,,,f205281d-1618-402f-9ff7-6e213c1326ef,,,,,,,,,1.7 oz · Eau de Parfum,,,,,,,,,,,,,,,,,,,,,,,,,,,,,,,,,,,,,,,,,,,,,,,,,,,,,,,,,,,,,,,,,
ap-family-lancome-la-vie-est-belle,VARIANT,,,,,,,,,,150.00,,,,,,,2,FALSE,,,0c6da493-fa13-45d0-a5f8-93fd198cb08c,,,,,,,,,3.4 oz · Eau de Parfum,,,,,,,,,,,,,,,,,,,,,,,,,,,,,,,,,,,,,,,,,,,,,,,,,,,,,,,,,,,,,,,,,
ap-family-lancome-la-vie-est-belle,MEDIA,,,,,,https://aurumprivee.com/product-images/catalog-v2/c666f656-be1c-4f55-b42e-4dc82d8035ec.webp,Lancome - La Vie Est Belle 1.7 EDP product image,,,,,,,,,,,,,,,,,,,,,,,,,,,,,,,,,,,,,,,,,,,,,,,,,,,,,,,,,,,,,,,,,,,,,,,,,,,,,,,,,,,,,,,,
ap-family-lancome-la-vie-est-belle,MEDIA,,,,,,https://aurumprivee.com/product-images/catalog-v2/e5c882e8-bebc-43dd-abfc-503d2d3fd70e.webp,Lancome - La Vie Est Belle 3.4 EDP SP product image,,,,,,,,,,,,,,,,,,,,,,,,,,,,,,,,,,,,,,,,,,,,,,,,,,,,,,,,,,,,,,,,,,,,,,,,,,,,,,,,,,,,,,,,
ap-family-michael-kors-gorgeous,PRODUCT,Gorgeous!,TRUE,An authentic women’s fragrance collection selected for the Aurum Privée collection.,all-fragrances;for-her;floral,all-fragrances,,,,Michael Kors,85.00,,,,,,,,FALSE,,,,,,,,,,Edition,TEXT_CHOICES,1.0 oz · Eau de Parfum;3.3 oz · Eau de Parfum,,,,,,,,,,,,,,,,,,,,,,,,,,,,,,,,,,,,,,,,,,,,,,,,,,,,,,,,,,,,,,,,,
ap-family-michael-kors-gorgeous,VARIANT,,,,,,,,,,85.00,,,,,,,6,FALSE,,,60fcd3cf-f517-4ea1-ab52-babbeebe52e8,,,,,,,,,1.0 oz · Eau de Parfum,,,,,,,,,,,,,,,,,,,,,,,,,,,,,,,,,,,,,,,,,,,,,,,,,,,,,,,,,,,,,,,,,
ap-family-michael-kors-gorgeous,VARIANT,,,,,,,,,,122.00,,,,,,,3,FALSE,,,83b47c13-5ceb-402e-8c0a-220063ce3bbe,,,,,,,,,3.3 oz · Eau de Parfum,,,,,,,,,,,,,,,,,,,,,,,,,,,,,,,,,,,,,,,,,,,,,,,,,,,,,,,,,,,,,,,,,
ap-family-michael-kors-gorgeous,MEDIA,,,,,,https://aurumprivee.com/product-images/catalog-v2/7ca97d40-cc31-4c02-8834-70f75617ac12.webp,Michael Kors - Gorgeous Woman 1.0 EDP SP product image,,,,,,,,,,,,,,,,,,,,,,,,,,,,,,,,,,,,,,,,,,,,,,,,,,,,,,,,,,,,,,,,,,,,,,,,,,,,,,,,,,,,,,,,
ap-family-michael-kors-gorgeous,MEDIA,,,,,,https://aurumprivee.com/product-images/catalog-v2/bcc05b72-3441-40b4-8edf-7c780813ce13.webp,Michael Kors - Gorgeous Woman 3.3 EDP SP product image,,,,,,,,,,,,,,,,,,,,,,,,,,,,,,,,,,,,,,,,,,,,,,,,,,,,,,,,,,,,,,,,,,,,,,,,,,,,,,,,,,,,,,,,
ap-family-paco-rabanne-phantom-intense-elixir,PRODUCT,Phantom Intense Elixir,TRUE,An authentic men's fragrance collection selected for the Aurum Privée collection.,all-fragrances;for-him;woody,all-fragrances,,,,Paco Rabanne,126.00,,,,,,,,FALSE,,,,,,,,,,Edition,TEXT_CHOICES,1.7 oz · Eau de Parfum;3.4 oz · Eau de Parfum,,,,,,,,,,,,,,,,,,,,,,,,,,,,,,,,,,,,,,,,,,,,,,,,,,,,,,,,,,,,,,,,,
ap-family-paco-rabanne-phantom-intense-elixir,VARIANT,,,,,,,,,,126.00,,,,,,,1,FALSE,,,09de25d0-df98-43dc-9284-c2ff18e2acf3,,,,,,,,,1.7 oz · Eau de Parfum,,,,,,,,,,,,,,,,,,,,,,,,,,,,,,,,,,,,,,,,,,,,,,,,,,,,,,,,,,,,,,,,,
ap-family-paco-rabanne-phantom-intense-elixir,VARIANT,,,,,,,,,,162.00,,,,,,,1,FALSE,,,eb570b43-b950-4dd8-bdc4-bfdaa1dbdee7,,,,,,,,,3.4 oz · Eau de Parfum,,,,,,,,,,,,,,,,,,,,,,,,,,,,,,,,,,,,,,,,,,,,,,,,,,,,,,,,,,,,,,,,,
ap-family-paco-rabanne-phantom-intense-elixir,MEDIA,,,,,,https://aurumprivee.com/product-images/catalog-v2/21bf92f8-73e2-4e55-b2fa-26cec294cab6.webp,Paco Rabanne - Phantom Intense Elixir 1.7 EDP SP product image,,,,,,,,,,,,,,,,,,,,,,,,,,,,,,,,,,,,,,,,,,,,,,,,,,,,,,,,,,,,,,,,,,,,,,,,,,,,,,,,,,,,,,,,
ap-family-paco-rabanne-phantom-intense-elixir,MEDIA,,,,,,https://aurumprivee.com/product-images/catalog-v2/ff28330b-410b-452c-8535-4dce1a7fef19.webp,Paco Rabanne - Phantom Intense Elixir 3.4oz EDP SP product image,,,,,,,,,,,,,,,,,,,,,,,,,,,,,,,,,,,,,,,,,,,,,,,,,,,,,,,,,,,,,,,,,,,,,,,,,,,,,,,,,,,,,,,,
ap-family-prada-luna-rossa-ocean,PRODUCT,Luna Rossa Ocean,TRUE,An authentic men's fragrance collection selected for the Aurum Privée collection.,all-fragrances;for-him;woody,all-fragrances,,,,Prada,95.00,,,,,,,,FALSE,,,,,,,,,,Edition,TEXT_CHOICES,1.6 oz · Eau de Toilette;3.38 oz · Eau de Parfum,,,,,,,,,,,,,,,,,,,,,,,,,,,,,,,,,,,,,,,,,,,,,,,,,,,,,,,,,,,,,,,,,
ap-family-prada-luna-rossa-ocean,VARIANT,,,,,,,,,,95.00,,,,,,,1,FALSE,,,bf9436db-a747-478d-9229-f724aa1a8ce0,,,,,,,,,1.6 oz · Eau de Toilette,,,,,,,,,,,,,,,,,,,,,,,,,,,,,,,,,,,,,,,,,,,,,,,,,,,,,,,,,,,,,,,,,
ap-family-prada-luna-rossa-ocean,VARIANT,,,,,,,,,,130.00,,,,,,,3,FALSE,,,13f188ee-1169-4d07-98e1-b735c3aaed46,,,,,,,,,3.38 oz · Eau de Parfum,,,,,,,,,,,,,,,,,,,,,,,,,,,,,,,,,,,,,,,,,,,,,,,,,,,,,,,,,,,,,,,,,
ap-family-prada-luna-rossa-ocean,MEDIA,,,,,,https://aurumprivee.com/product-images/catalog-v2/cca49fda-fc8e-43f0-bf90-2f747dc93096.webp,Prada - Luna Rossa Ocean 1.6 oz EDT SP product image,,,,,,,,,,,,,,,,,,,,,,,,,,,,,,,,,,,,,,,,,,,,,,,,,,,,,,,,,,,,,,,,,,,,,,,,,,,,,,,,,,,,,,,,
ap-family-prada-luna-rossa-ocean,MEDIA,,,,,,https://aurumprivee.com/product-images/catalog-v2/b69413c1-d794-4410-b705-eca575502163.webp,Prada - Luna Rossa Ocean Eau de Parfum 3.38 oz EDP SP product image,,,,,,,,,,,,,,,,,,,,,,,,,,,,,,,,,,,,,,,,,,,,,,,,,,,,,,,,,,,,,,,,,,,,,,,,,,,,,,,,,,,,,,,,
ap-family-ralph-lauren-romance,PRODUCT,Romance,TRUE,An authentic women’s fragrance collection selected for the Aurum Privée collection.,all-fragrances;for-her;floral,all-fragrances,,,,Ralph Lauren,102.00,,,,,,,,FALSE,,,,,,,,,,Edition,TEXT_CHOICES,1.7 oz · Eau de Parfum;3.4 oz · Eau de Parfum,,,,,,,,,,,,,,,,,,,,,,,,,,,,,,,,,,,,,,,,,,,,,,,,,,,,,,,,,,,,,,,,,
ap-family-ralph-lauren-romance,VARIANT,,,,,,,,,,102.00,,,,,,,1,FALSE,,,be6d70c1-1a6e-4206-9f05-3fa29195f4ab,,,,,,,,,1.7 oz · Eau de Parfum,,,,,,,,,,,,,,,,,,,,,,,,,,,,,,,,,,,,,,,,,,,,,,,,,,,,,,,,,,,,,,,,,
ap-family-ralph-lauren-romance,VARIANT,,,,,,,,,,119.00,,,,,,,3,FALSE,,,48aa9ed4-aff1-4d33-800d-779da22d36ad,,,,,,,,,3.4 oz · Eau de Parfum,,,,,,,,,,,,,,,,,,,,,,,,,,,,,,,,,,,,,,,,,,,,,,,,,,,,,,,,,,,,,,,,,
ap-family-ralph-lauren-romance,MEDIA,,,,,,https://aurumprivee.com/product-images/catalog-v2/60d27e49-39fa-4ab5-aa2d-68ec530c0026.webp,Ralph Lauren - Romance EDP SP 1.7 oz product image,,,,,,,,,,,,,,,,,,,,,,,,,,,,,,,,,,,,,,,,,,,,,,,,,,,,,,,,,,,,,,,,,,,,,,,,,,,,,,,,,,,,,,,,
ap-family-ralph-lauren-romance,MEDIA,,,,,,https://aurumprivee.com/product-images/catalog-v2/9ae7b05a-0ddf-4161-90ea-eecb38fb7160.webp,Ralph Lauren - Romance EDP SP 3.4 product image,,,,,,,,,,,,,,,,,,,,,,,,,,,,,,,,,,,,,,,,,,,,,,,,,,,,,,,,,,,,,,,,,,,,,,,,,,,,,,,,,,,,,,,,
ap-family-tom-ford-black-orchid,PRODUCT,Black Orchid,TRUE,An authentic men’s fragrance collection selected for the Aurum Privée collection.,all-fragrances;for-him;woody,all-fragrances,,,,Tom Ford,150.00,,,,,,,,FALSE,,,,,,,,,,Edition,TEXT_CHOICES,1.7 oz · Eau de Parfum;1.0 oz · Eau de Parfum,,,,,,,,,,,,,,,,,,,,,,,,,,,,,,,,,,,,,,,,,,,,,,,,,,,,,,,,,,,,,,,,,
ap-family-tom-ford-black-orchid,VARIANT,,,,,,,,,,150.00,,,,,,,1,FALSE,,,7fcf5448-ebd6-42d2-9ddf-b67204d63feb,,,,,,,,,1.7 oz · Eau de Parfum,,,,,,,,,,,,,,,,,,,,,,,,,,,,,,,,,,,,,,,,,,,,,,,,,,,,,,,,,,,,,,,,,
ap-family-tom-ford-black-orchid,VARIANT,,,,,,,,,,125.00,,,,,,,1,FALSE,,,c7152c35-68ea-45d9-9300-184ea42175eb,,,,,,,,,1.0 oz · Eau de Parfum,,,,,,,,,,,,,,,,,,,,,,,,,,,,,,,,,,,,,,,,,,,,,,,,,,,,,,,,,,,,,,,,,
ap-family-tom-ford-black-orchid,MEDIA,,,,,,https://aurumprivee.com/product-images/catalog-v2/1e39f727-679c-4a7e-b8ff-9c781077668e.webp,Tom Ford - Black Orchid 1.7 EDP SP product image,,,,,,,,,,,,,,,,,,,,,,,,,,,,,,,,,,,,,,,,,,,,,,,,,,,,,,,,,,,,,,,,,,,,,,,,,,,,,,,,,,,,,,,,
ap-family-tom-ford-black-orchid,MEDIA,,,,,,https://aurumprivee.com/product-images/catalog-v2/9a7631df-ddcd-43d7-9620-8808de3e7925.webp,Tom Ford - Black Orchid EDP SP 1.0 oz product image,,,,,,,,,,,,,,,,,,,,,,,,,,,,,,,,,,,,,,,,,,,,,,,,,,,,,,,,,,,,,,,,,,,,,,,,,,,,,,,,,,,,,,,,
ap-family-bbw-into-the-night-mist,PRODUCT,Into the Night Body Mist,TRUE,"<p><a href=""https://www.bathandbodyworks.com/p/into-the-night-travel-size-fine-fragrance-mist-026663041.html"" title=""Go to Product: Into the Night"" style=""background: rgb(255, 255, 255); color: rgb(77, 77, 77); outline: none medium; overflow: hidden; text-decoration: none; font-family: SourceSansPro, Arial, sans-serif; font-size: 14px; font-style: normal; font-variant-ligatures: normal; font-variant-caps: normal; font-weight: 400; letter-spacing: 0.21px; orphans: 2; text-align: start; text-indent: 0px; text-transform: none; widows: 2; word-spacing: 0px; -webkit-text-stroke-width: 0px; white-space: normal;"" id=""isPasted"">2.5 fl oz / 75 mL</a></p><p><a href=""https://www.bathandbodyworks.com/p/into-the-night-travel-size-fine-fragrance-mist-026663041.html"" title=""Go to Product: Into the Night"" style=""background: rgb(255, 255, 255); color: rgb(77, 77, 77); outline: none medium; overflow: hidden; text-decoration: none; font-family: SourceSansPro, Arial, sans-serif; font-size: 14px; font-style: normal; font-variant-ligatures: normal; font-variant-caps: normal; font-weight: 400; letter-spacing: 0.21px; orphans: 2; text-align: start; text-indent: 0px; text-transform: none; widows: 2; word-spacing: 0px; -webkit-text-stroke-width: 0px; white-space: normal;"" id=""isPasted"">Item No:&nbsp;026663041</a></p>",all-fragrances;unisex;floral,all-fragrances,,,,Bath & Body Works,18.00,,,,,,,,FALSE,,,,,,,,,,Edition,TEXT_CHOICES,2.5 fl oz · Fine fragrance;8 fl oz · Fine fragrance,,,,,,,,,,,,,,,,,,,,,,,,,,,,,,,,,,,,,,,,,,,,,,,,,,,,,,,,,,,,,,,,,
ap-family-bbw-into-the-night-mist,VARIANT,,,,,,,,,,18.00,,,,,,,1,FALSE,,,0935e473-76b2-481a-96e9-ee68e27068c8,,,,,,,,,2.5 fl oz · Fine fragrance,,,,,,,,,,,,,,,,,,,,,,,,,,,,,,,,,,,,,,,,,,,,,,,,,,,,,,,,,,,,,,,,,
ap-family-bbw-into-the-night-mist,VARIANT,,,,,,,,,,19.00,,,,,,,1,FALSE,,,7a5d4130-9508-4a0d-b266-ece5e2137f24,,,,,,,,,8 fl oz · Fine fragrance,,,,,,,,,,,,,,,,,,,,,,,,,,,,,,,,,,,,,,,,,,,,,,,,,,,,,,,,,,,,,,,,,
ap-family-bbw-into-the-night-mist,MEDIA,,,,,,https://aurumprivee.com/images/product-awaiting-photography.webp,Photography for BBW Into the Night Body Spray & Body Mist 2.5 fl oz is being prepared,,,,,,,,,,,,,,,,,,,,,,,,,,,,,,,,,,,,,,,,,,,,,,,,,,,,,,,,,,,,,,,,,,,,,,,,,,,,,,,,,,,,,,,,
ap-c8300bd4-6c9a-4388-ac3a-89d7b2dbb3c1,PRODUCT,Naturally Fierce,TRUE,An authentic women’s fragrance collection selected for the Aurum Privée collection.,all-fragrances;for-her;floral,all-fragrances,,,,Abercrombie & Fitch,95.00,,,,,,,2,FALSE,,,c8300bd4-6c9a-4388-ac3a-89d7b2dbb3c1,,,,,,,,,,,,,,,,,,,,,,,,,,,,,,,,,,,,,,,,,,,,,,,,,,,,,,,,,,,,,,,,,,,,,,,,,,
ap-c8300bd4-6c9a-4388-ac3a-89d7b2dbb3c1,MEDIA,,,,,,https://aurumprivee.com/product-images/catalog-v2/7ee5e1c6-424a-4768-b2a3-cdd513a01351.webp,Abercrombie & Fitch - Naturally Fierce Woman 3.5 EDP SP product image,,,,,,,,,,,,,,,,,,,,,,,,,,,,,,,,,,,,,,,,,,,,,,,,,,,,,,,,,,,,,,,,,,,,,,,,,,,,,,,,,,,,,,,,
ap-4d08132e-e1b4-42ac-b4e2-44b2f7214f85,PRODUCT,Supremacy Noir,TRUE,An authentic unisex fragrance selected for the Aurum Privée collection.,all-fragrances;unisex;fresh,all-fragrances,,,,Afnan,65.00,,,,,,,4,FALSE,,,4d08132e-e1b4-42ac-b4e2-44b2f7214f85,,,,,,,,,,,,,,,,,,,,,,,,,,,,,,,,,,,,,,,,,,,,,,,,,,,,,,,,,,,,,,,,,,,,,,,,,,
ap-4d08132e-e1b4-42ac-b4e2-44b2f7214f85,MEDIA,,,,,,https://aurumprivee.com/product-images/catalog-v2/b6e45592-7537-4020-9826-fdb294860e5e.webp,Afnan - Supremacy Noir EDP 3.4 oz product image,,,,,,,,,,,,,,,,,,,,,,,,,,,,,,,,,,,,,,,,,,,,,,,,,,,,,,,,,,,,,,,,,,,,,,,,,,,,,,,,,,,,,,,,
ap-9e897b5d-4b8b-4807-87f0-939ba908b87f,PRODUCT,Supremacy Incense,TRUE,An authentic men's fragrance collection selected for the Aurum Privée collection.,all-fragrances;for-him;woody,all-fragrances,,,,Afnan,75.00,,,,,,,4,FALSE,,,9e897b5d-4b8b-4807-87f0-939ba908b87f,,,,,,,,,,,,,,,,,,,,,,,,,,,,,,,,,,,,,,,,,,,,,,,,,,,,,,,,,,,,,,,,,,,,,,,,,,
ap-9e897b5d-4b8b-4807-87f0-939ba908b87f,MEDIA,,,,,,https://aurumprivee.com/product-images/catalog-v2/48ed2367-a932-4b4d-bfc3-7fb1dcadc5cd.webp,Afnan - Supremecy Incense 3.4 oz EDP SP product image,,,,,,,,,,,,,,,,,,,,,,,,,,,,,,,,,,,,,,,,,,,,,,,,,,,,,,,,,,,,,,,,,,,,,,,,,,,,,,,,,,,,,,,,
ap-1562a470-9d4e-4fd4-afe1-94b63d1e3b9d,PRODUCT,Rare Carbon,TRUE,An authentic men's fragrance collection selected for the Aurum Privée collection.,all-fragrances;for-him;woody;new-arrivals,all-fragrances,,,New,Afnan,65.00,,,,,,,999999,FALSE,,,1562a470-9d4e-4fd4-afe1-94b63d1e3b9d,,,,,,,,,,,,,,,,,,,,,,,,,,,,,,,,,,,,,,,,,,,,,,,,,,,,,,,,,,,,,,,,,,,,,,,,,,
ap-1562a470-9d4e-4fd4-afe1-94b63d1e3b9d,MEDIA,,,,,,https://aurumprivee.com/product-images/catalog-v2/424ea6e5-934f-479f-8445-888d1ce4c9e3.webp,Afnan Perfumes - Rare Carbon EDP 3.40z product image,,,,,,,,,,,,,,,,,,,,,,,,,,,,,,,,,,,,,,,,,,,,,,,,,,,,,,,,,,,,,,,,,,,,,,,,,,,,,,,,,,,,,,,,
ap-5a6830a8-1249-49b0-a17c-7ac091b9fc88,PRODUCT,Amber Oud Carbon Edition,TRUE,An authentic men’s fragrance collection selected for the Aurum Privée collection.,all-fragrances;for-him;woody,all-fragrances,,,,Al  Haramain,135.00,,,,,,,2,FALSE,,,5a6830a8-1249-49b0-a17c-7ac091b9fc88,,,,,,,,,,,,,,,,,,,,,,,,,,,,,,,,,,,,,,,,,,,,,,,,,,,,,,,,,,,,,,,,,,,,,,,,,,
ap-5a6830a8-1249-49b0-a17c-7ac091b9fc88,MEDIA,,,,,,https://aurumprivee.com/product-images/catalog-v2/898afbd9-4d68-40e2-9d6b-3f676c9b9f88.webp,Al  Haramain  - Amber Oud  Carbon Edition product image,,,,,,,,,,,,,,,,,,,,,,,,,,,,,,,,,,,,,,,,,,,,,,,,,,,,,,,,,,,,,,,,,,,,,,,,,,,,,,,,,,,,,,,,
ap-94127345-3af6-4bee-9425-2289df521336,PRODUCT,50 Years Rose Oud,TRUE,An authentic women's fragrance collection selected for the Aurum Privée collection.,all-fragrances;for-her;floral,all-fragrances,,,,Al Haramain,102.00,,,,,,,3,FALSE,,,94127345-3af6-4bee-9425-2289df521336,,,,,,,,,,,,,,,,,,,,,,,,,,,,,,,,,,,,,,,,,,,,,,,,,,,,,,,,,,,,,,,,,,,,,,,,,,
ap-94127345-3af6-4bee-9425-2289df521336,MEDIA,,,,,,https://aurumprivee.com/product-images/catalog-v2/43f6dd9d-03c3-4a6d-8348-ac3a7ee165ff.webp,Al Haramain - 50 Years Rose Oud EDP SP 3.4oz product image,,,,,,,,,,,,,,,,,,,,,,,,,,,,,,,,,,,,,,,,,,,,,,,,,,,,,,,,,,,,,,,,,,,,,,,,,,,,,,,,,,,,,,,,
ap-890fecde-200f-4e8f-8d59-7fff43ed02ad,PRODUCT,Amber Oud Ruby Gift Set,TRUE,An authentic unisex fragrance selected for the Aurum Privée collection.,all-fragrances;unisex;fresh,all-fragrances,,,,Al Haramain,125.00,,,,,,,4,FALSE,,,890fecde-200f-4e8f-8d59-7fff43ed02ad,,,,,,,,,,,,,,,,,,,,,,,,,,,,,,,,,,,,,,,,,,,,,,,,,,,,,,,,,,,,,,,,,,,,,,,,,,
ap-890fecde-200f-4e8f-8d59-7fff43ed02ad,MEDIA,,,,,,https://aurumprivee.com/product-images/catalog-v2/1f0799ca-7ad0-4369-8f46-3e482f4a7dad.webp,Al Haramain - Amber Oud Ruby Gift Set product image,,,,,,,,,,,,,,,,,,,,,,,,,,,,,,,,,,,,,,,,,,,,,,,,,,,,,,,,,,,,,,,,,,,,,,,,,,,,,,,,,,,,,,,,
ap-8bf62fb3-c69a-45e5-a328-b5d57ddeb8c7,PRODUCT,Azlan Oud Amber Extrait De,TRUE,An authentic women's fragrance collection selected for the Aurum Privée collection.,all-fragrances;for-her;floral,all-fragrances,,,,Al Haramain,110.00,,,,,,,3,FALSE,,,8bf62fb3-c69a-45e5-a328-b5d57ddeb8c7,,,,,,,,,,,,,,,,,,,,,,,,,,,,,,,,,,,,,,,,,,,,,,,,,,,,,,,,,,,,,,,,,,,,,,,,,,
ap-8bf62fb3-c69a-45e5-a328-b5d57ddeb8c7,MEDIA,,,,,,https://aurumprivee.com/product-images/catalog-v2/83e5d096-93ae-494e-924c-a5db8ce77092.webp,Al Haramain - Azlan Oud Amber Extrait De Parfum 3.3oz product image,,,,,,,,,,,,,,,,,,,,,,,,,,,,,,,,,,,,,,,,,,,,,,,,,,,,,,,,,,,,,,,,,,,,,,,,,,,,,,,,,,,,,,,,
ap-982c8a9c-1768-4667-964b-bb6ba6f93417,PRODUCT,Azlan Oud Bleu Extrait De,TRUE,An authentic men's fragrance collection selected for the Aurum Privée collection.,all-fragrances;for-him;woody,all-fragrances,,,,Al Haramain,110.00,,,,,,,1,FALSE,,,982c8a9c-1768-4667-964b-bb6ba6f93417,,,,,,,,,,,,,,,,,,,,,,,,,,,,,,,,,,,,,,,,,,,,,,,,,,,,,,,,,,,,,,,,,,,,,,,,,,
ap-982c8a9c-1768-4667-964b-bb6ba6f93417,MEDIA,,,,,,https://aurumprivee.com/product-images/catalog-v2/9ee2e0c3-a77e-4f13-9d8f-cb3c1025f436.webp,Al Haramain - Azlan Oud Bleu Extrait De Parfum 3.33 oz product image,,,,,,,,,,,,,,,,,,,,,,,,,,,,,,,,,,,,,,,,,,,,,,,,,,,,,,,,,,,,,,,,,,,,,,,,,,,,,,,,,,,,,,,,
ap-6826b4ac-b63a-485b-9984-9936e5262158,PRODUCT,Azlan Oud Charcoal Extrait De,TRUE,An authentic men's fragrance collection selected for the Aurum Privée collection.,all-fragrances;for-him;woody,all-fragrances,,,,Al Haramain,110.00,,,,,,,4,FALSE,,,6826b4ac-b63a-485b-9984-9936e5262158,,,,,,,,,,,,,,,,,,,,,,,,,,,,,,,,,,,,,,,,,,,,,,,,,,,,,,,,,,,,,,,,,,,,,,,,,,
ap-6826b4ac-b63a-485b-9984-9936e5262158,MEDIA,,,,,,https://aurumprivee.com/product-images/catalog-v2/fff82c93-a884-4886-9d5c-674e652f2342.webp,Al Haramain - Azlan Oud Charcoal Extrait De Parfum SP 3.33oz product image,,,,,,,,,,,,,,,,,,,,,,,,,,,,,,,,,,,,,,,,,,,,,,,,,,,,,,,,,,,,,,,,,,,,,,,,,,,,,,,,,,,,,,,,
ap-d974cb7a-4a38-4fbb-8f4c-db496adfca2b,PRODUCT,Azure French Collection,TRUE,An authentic men's fragrance collection selected for the Aurum Privée collection.,all-fragrances;for-him;woody,all-fragrances,,,,Al Haramain,75.00,,,,,,,4,FALSE,,,d974cb7a-4a38-4fbb-8f4c-db496adfca2b,,,,,,,,,,,,,,,,,,,,,,,,,,,,,,,,,,,,,,,,,,,,,,,,,,,,,,,,,,,,,,,,,,,,,,,,,,
ap-d974cb7a-4a38-4fbb-8f4c-db496adfca2b,MEDIA,,,,,,https://aurumprivee.com/product-images/catalog-v2/8d6a2938-f2a7-427c-8d6f-904e6f6e678e.webp,Al Haramain - Azure French Collection EDP SP 3.4oz product image,,,,,,,,,,,,,,,,,,,,,,,,,,,,,,,,,,,,,,,,,,,,,,,,,,,,,,,,,,,,,,,,,,,,,,,,,,,,,,,,,,,,,,,,
ap-424e7f6e-633f-41eb-b28f-dd6f9220f796,PRODUCT,Destino French Collection,TRUE,An authentic unisex fragrance selected for the Aurum Privée collection.,all-fragrances;unisex;fresh,all-fragrances,,,,Al Haramain,92.00,,,,,,,4,FALSE,,,424e7f6e-633f-41eb-b28f-dd6f9220f796,,,,,,,,,,,,,,,,,,,,,,,,,,,,,,,,,,,,,,,,,,,,,,,,,,,,,,,,,,,,,,,,,,,,,,,,,,
ap-424e7f6e-633f-41eb-b28f-dd6f9220f796,MEDIA,,,,,,https://aurumprivee.com/product-images/catalog-v2/77137877-6659-4319-94d9-e83a464be81b.webp,Al Haramain - Destino French Collection EDP 3.4oz product image,,,,,,,,,,,,,,,,,,,,,,,,,,,,,,,,,,,,,,,,,,,,,,,,,,,,,,,,,,,,,,,,,,,,,,,,,,,,,,,,,,,,,,,,
ap-6b57416c-05c7-45ee-a6f4-46670ef8c095,PRODUCT,L'Aventure Femme,TRUE,An authentic women’s fragrance collection selected for the Aurum Privée collection.,all-fragrances;for-her;floral,all-fragrances,,,,Al Haramain,80.00,,,,,,,4,FALSE,,,6b57416c-05c7-45ee-a6f4-46670ef8c095,,,,,,,,,,,,,,,,,,,,,,,,,,,,,,,,,,,,,,,,,,,,,,,,,,,,,,,,,,,,,,,,,,,,,,,,,,
ap-6b57416c-05c7-45ee-a6f4-46670ef8c095,MEDIA,,,,,,https://aurumprivee.com/product-images/catalog-v2/1d4c6c56-d461-4dc4-829b-0914576b30a3.webp,Al Haramain - L'Aventure Femme 3.4 oz EDP SP product image,,,,,,,,,,,,,,,,,,,,,,,,,,,,,,,,,,,,,,,,,,,,,,,,,,,,,,,,,,,,,,,,,,,,,,,,,,,,,,,,,,,,,,,,
ap-f2cba25f-211d-4d57-b31c-dfd13d13db6a,PRODUCT,Portfolio Cupid's Rose,TRUE,An authentic unisex fragrance selected for the Aurum Privée collection.,all-fragrances;unisex;fresh,all-fragrances,,,,Al Haramain,105.00,,,,,,,4,FALSE,,,f2cba25f-211d-4d57-b31c-dfd13d13db6a,,,,,,,,,,,,,,,,,,,,,,,,,,,,,,,,,,,,,,,,,,,,,,,,,,,,,,,,,,,,,,,,,,,,,,,,,,
ap-f2cba25f-211d-4d57-b31c-dfd13d13db6a,MEDIA,,,,,,https://aurumprivee.com/product-images/catalog-v2/32a848b0-b30d-4f0b-b5fc-ae7387218a6b.webp,Al Haramain - Portfolio Cupid's Rose EDP SP 2.5oz product image,,,,,,,,,,,,,,,,,,,,,,,,,,,,,,,,,,,,,,,,,,,,,,,,,,,,,,,,,,,,,,,,,,,,,,,,,,,,,,,,,,,,,,,,
ap-dc894857-fbd4-4cdb-8aba-f0e83947189b,PRODUCT,Portfolio Euphoric Roots,TRUE,An authentic women's fragrance collection selected for the Aurum Privée collection.,all-fragrances;for-her;floral,all-fragrances,,,,Al Haramain,98.00,,,,,,,3,FALSE,,,dc894857-fbd4-4cdb-8aba-f0e83947189b,,,,,,,,,,,,,,,,,,,,,,,,,,,,,,,,,,,,,,,,,,,,,,,,,,,,,,,,,,,,,,,,,,,,,,,,,,
ap-dc894857-fbd4-4cdb-8aba-f0e83947189b,MEDIA,,,,,,https://aurumprivee.com/product-images/catalog-v2/cfc4c857-1ac0-4e23-8362-549474972db6.webp,Al Haramain - Portfolio Euphoric Roots EDP SP 2.5oz product image,,,,,,,,,,,,,,,,,,,,,,,,,,,,,,,,,,,,,,,,,,,,,,,,,,,,,,,,,,,,,,,,,,,,,,,,,,,,,,,,,,,,,,,,
ap-25e9f410-dc62-4a0b-80eb-3953536eb6e5,PRODUCT,Portfolio Floral Sculpture,TRUE,An authentic women's fragrance collection selected for the Aurum Privée collection.,all-fragrances;for-her;floral,all-fragrances,,,,Al Haramain,95.00,,,,,,,3,FALSE,,,25e9f410-dc62-4a0b-80eb-3953536eb6e5,,,,,,,,,,,,,,,,,,,,,,,,,,,,,,,,,,,,,,,,,,,,,,,,,,,,,,,,,,,,,,,,,,,,,,,,,,
ap-25e9f410-dc62-4a0b-80eb-3953536eb6e5,MEDIA,,,,,,https://aurumprivee.com/product-images/catalog-v2/60943ad1-395b-4482-9fcb-34c55582684e.webp,Al Haramain - Portfolio Floral Sculpture EDP SP 2.5oz product image,,,,,,,,,,,,,,,,,,,,,,,,,,,,,,,,,,,,,,,,,,,,,,,,,,,,,,,,,,,,,,,,,,,,,,,,,,,,,,,,,,,,,,,,
ap-60d4ad12-fb54-443d-a5c5-3d47fc24a372,PRODUCT,Portfolio Neroli Canvas,TRUE,An authentic unisex fragrance selected for the Aurum Privée collection.,all-fragrances;unisex;fresh,all-fragrances,,,,Al Haramain,95.00,,,,,,,1,FALSE,,,60d4ad12-fb54-443d-a5c5-3d47fc24a372,,,,,,,,,,,,,,,,,,,,,,,,,,,,,,,,,,,,,,,,,,,,,,,,,,,,,,,,,,,,,,,,,,,,,,,,,,
ap-60d4ad12-fb54-443d-a5c5-3d47fc24a372,MEDIA,,,,,,https://aurumprivee.com/product-images/catalog-v2/7c9c90ac-82e9-48a6-9451-c8e44bf22d3c.webp,Al Haramain - Portfolio Neroli Canvas EDP SP 2.5oz product image,,,,,,,,,,,,,,,,,,,,,,,,,,,,,,,,,,,,,,,,,,,,,,,,,,,,,,,,,,,,,,,,,,,,,,,,,,,,,,,,,,,,,,,,
ap-a20df351-d316-44de-9d9e-7b0620f4177f,PRODUCT,Portfolio Portrait Sandal,TRUE,An authentic unisex fragrance selected for the Aurum Privée collection.,all-fragrances;unisex;fresh,all-fragrances,,,,Al Haramain,99.00,,,,,,,3,FALSE,,,a20df351-d316-44de-9d9e-7b0620f4177f,,,,,,,,,,,,,,,,,,,,,,,,,,,,,,,,,,,,,,,,,,,,,,,,,,,,,,,,,,,,,,,,,,,,,,,,,,
ap-a20df351-d316-44de-9d9e-7b0620f4177f,MEDIA,,,,,,https://aurumprivee.com/product-images/catalog-v2/a87d8daf-4a27-4d47-91bc-3882d40c8057.webp,Al Haramain - Portfolio Portrait Sandal EDP SP 2.5oz product image,,,,,,,,,,,,,,,,,,,,,,,,,,,,,,,,,,,,,,,,,,,,,,,,,,,,,,,,,,,,,,,,,,,,,,,,,,,,,,,,,,,,,,,,
ap-c8fdca93-3b9c-4e03-a3b8-e160d383d12d,PRODUCT,Desire Blue,TRUE,An authentic men’s fragrance collection selected for the Aurum Privée collection.,all-fragrances;for-him;woody,all-fragrances,,,,Alfred Dunhill,80.00,,,,,,,4,FALSE,,,c8fdca93-3b9c-4e03-a3b8-e160d383d12d,,,,,,,,,,,,,,,,,,,,,,,,,,,,,,,,,,,,,,,,,,,,,,,,,,,,,,,,,,,,,,,,,,,,,,,,,,
ap-c8fdca93-3b9c-4e03-a3b8-e160d383d12d,MEDIA,,,,,,https://aurumprivee.com/product-images/catalog-v2/669f1a82-13e5-4418-8856-c5791ffce253.webp,Alfred Dunhill - Desire Blue Men 3.3 EDT SP product image,,,,,,,,,,,,,,,,,,,,,,,,,,,,,,,,,,,,,,,,,,,,,,,,,,,,,,,,,,,,,,,,,,,,,,,,,,,,,,,,,,,,,,,,
ap-c95a26a4-3fea-4482-a8de-5ff2fdacd597,PRODUCT,Desire Red,TRUE,An authentic men’s fragrance collection selected for the Aurum Privée collection.,all-fragrances;for-him;woody,all-fragrances,,,,Alfred Dunhill,65.00,,,,,,,2,FALSE,,,c95a26a4-3fea-4482-a8de-5ff2fdacd597,,,,,,,,,,,,,,,,,,,,,,,,,,,,,,,,,,,,,,,,,,,,,,,,,,,,,,,,,,,,,,,,,,,,,,,,,,
ap-c95a26a4-3fea-4482-a8de-5ff2fdacd597,MEDIA,,,,,,https://aurumprivee.com/product-images/catalog-v2/645c039f-0050-4d2e-9539-e47b79090f01.webp,Alfred Dunhill - Dunhill Desire Red 3.3 EDT SP product image,,,,,,,,,,,,,,,,,,,,,,,,,,,,,,,,,,,,,,,,,,,,,,,,,,,,,,,,,,,,,,,,,,,,,,,,,,,,,,,,,,,,,,,,
ap-deaf2490-bc9e-40f5-b3f0-09876014d997,PRODUCT,Forever,TRUE,An authentic women’s fragrance collection selected for the Aurum Privée collection.,all-fragrances;for-her;floral,all-fragrances,,,,Alfred Sung,65.00,,,,,,,2,FALSE,,,deaf2490-bc9e-40f5-b3f0-09876014d997,,,,,,,,,,,,,,,,,,,,,,,,,,,,,,,,,,,,,,,,,,,,,,,,,,,,,,,,,,,,,,,,,,,,,,,,,,
ap-deaf2490-bc9e-40f5-b3f0-09876014d997,MEDIA,,,,,,https://aurumprivee.com/product-images/catalog-v2/83bfd623-88a2-41d4-9fe7-17e2976e395a.webp,Alfred Sung - Forever 4.2 EDP SP product image,,,,,,,,,,,,,,,,,,,,,,,,,,,,,,,,,,,,,,,,,,,,,,,,,,,,,,,,,,,,,,,,,,,,,,,,,,,,,,,,,,,,,,,,
ap-3bdfc4da-d24a-455e-ac29-cc2a26bc563a,PRODUCT,Black Seduction,TRUE,An authentic men's fragrance collection selected for the Aurum Privée collection.,all-fragrances;for-him;woody,all-fragrances,,,,Antonio Banderas,60.00,,,,,,,2,FALSE,,,3bdfc4da-d24a-455e-ac29-cc2a26bc563a,,,,,,,,,,,,,,,,,,,,,,,,,,,,,,,,,,,,,,,,,,,,,,,,,,,,,,,,,,,,,,,,,,,,,,,,,,
ap-3bdfc4da-d24a-455e-ac29-cc2a26bc563a,MEDIA,,,,,,https://aurumprivee.com/product-images/catalog-v2/cd2b3d25-fcbb-4ea7-b5af-f6dd833a44e5.webp,Antonio Banderas - Black Seduction 6.8 oz EDT SP product image,,,,,,,,,,,,,,,,,,,,,,,,,,,,,,,,,,,,,,,,,,,,,,,,,,,,,,,,,,,,,,,,,,,,,,,,,,,,,,,,,,,,,,,,
ap-11c0855f-37c6-4184-b2dd-c1c56ec5d1af,PRODUCT,Diavolo,TRUE,An authentic men’s fragrance collection selected for the Aurum Privée collection.,all-fragrances;for-him;woody,all-fragrances,,,,Antonio Banderas,45.00,,,,,,,3,FALSE,,,11c0855f-37c6-4184-b2dd-c1c56ec5d1af,,,,,,,,,,,,,,,,,,,,,,,,,,,,,,,,,,,,,,,,,,,,,,,,,,,,,,,,,,,,,,,,,,,,,,,,,,
ap-11c0855f-37c6-4184-b2dd-c1c56ec5d1af,MEDIA,,,,,,https://aurumprivee.com/product-images/catalog-v2/c6f863d7-e497-463b-abb7-46564b06e7a7.webp,Antonio Banderas  - Diavolo Men 3.4 EDT SP product image,,,,,,,,,,,,,,,,,,,,,,,,,,,,,,,,,,,,,,,,,,,,,,,,,,,,,,,,,,,,,,,,,,,,,,,,,,,,,,,,,,,,,,,,
ap-7a11ab92-9ba1-4ebc-8942-9f8ca9c7cf8d,PRODUCT,Diavolo Mister,TRUE,An authentic men’s fragrance collection selected for the Aurum Privée collection.,all-fragrances;for-him;woody,all-fragrances,,,,Antonio Banderas,65.00,,,,,,,1,FALSE,,,7a11ab92-9ba1-4ebc-8942-9f8ca9c7cf8d,,,,,,,,,,,,,,,,,,,,,,,,,,,,,,,,,,,,,,,,,,,,,,,,,,,,,,,,,,,,,,,,,,,,,,,,,,
ap-7a11ab92-9ba1-4ebc-8942-9f8ca9c7cf8d,MEDIA,,,,,,https://aurumprivee.com/product-images/catalog-v2/ae59b0a3-ad8f-49f7-82ea-c8f70a7a4bef.webp,Antonio Banderas - Diavolo Mister 3.3oz EDT SP product image,,,,,,,,,,,,,,,,,,,,,,,,,,,,,,,,,,,,,,,,,,,,,,,,,,,,,,,,,,,,,,,,,,,,,,,,,,,,,,,,,,,,,,,,
ap-f4b5791e-9ddf-457a-9491-6b9f26e6ee2c,PRODUCT,King of Seduction,TRUE,An authentic men's fragrance collection selected for the Aurum Privée collection.,all-fragrances;for-him;woody,all-fragrances,,,,Antonio Banderas,55.00,,,,,,,10,FALSE,,,f4b5791e-9ddf-457a-9491-6b9f26e6ee2c,,,,,,,,,,,,,,,,,,,,,,,,,,,,,,,,,,,,,,,,,,,,,,,,,,,,,,,,,,,,,,,,,,,,,,,,,,
ap-f4b5791e-9ddf-457a-9491-6b9f26e6ee2c,MEDIA,,,,,,https://aurumprivee.com/product-images/catalog-v2/626faba7-855b-4677-baec-c9850bb89367.webp,Antonio Banderas - King of Seduction 3.4 oz EDP SP product image,,,,,,,,,,,,,,,,,,,,,,,,,,,,,,,,,,,,,,,,,,,,,,,,,,,,,,,,,,,,,,,,,,,,,,,,,,,,,,,,,,,,,,,,
ap-fdf2775d-002f-4b75-a0d0-e2b6fc15e4f6,PRODUCT,King of Seduction Absolute,TRUE,An authentic men’s fragrance collection selected for the Aurum Privée collection.,all-fragrances;for-him;woody,all-fragrances,,,,Antonio Banderas,100.00,,,,,,,3,FALSE,,,fdf2775d-002f-4b75-a0d0-e2b6fc15e4f6,,,,,,,,,,,,,,,,,,,,,,,,,,,,,,,,,,,,,,,,,,,,,,,,,,,,,,,,,,,,,,,,,,,,,,,,,,
ap-fdf2775d-002f-4b75-a0d0-e2b6fc15e4f6,MEDIA,,,,,,https://aurumprivee.com/product-images/catalog-v2/e1cd30b8-ffb9-4ff4-ac7a-701359e0bdf5.webp,Antonio Banderas - King of Seduction Absolute 3.4oz EDT SP product image,,,,,,,,,,,,,,,,,,,,,,,,,,,,,,,,,,,,,,,,,,,,,,,,,,,,,,,,,,,,,,,,,,,,,,,,,,,,,,,,,,,,,,,,
ap-db896ac4-d99f-4b3f-b898-e5c0f5a0b10e,PRODUCT,Power of Seduction,TRUE,An authentic men's fragrance collection selected for the Aurum Privée collection.,all-fragrances;for-him;woody,all-fragrances,,,,Antonio Banderas,50.00,,,,,,,4,FALSE,,,db896ac4-d99f-4b3f-b898-e5c0f5a0b10e,,,,,,,,,,,,,,,,,,,,,,,,,,,,,,,,,,,,,,,,,,,,,,,,,,,,,,,,,,,,,,,,,,,,,,,,,,
ap-db896ac4-d99f-4b3f-b898-e5c0f5a0b10e,MEDIA,,,,,,https://aurumprivee.com/product-images/catalog-v2/fdaab8a0-4680-4812-84bd-0a4b9122b2c8.webp,Antonio Banderas - Power of Seduction 3.4 EDT SP product image,,,,,,,,,,,,,,,,,,,,,,,,,,,,,,,,,,,,,,,,,,,,,,,,,,,,,,,,,,,,,,,,,,,,,,,,,,,,,,,,,,,,,,,,
ap-70d65084-f37b-4f8b-940a-d5ba5bcbb677,PRODUCT,Seduction in Black,TRUE,An authentic men’s fragrance collection selected for the Aurum Privée collection.,all-fragrances;for-him;woody,all-fragrances,,,,Antonio Banderas,70.00,,,,,,,7,FALSE,,,70d65084-f37b-4f8b-940a-d5ba5bcbb677,,,,,,,,,,,,,,,,,,,,,,,,,,,,,,,,,,,,,,,,,,,,,,,,,,,,,,,,,,,,,,,,,,,,,,,,,,
ap-70d65084-f37b-4f8b-940a-d5ba5bcbb677,MEDIA,,,,,,https://aurumprivee.com/product-images/catalog-v2/6de78484-038c-4f08-9ead-460da0c30d8c.webp,Antonio Banderas - Seduction in Black 3.4 oz EDT SP product image,,,,,,,,,,,,,,,,,,,,,,,,,,,,,,,,,,,,,,,,,,,,,,,,,,,,,,,,,,,,,,,,,,,,,,,,,,,,,,,,,,,,,,,,
ap-1e0804ae-4cc0-4264-b33a-308daa4a5031,PRODUCT,Power of Seduction,TRUE,An authentic men's fragrance collection selected for the Aurum Privée collection.,all-fragrances;for-him;woody,all-fragrances,,,,Antorio Banderas,65.00,,,,,,,9,FALSE,,,1e0804ae-4cc0-4264-b33a-308daa4a5031,,,,,,,,,,,,,,,,,,,,,,,,,,,,,,,,,,,,,,,,,,,,,,,,,,,,,,,,,,,,,,,,,,,,,,,,,,
ap-1e0804ae-4cc0-4264-b33a-308daa4a5031,MEDIA,,,,,,https://aurumprivee.com/product-images/catalog-v2/815e1868-4434-443f-9ad6-5647818f541b.webp,Antorio Banderas - Power of Seduction 6.8 oz EDP SP product image,,,,,,,,,,,,,,,,,,,,,,,,,,,,,,,,,,,,,,,,,,,,,,,,,,,,,,,,,,,,,,,,,,,,,,,,,,,,,,,,,,,,,,,,
ap-ba40f3f6-5bb2-4883-b825-00518d2546e3,PRODUCT,Cloud,TRUE,An authentic women's fragrance collection selected for the Aurum Privée collection.,all-fragrances;for-her;floral,all-fragrances,,,,Ariana Grande,65.00,,,,,,,1,FALSE,,,ba40f3f6-5bb2-4883-b825-00518d2546e3,,,,,,,,,,,,,,,,,,,,,,,,,,,,,,,,,,,,,,,,,,,,,,,,,,,,,,,,,,,,,,,,,,,,,,,,,,
ap-ba40f3f6-5bb2-4883-b825-00518d2546e3,MEDIA,,,,,,https://aurumprivee.com/product-images/catalog-v2/dafe9d95-4907-4e72-886c-c8f4a41eb031.webp,Ariana Grande - Cloud 1.7oz EDP SP product image,,,,,,,,,,,,,,,,,,,,,,,,,,,,,,,,,,,,,,,,,,,,,,,,,,,,,,,,,,,,,,,,,,,,,,,,,,,,,,,,,,,,,,,,
ap-1b3c1093-ff0f-44a0-a09f-96cab134c691,PRODUCT,Cloud 2.0 Intense EDP SP 3.4,TRUE,An authentic women’s fragrance collection selected for the Aurum Privée collection.,all-fragrances;for-her;floral,all-fragrances,,,,Ariana Grande,85.00,,,,,,,4,FALSE,,,1b3c1093-ff0f-44a0-a09f-96cab134c691,,,,,,,,,,,,,,,,,,,,,,,,,,,,,,,,,,,,,,,,,,,,,,,,,,,,,,,,,,,,,,,,,,,,,,,,,,
ap-1b3c1093-ff0f-44a0-a09f-96cab134c691,MEDIA,,,,,,https://aurumprivee.com/product-images/catalog-v2/93bc8826-3697-4cb0-a2e3-2e6c0d149ea8.webp,Ariana Grande - Cloud 2.0 Intense EDP SP 3.4 product image,,,,,,,,,,,,,,,,,,,,,,,,,,,,,,,,,,,,,,,,,,,,,,,,,,,,,,,,,,,,,,,,,,,,,,,,,,,,,,,,,,,,,,,,
ap-88d36512-9802-4546-84cf-3bd74fee183d,PRODUCT,Cloud Set,TRUE,An authentic women’s fragrance collection selected for the Aurum Privée collection.,all-fragrances;for-her;floral,all-fragrances,,,,Ariana Grande,125.00,,,,,,,7,FALSE,,,88d36512-9802-4546-84cf-3bd74fee183d,,,,,,,,,,,,,,,,,,,,,,,,,,,,,,,,,,,,,,,,,,,,,,,,,,,,,,,,,,,,,,,,,,,,,,,,,,
ap-88d36512-9802-4546-84cf-3bd74fee183d,MEDIA,,,,,,https://aurumprivee.com/product-images/catalog-v2/79beb05c-e4aa-4b71-bc56-85b4c3f74707.webp,Ariana Grande - Cloud Set product image,,,,,,,,,,,,,,,,,,,,,,,,,,,,,,,,,,,,,,,,,,,,,,,,,,,,,,,,,,,,,,,,,,,,,,,,,,,,,,,,,,,,,,,,
ap-a9c101f8-8b32-4855-b18d-73d012dbf388,PRODUCT,Moonlight,TRUE,An authentic women's fragrance collection selected for the Aurum Privée collection.,all-fragrances;for-her;floral,all-fragrances,,,,Ariana Grande,42.00,,,,,,,5,FALSE,,,a9c101f8-8b32-4855-b18d-73d012dbf388,,,,,,,,,,,,,,,,,,,,,,,,,,,,,,,,,,,,,,,,,,,,,,,,,,,,,,,,,,,,,,,,,,,,,,,,,,
ap-a9c101f8-8b32-4855-b18d-73d012dbf388,MEDIA,,,,,,https://aurumprivee.com/product-images/catalog-v2/ef7663cc-b337-4fc0-8381-558afb46d4ba.webp,Ariana Grande - Moonlight 1.0 oz EDP SP product image,,,,,,,,,,,,,,,,,,,,,,,,,,,,,,,,,,,,,,,,,,,,,,,,,,,,,,,,,,,,,,,,,,,,,,,,,,,,,,,,,,,,,,,,
ap-5a0fded6-7678-4bf8-8620-a87b69ea44ec,PRODUCT,Moonlight Body Mist 8.0,TRUE,An authentic women's fragrance collection selected for the Aurum Privée collection.,all-fragrances;for-her;floral,all-fragrances,,,,Ariana Grande,20.00,,,,,,,4,FALSE,,,5a0fded6-7678-4bf8-8620-a87b69ea44ec,,,,,,,,,,,,,,,,,,,,,,,,,,,,,,,,,,,,,,,,,,,,,,,,,,,,,,,,,,,,,,,,,,,,,,,,,,
ap-5a0fded6-7678-4bf8-8620-a87b69ea44ec,MEDIA,,,,,,https://aurumprivee.com/product-images/catalog-v2/976b0e36-85a0-4b7c-8974-b91b0ae98a9e.webp,Ariana Grande - Moonlight Body Mist 8.0 SP product image,,,,,,,,,,,,,,,,,,,,,,,,,,,,,,,,,,,,,,,,,,,,,,,,,,,,,,,,,,,,,,,,,,,,,,,,,,,,,,,,,,,,,,,,
ap-299815a1-f239-4959-85f0-d4b22dabc37b,PRODUCT,Sweet Like Candy Body Mist 8.0,TRUE,An authentic women's fragrance collection selected for the Aurum Privée collection.,all-fragrances;for-her;floral,all-fragrances,,,,Ariana Grande,20.00,,,,,,,2,FALSE,,,299815a1-f239-4959-85f0-d4b22dabc37b,,,,,,,,,,,,,,,,,,,,,,,,,,,,,,,,,,,,,,,,,,,,,,,,,,,,,,,,,,,,,,,,,,,,,,,,,,
ap-299815a1-f239-4959-85f0-d4b22dabc37b,MEDIA,,,,,,https://aurumprivee.com/product-images/catalog-v2/3e553169-941d-4469-83aa-50d8c319f588.webp,Ariana Grande - Sweet Like Candy Body Mist 8.0 SP product image,,,,,,,,,,,,,,,,,,,,,,,,,,,,,,,,,,,,,,,,,,,,,,,,,,,,,,,,,,,,,,,,,,,,,,,,,,,,,,,,,,,,,,,,
ap-485a5459-8f56-4ae3-8536-eef367c76c08,PRODUCT,Thank U Next,TRUE,An authentic women's fragrance collection selected for the Aurum Privée collection.,all-fragrances;for-her;floral,all-fragrances,,,,Ariana Grande,125.00,,,,,,,2,FALSE,,,485a5459-8f56-4ae3-8536-eef367c76c08,,,,,,,,,,,,,,,,,,,,,,,,,,,,,,,,,,,,,,,,,,,,,,,,,,,,,,,,,,,,,,,,,,,,,,,,,,
ap-485a5459-8f56-4ae3-8536-eef367c76c08,MEDIA,,,,,,https://aurumprivee.com/product-images/catalog-v2/8fb5f8f3-aa6b-4dc4-bc02-8cdde6f0ede6.webp,Ariana Grande - Thank U Next Woman product image,,,,,,,,,,,,,,,,,,,,,,,,,,,,,,,,,,,,,,,,,,,,,,,,,,,,,,,,,,,,,,,,,,,,,,,,,,,,,,,,,,,,,,,,
ap-265cf6e8-9785-4c09-84df-17540841da24,PRODUCT,Thank You Next 2.0 Body Mist 8.0,TRUE,An authentic women's fragrance collection selected for the Aurum Privée collection.,all-fragrances;for-her;floral,all-fragrances,,,,Ariana Grande,30.00,,,,,,,3,FALSE,,,265cf6e8-9785-4c09-84df-17540841da24,,,,,,,,,,,,,,,,,,,,,,,,,,,,,,,,,,,,,,,,,,,,,,,,,,,,,,,,,,,,,,,,,,,,,,,,,,
ap-265cf6e8-9785-4c09-84df-17540841da24,MEDIA,,,,,,https://aurumprivee.com/product-images/catalog-v2/1e6f0558-3316-4180-ae50-9abd159a2b6f.webp,Ariana Grande - Thank You Next 2.0 Body Mist 8.0 SP product image,,,,,,,,,,,,,,,,,,,,,,,,,,,,,,,,,,,,,,,,,,,,,,,,,,,,,,,,,,,,,,,,,,,,,,,,,,,,,,,,,,,,,,,,
ap-2530d2a4-65c8-47c2-86dd-ffdf32fc07cd,PRODUCT,Thank You Next Body Mist 8.0,TRUE,An authentic women's fragrance collection selected for the Aurum Privée collection.,all-fragrances;for-her;floral,all-fragrances,,,,Ariana Grande,25.00,,,,,,,1,FALSE,,,2530d2a4-65c8-47c2-86dd-ffdf32fc07cd,,,,,,,,,,,,,,,,,,,,,,,,,,,,,,,,,,,,,,,,,,,,,,,,,,,,,,,,,,,,,,,,,,,,,,,,,,
ap-2530d2a4-65c8-47c2-86dd-ffdf32fc07cd,MEDIA,,,,,,https://aurumprivee.com/product-images/catalog-v2/0ac035c7-1445-4c3a-a081-b3d9b1acff89.webp,Ariana Grande - Thank You Next Body Mist 8.0 SP product image,,,,,,,,,,,,,,,,,,,,,,,,,,,,,,,,,,,,,,,,,,,,,,,,,,,,,,,,,,,,,,,,,,,,,,,,,,,,,,,,,,,,,,,,
ap-0814ef99-7352-4334-8b6a-b962aed8e9f4,PRODUCT,God is a,TRUE,An authentic women’s fragrance collection selected for the Aurum Privée collection.,all-fragrances;for-her;floral,all-fragrances,,,,Arianna Grande,53.00,,,,,,,7,FALSE,,,0814ef99-7352-4334-8b6a-b962aed8e9f4,,,,,,,,,,,,,,,,,,,,,,,,,,,,,,,,,,,,,,,,,,,,,,,,,,,,,,,,,,,,,,,,,,,,,,,,,,
ap-0814ef99-7352-4334-8b6a-b962aed8e9f4,MEDIA,,,,,,https://aurumprivee.com/product-images/catalog-v2/7d6ba1af-0173-4243-9c07-8faa0021c584.webp,Arianna Grande - God is a Woman 1.0 EDP SP product image,,,,,,,,,,,,,,,,,,,,,,,,,,,,,,,,,,,,,,,,,,,,,,,,,,,,,,,,,,,,,,,,,,,,,,,,,,,,,,,,,,,,,,,,
ap-ade0da3a-e9fe-421f-a15b-90c9ce65b396,PRODUCT,Odyssey Aoud,TRUE,An authentic men's fragrance collection selected for the Aurum Privée collection.,all-fragrances;for-him;woody,all-fragrances,,,,Armad,65.00,,,,,,,1,FALSE,,,ade0da3a-e9fe-421f-a15b-90c9ce65b396,,,,,,,,,,,,,,,,,,,,,,,,,,,,,,,,,,,,,,,,,,,,,,,,,,,,,,,,,,,,,,,,,,,,,,,,,,
ap-ade0da3a-e9fe-421f-a15b-90c9ce65b396,MEDIA,,,,,,https://aurumprivee.com/product-images/catalog-v2/aa817597-09d0-4f05-ae3a-373048a0478e.webp,Armad - Odyssey Aoud 2.0 EDP SP product image,,,,,,,,,,,,,,,,,,,,,,,,,,,,,,,,,,,,,,,,,,,,,,,,,,,,,,,,,,,,,,,,,,,,,,,,,,,,,,,,,,,,,,,,
ap-4c44d4c2-33f2-4a9f-851b-7ed6fdff4856,PRODUCT,Club De Nuit Sillage EDP 3.6,TRUE,An authentic unisex fragrance selected for the Aurum Privée collection.,all-fragrances;unisex;fresh,all-fragrances,,,,Armaf,125.00,,,,,,,7,FALSE,,,4c44d4c2-33f2-4a9f-851b-7ed6fdff4856,,,,,,,,,,,,,,,,,,,,,,,,,,,,,,,,,,,,,,,,,,,,,,,,,,,,,,,,,,,,,,,,,,,,,,,,,,
ap-4c44d4c2-33f2-4a9f-851b-7ed6fdff4856,MEDIA,,,,,,https://aurumprivee.com/product-images/catalog-v2/b7b3b2b5-d5a0-4237-a702-9ba31b14c2d5.webp,Armaf - Club De Nuit Sillage EDP 3.6 product image,,,,,,,,,,,,,,,,,,,,,,,,,,,,,,,,,,,,,,,,,,,,,,,,,,,,,,,,,,,,,,,,,,,,,,,,,,,,,,,,,,,,,,,,
ap-60b57596-b3df-4d36-9dd2-a170a7d96138,PRODUCT,Delights Yum Yum 3.3,TRUE,An authentic women's fragrance collection selected for the Aurum Privée collection.,all-fragrances;for-her;floral,all-fragrances,,,,Armaf,75.00,,,,,,,3,FALSE,,,60b57596-b3df-4d36-9dd2-a170a7d96138,,,,,,,,,,,,,,,,,,,,,,,,,,,,,,,,,,,,,,,,,,,,,,,,,,,,,,,,,,,,,,,,,,,,,,,,,,
ap-60b57596-b3df-4d36-9dd2-a170a7d96138,MEDIA,,,,,,https://aurumprivee.com/product-images/catalog-v2/94f28ffe-797d-4aea-b6d8-fc6e60bff89f.webp,Armaf - Delights Yum Yum 3.3 product image,,,,,,,,,,,,,,,,,,,,,,,,,,,,,,,,,,,,,,,,,,,,,,,,,,,,,,,,,,,,,,,,,,,,,,,,,,,,,,,,,,,,,,,,
ap-9078a9e2-4364-4eef-837b-b23875c7da0d,PRODUCT,Ego Tigre,TRUE,An authentic men's fragrance collection selected for the Aurum Privée collection.,all-fragrances;for-him;woody,all-fragrances,,,,Armaf,125.00,,,,,,,7,FALSE,,,9078a9e2-4364-4eef-837b-b23875c7da0d,,,,,,,,,,,,,,,,,,,,,,,,,,,,,,,,,,,,,,,,,,,,,,,,,,,,,,,,,,,,,,,,,,,,,,,,,,
ap-9078a9e2-4364-4eef-837b-b23875c7da0d,MEDIA,,,,,,https://aurumprivee.com/product-images/catalog-v2/187a127f-df61-4cee-bbb3-6d61fc0926b5.webp,Armaf - Ego Tigre 3.38 oz EDP SP product image,,,,,,,,,,,,,,,,,,,,,,,,,,,,,,,,,,,,,,,,,,,,,,,,,,,,,,,,,,,,,,,,,,,,,,,,,,,,,,,,,,,,,,,,
ap-7eb2074e-b669-4172-8f63-e879775bc4fb,PRODUCT,Ladies Club De Nuit Intense,TRUE,An authentic women’s fragrance collection selected for the Aurum Privée collection.,all-fragrances;for-her;floral,all-fragrances,,,,Armaf,85.00,,,,,,,2,FALSE,,,7eb2074e-b669-4172-8f63-e879775bc4fb,,,,,,,,,,,,,,,,,,,,,,,,,,,,,,,,,,,,,,,,,,,,,,,,,,,,,,,,,,,,,,,,,,,,,,,,,,
ap-7eb2074e-b669-4172-8f63-e879775bc4fb,MEDIA,,,,,,https://aurumprivee.com/product-images/catalog-v2/615b9174-c4c1-4e23-be5b-1d6a8cde58fb.webp,Armaf - Ladies Club De Nuit Intense EDP Spray 3.6 oz product image,,,,,,,,,,,,,,,,,,,,,,,,,,,,,,,,,,,,,,,,,,,,,,,,,,,,,,,,,,,,,,,,,,,,,,,,,,,,,,,,,,,,,,,,
ap-352bbc9e-d10a-472b-9bea-2fdba4c98fc5,PRODUCT,Miss Grandeur,TRUE,An authentic women's fragrance collection selected for the Aurum Privée collection.,all-fragrances;for-her;floral,all-fragrances,,,,Armaf,100.00,,,,,,,3,FALSE,,,352bbc9e-d10a-472b-9bea-2fdba4c98fc5,,,,,,,,,,,,,,,,,,,,,,,,,,,,,,,,,,,,,,,,,,,,,,,,,,,,,,,,,,,,,,,,,,,,,,,,,,
ap-352bbc9e-d10a-472b-9bea-2fdba4c98fc5,MEDIA,,,,,,https://aurumprivee.com/product-images/catalog-v2/d4d812bb-6c8b-4c37-9f45-06b58f24fc55.webp,Armaf - Miss Grandeur Woman 3.4 oz EDP product image,,,,,,,,,,,,,,,,,,,,,,,,,,,,,,,,,,,,,,,,,,,,,,,,,,,,,,,,,,,,,,,,,,,,,,,,,,,,,,,,,,,,,,,,
ap-ce80078d-acdd-402b-8f33-2f1f0b195a56,PRODUCT,Odyssey Black Forest —,TRUE,An authentic unisex fragrance selected for the Aurum Privée collection.,all-fragrances;unisex;fresh,all-fragrances,,,,Armaf,65.00,,,,,,,4,FALSE,,,ce80078d-acdd-402b-8f33-2f1f0b195a56,,,,,,,,,,,,,,,,,,,,,,,,,,,,,,,,,,,,,,,,,,,,,,,,,,,,,,,,,,,,,,,,,,,,,,,,,,
ap-ce80078d-acdd-402b-8f33-2f1f0b195a56,MEDIA,,,,,,https://aurumprivee.com/product-images/catalog-v2/695c8328-4ee6-49bc-bf83-e8361edda92a.webp,Armaf - Odyssey Black Forest - EDP SP 3.4oz product image,,,,,,,,,,,,,,,,,,,,,,,,,,,,,,,,,,,,,,,,,,,,,,,,,,,,,,,,,,,,,,,,,,,,,,,,,,,,,,,,,,,,,,,,
ap-e53d1af9-9a15-4275-b2e3-6ad521ebdd1b,PRODUCT,Odyssey Candee,TRUE,An authentic women's fragrance collection selected for the Aurum Privée collection.,all-fragrances;for-her;floral,all-fragrances,,,,Armaf,65.00,,,,,,,2,FALSE,,,e53d1af9-9a15-4275-b2e3-6ad521ebdd1b,,,,,,,,,,,,,,,,,,,,,,,,,,,,,,,,,,,,,,,,,,,,,,,,,,,,,,,,,,,,,,,,,,,,,,,,,,
ap-e53d1af9-9a15-4275-b2e3-6ad521ebdd1b,MEDIA,,,,,,https://aurumprivee.com/product-images/catalog-v2/84315e7e-1bd1-4c3c-a13c-8d0d2012e74d.webp,Armaf - Odyssey Candee EDP SP 3.4oz product image,,,,,,,,,,,,,,,,,,,,,,,,,,,,,,,,,,,,,,,,,,,,,,,,,,,,,,,,,,,,,,,,,,,,,,,,,,,,,,,,,,,,,,,,
ap-b3ca4191-9921-4421-a7c5-9c070d1c6c8b,PRODUCT,Odyssey Candee,TRUE,An authentic women's fragrance collection selected for the Aurum Privée collection.,all-fragrances;for-her;floral,all-fragrances,,,,Armaf,80.00,,,,,,,1,FALSE,,,b3ca4191-9921-4421-a7c5-9c070d1c6c8b,,,,,,,,,,,,,,,,,,,,,,,,,,,,,,,,,,,,,,,,,,,,,,,,,,,,,,,,,,,,,,,,,,,,,,,,,,
ap-b3ca4191-9921-4421-a7c5-9c070d1c6c8b,MEDIA,,,,,,https://aurumprivee.com/product-images/catalog-v2/13773cb7-d357-4d34-8fc0-4ca5e1e3e4bb.webp,Armaf - Odyssey Candee Woman 6.8 EDP SP product image,,,,,,,,,,,,,,,,,,,,,,,,,,,,,,,,,,,,,,,,,,,,,,,,,,,,,,,,,,,,,,,,,,,,,,,,,,,,,,,,,,,,,,,,
ap-acc33b9b-d707-406e-9a32-0b117fafacd4,PRODUCT,Odyssey Dubai Chocolat Gourmand,TRUE,An authentic men's fragrance collection selected for the Aurum Privée collection.,all-fragrances;for-him;woody,all-fragrances,,,,Armaf,68.00,,,,,,,4,FALSE,,,acc33b9b-d707-406e-9a32-0b117fafacd4,,,,,,,,,,,,,,,,,,,,,,,,,,,,,,,,,,,,,,,,,,,,,,,,,,,,,,,,,,,,,,,,,,,,,,,,,,
ap-acc33b9b-d707-406e-9a32-0b117fafacd4,MEDIA,,,,,,https://aurumprivee.com/product-images/catalog-v2/a92c62e2-540d-4421-9cb8-7989135d1fd2.webp,Armaf - Odyssey Dubai Chocolat Gourmand 3.4 EDP SP product image,,,,,,,,,,,,,,,,,,,,,,,,,,,,,,,,,,,,,,,,,,,,,,,,,,,,,,,,,,,,,,,,,,,,,,,,,,,,,,,,,,,,,,,,
ap-37008d2a-8fca-4cef-92af-f577683a1305,PRODUCT,Odyssey Eau De Montage,TRUE,An authentic men's fragrance collection selected for the Aurum Privée collection.,all-fragrances;for-him;woody,all-fragrances,,,,Armaf,68.00,,,,,,,5,FALSE,,,37008d2a-8fca-4cef-92af-f577683a1305,,,,,,,,,,,,,,,,,,,,,,,,,,,,,,,,,,,,,,,,,,,,,,,,,,,,,,,,,,,,,,,,,,,,,,,,,,
ap-37008d2a-8fca-4cef-92af-f577683a1305,MEDIA,,,,,,https://aurumprivee.com/product-images/catalog-v2/17c49e03-6bc7-4de6-a6d6-f1ba953ee741.webp,Armaf - Odyssey Eau De Montage 3.4 EDP SP product image,,,,,,,,,,,,,,,,,,,,,,,,,,,,,,,,,,,,,,,,,,,,,,,,,,,,,,,,,,,,,,,,,,,,,,,,,,,,,,,,,,,,,,,,
ap-7db5ac2e-eb03-4510-8e96-4961a5c937ea,PRODUCT,Odyssey Homme White Edition,TRUE,An authentic men's fragrance collection selected for the Aurum Privée collection.,all-fragrances;for-him;woody,all-fragrances,,,,Armaf,65.00,,,,,,,2,FALSE,,,7db5ac2e-eb03-4510-8e96-4961a5c937ea,,,,,,,,,,,,,,,,,,,,,,,,,,,,,,,,,,,,,,,,,,,,,,,,,,,,,,,,,,,,,,,,,,,,,,,,,,
ap-7db5ac2e-eb03-4510-8e96-4961a5c937ea,MEDIA,,,,,,https://aurumprivee.com/product-images/catalog-v2/1e4a4fb1-248e-434c-90e4-7e2a203ad5c9.webp,Armaf - Odyssey Homme White Edition 3.4 oz EDP SP product image,,,,,,,,,,,,,,,,,,,,,,,,,,,,,,,,,,,,,,,,,,,,,,,,,,,,,,,,,,,,,,,,,,,,,,,,,,,,,,,,,,,,,,,,
ap-77854561-10c1-4b7f-bc69-edb054d46498,PRODUCT,Odyssey Limon,TRUE,An authentic men's fragrance collection selected for the Aurum Privée collection.,all-fragrances;for-him;woody,all-fragrances,,,,Armaf,65.00,,,,,,,3,FALSE,,,77854561-10c1-4b7f-bc69-edb054d46498,,,,,,,,,,,,,,,,,,,,,,,,,,,,,,,,,,,,,,,,,,,,,,,,,,,,,,,,,,,,,,,,,,,,,,,,,,
ap-77854561-10c1-4b7f-bc69-edb054d46498,MEDIA,,,,,,https://aurumprivee.com/product-images/catalog-v2/cf1b415a-af98-4e00-88e1-0083f70ed6ee.webp,Armaf - Odyssey Limon 3.30z EDP SP product image,,,,,,,,,,,,,,,,,,,,,,,,,,,,,,,,,,,,,,,,,,,,,,,,,,,,,,,,,,,,,,,,,,,,,,,,,,,,,,,,,,,,,,,,
ap-45ed87eb-b74c-445e-9a6e-169959db82d2,PRODUCT,Odyssey Marshmallow,TRUE,An authentic women's fragrance collection selected for the Aurum Privée collection.,all-fragrances;for-her;floral,all-fragrances,,,,Armaf,90.00,,,,,,,4,FALSE,,,45ed87eb-b74c-445e-9a6e-169959db82d2,,,,,,,,,,,,,,,,,,,,,,,,,,,,,,,,,,,,,,,,,,,,,,,,,,,,,,,,,,,,,,,,,,,,,,,,,,
ap-45ed87eb-b74c-445e-9a6e-169959db82d2,MEDIA,,,,,,https://aurumprivee.com/product-images/catalog-v2/da0e06b6-02c4-4060-bc5b-240d5b469764.webp,Armaf - Odyssey Marshmallow 3.4 EDP SP product image,,,,,,,,,,,,,,,,,,,,,,,,,,,,,,,,,,,,,,,,,,,,,,,,,,,,,,,,,,,,,,,,,,,,,,,,,,,,,,,,,,,,,,,,
ap-da9b76b6-a535-4c47-b8ff-75a3fae3b485,PRODUCT,Odyssey Mega,TRUE,An authentic men's fragrance collection selected for the Aurum Privée collection.,all-fragrances;for-him;woody,all-fragrances,,,,Armaf,68.00,,,,,,,1,FALSE,,,da9b76b6-a535-4c47-b8ff-75a3fae3b485,,,,,,,,,,,,,,,,,,,,,,,,,,,,,,,,,,,,,,,,,,,,,,,,,,,,,,,,,,,,,,,,,,,,,,,,,,
ap-da9b76b6-a535-4c47-b8ff-75a3fae3b485,MEDIA,,,,,,https://aurumprivee.com/product-images/catalog-v2/30a51ec8-3eb6-440f-8cde-ec0e5f98e1f5.webp,Armaf - Odyssey Mega Men 3.4 EDP SP product image,,,,,,,,,,,,,,,,,,,,,,,,,,,,,,,,,,,,,,,,,,,,,,,,,,,,,,,,,,,,,,,,,,,,,,,,,,,,,,,,,,,,,,,,
ap-3e5dfe75-b542-4c07-8099-fa8ecb5f6e41,PRODUCT,Odyssey Revolution,TRUE,An authentic men's fragrance collection selected for the Aurum Privée collection.,all-fragrances;for-him;woody,all-fragrances,,,,Armaf,75.00,,,,,,,1,FALSE,,,3e5dfe75-b542-4c07-8099-fa8ecb5f6e41,,,,,,,,,,,,,,,,,,,,,,,,,,,,,,,,,,,,,,,,,,,,,,,,,,,,,,,,,,,,,,,,,,,,,,,,,,
ap-3e5dfe75-b542-4c07-8099-fa8ecb5f6e41,MEDIA,,,,,,https://aurumprivee.com/product-images/catalog-v2/50500a74-520e-4309-8d43-a490b693e7a4.webp,Armaf - Odyssey Revolution 3.4oz EDP product image,,,,,,,,,,,,,,,,,,,,,,,,,,,,,,,,,,,,,,,,,,,,,,,,,,,,,,,,,,,,,,,,,,,,,,,,,,,,,,,,,,,,,,,,
ap-20f202c8-a1e6-4bd7-82f4-c9b61f7b7064,PRODUCT,Odyssey Spectra Rainbow Edition,TRUE,An authentic men's fragrance collection selected for the Aurum Privée collection.,all-fragrances;for-him;woody,all-fragrances,,,,Armaf,65.00,,,,,,,1,FALSE,,,20f202c8-a1e6-4bd7-82f4-c9b61f7b7064,,,,,,,,,,,,,,,,,,,,,,,,,,,,,,,,,,,,,,,,,,,,,,,,,,,,,,,,,,,,,,,,,,,,,,,,,,
ap-20f202c8-a1e6-4bd7-82f4-c9b61f7b7064,MEDIA,,,,,,https://aurumprivee.com/product-images/catalog-v2/d6b4a411-ac47-45e4-a11c-335164ecdd93.webp,Armaf - Odyssey Spectra Rainbow Edition 3.40z EDP SP product image,,,,,,,,,,,,,,,,,,,,,,,,,,,,,,,,,,,,,,,,,,,,,,,,,,,,,,,,,,,,,,,,,,,,,,,,,,,,,,,,,,,,,,,,
ap-d043ad4b-9225-4b3e-8161-03adf25994bd,PRODUCT,Odyssey Toffee Coffee,TRUE,An authentic unisex fragrance selected for the Aurum Privée collection.,all-fragrances;unisex;fresh,all-fragrances,,,,Armaf,65.00,,,,,,,3,FALSE,,,d043ad4b-9225-4b3e-8161-03adf25994bd,,,,,,,,,,,,,,,,,,,,,,,,,,,,,,,,,,,,,,,,,,,,,,,,,,,,,,,,,,,,,,,,,,,,,,,,,,
ap-d043ad4b-9225-4b3e-8161-03adf25994bd,MEDIA,,,,,,https://aurumprivee.com/product-images/catalog-v2/774ce45e-9dc9-446d-8809-ec6ca002f8e4.webp,Armaf - Odyssey Toffee Coffee EDP SP 3.4oz product image,,,,,,,,,,,,,,,,,,,,,,,,,,,,,,,,,,,,,,,,,,,,,,,,,,,,,,,,,,,,,,,,,,,,,,,,,,,,,,,,,,,,,,,,
ap-81796ac6-ba8c-4e7d-83ea-6e27a7d729b3,PRODUCT,Odyssey Tyrant,TRUE,An authentic men's fragrance collection selected for the Aurum Privée collection.,all-fragrances;for-him;woody,all-fragrances,,,,Armaf,68.00,,,,,,,1,FALSE,,,81796ac6-ba8c-4e7d-83ea-6e27a7d729b3,,,,,,,,,,,,,,,,,,,,,,,,,,,,,,,,,,,,,,,,,,,,,,,,,,,,,,,,,,,,,,,,,,,,,,,,,,
ap-81796ac6-ba8c-4e7d-83ea-6e27a7d729b3,MEDIA,,,,,,https://aurumprivee.com/product-images/catalog-v2/bef2dd76-272f-4b67-b7a2-e167605603cd.webp,Armaf - Odyssey Tyrant EDP SP 3.4oz product image,,,,,,,,,,,,,,,,,,,,,,,,,,,,,,,,,,,,,,,,,,,,,,,,,,,,,,,,,,,,,,,,,,,,,,,,,,,,,,,,,,,,,,,,
ap-eb5b4ffa-4245-4f69-b365-8d1c0b6ebc6d,PRODUCT,Odyssey Tyrant Special Edition,TRUE,An authentic men's fragrance collection selected for the Aurum Privée collection.,all-fragrances;for-him;woody,all-fragrances,,,,Armaf,65.00,,,,,,,4,FALSE,,,eb5b4ffa-4245-4f69-b365-8d1c0b6ebc6d,,,,,,,,,,,,,,,,,,,,,,,,,,,,,,,,,,,,,,,,,,,,,,,,,,,,,,,,,,,,,,,,,,,,,,,,,,
ap-eb5b4ffa-4245-4f69-b365-8d1c0b6ebc6d,MEDIA,,,,,,https://aurumprivee.com/product-images/catalog-v2/94eddfc5-aeb0-4364-a6e6-c0d9978c2a16.webp,Armaf - Odyssey Tyrant Special Edition EDP SP 2.02 oz product image,,,,,,,,,,,,,,,,,,,,,,,,,,,,,,,,,,,,,,,,,,,,,,,,,,,,,,,,,,,,,,,,,,,,,,,,,,,,,,,,,,,,,,,,
ap-6145fb40-8372-4770-a92d-f10306ef5757,PRODUCT,The Pride Rose Oud,TRUE,An authentic women's fragrance collection selected for the Aurum Privée collection.,all-fragrances;for-her;floral,all-fragrances,,,,Armaf,65.00,,,,,,,4,FALSE,,,6145fb40-8372-4770-a92d-f10306ef5757,,,,,,,,,,,,,,,,,,,,,,,,,,,,,,,,,,,,,,,,,,,,,,,,,,,,,,,,,,,,,,,,,,,,,,,,,,
ap-6145fb40-8372-4770-a92d-f10306ef5757,MEDIA,,,,,,https://aurumprivee.com/product-images/catalog-v2/b8237d24-67b1-4109-81d9-90c647c7eb84.webp,Armaf - The Pride Rose Oud EDP SP 3.4oz product image,,,,,,,,,,,,,,,,,,,,,,,,,,,,,,,,,,,,,,,,,,,,,,,,,,,,,,,,,,,,,,,,,,,,,,,,,,,,,,,,,,,,,,,,
ap-f87b751d-d3ed-4a70-b4cc-a9c17dd8f3a6,PRODUCT,Tres Nuit Gift Set (4 PCS),TRUE,An authentic men’s fragrance collection selected for the Aurum Privée collection.,all-fragrances;for-him;woody,all-fragrances,,,,Armaf,150.00,,,,,,,2,FALSE,,,f87b751d-d3ed-4a70-b4cc-a9c17dd8f3a6,,,,,,,,,,,,,,,,,,,,,,,,,,,,,,,,,,,,,,,,,,,,,,,,,,,,,,,,,,,,,,,,,,,,,,,,,,
ap-f87b751d-d3ed-4a70-b4cc-a9c17dd8f3a6,MEDIA,,,,,,https://aurumprivee.com/product-images/catalog-v2/118e77d7-656e-4ad0-889f-0987545128cb.webp,Armaf - Tres Nuit Gift Set (4 PCS) product image,,,,,,,,,,,,,,,,,,,,,,,,,,,,,,,,,,,,,,,,,,,,,,,,,,,,,,,,,,,,,,,,,,,,,,,,,,,,,,,,,,,,,,,,
ap-5fb93755-f68b-4ab6-8da8-96218de16e56,PRODUCT,Unisex Club De Nuit Milestone,TRUE,An authentic unisex fragrance selected for the Aurum Privée collection.,all-fragrances;unisex;fresh,all-fragrances,,,,Armaf,100.00,,,,,,,9,FALSE,,,5fb93755-f68b-4ab6-8da8-96218de16e56,,,,,,,,,,,,,,,,,,,,,,,,,,,,,,,,,,,,,,,,,,,,,,,,,,,,,,,,,,,,,,,,,,,,,,,,,,
ap-5fb93755-f68b-4ab6-8da8-96218de16e56,MEDIA,,,,,,https://aurumprivee.com/product-images/catalog-v2/31ab7fbd-f244-42e0-84e7-d5d529468609.webp,Armaf - Unisex Club De Nuit Milestone EDP Spray 3.6 oz product image,,,,,,,,,,,,,,,,,,,,,,,,,,,,,,,,,,,,,,,,,,,,,,,,,,,,,,,,,,,,,,,,,,,,,,,,,,,,,,,,,,,,,,,,
ap-aa4dbaaf-4fa2-4463-a092-fe124cffa258,PRODUCT,Venetian Gold,TRUE,An authentic men's fragrance collection selected for the Aurum Privée collection.,all-fragrances;for-him;woody,all-fragrances,,,,Armaf,94.00,,,,,,,4,FALSE,,,aa4dbaaf-4fa2-4463-a092-fe124cffa258,,,,,,,,,,,,,,,,,,,,,,,,,,,,,,,,,,,,,,,,,,,,,,,,,,,,,,,,,,,,,,,,,,,,,,,,,,
ap-aa4dbaaf-4fa2-4463-a092-fe124cffa258,MEDIA,,,,,,https://aurumprivee.com/product-images/catalog-v2/29d81d59-f5f9-4a07-bdb0-7656b88bb6a4.webp,Armaf - Venetian Gold 3.4 EDP SP product image,,,,,,,,,,,,,,,,,,,,,,,,,,,,,,,,,,,,,,,,,,,,,,,,,,,,,,,,,,,,,,,,,,,,,,,,,,,,,,,,,,,,,,,,
ap-1d77c58f-26e8-46be-a624-ca8a86812c64,PRODUCT,Ladies Ameerat Al Arab Prive Rose,TRUE,An authentic women’s fragrance collection selected for the Aurum Privée collection.,all-fragrances;for-her;floral,all-fragrances,,,,Asdaaf,90.00,,,,,,,6,FALSE,,,1d77c58f-26e8-46be-a624-ca8a86812c64,,,,,,,,,,,,,,,,,,,,,,,,,,,,,,,,,,,,,,,,,,,,,,,,,,,,,,,,,,,,,,,,,,,,,,,,,,
ap-1d77c58f-26e8-46be-a624-ca8a86812c64,MEDIA,,,,,,https://aurumprivee.com/product-images/catalog-v2/a6c0f8bc-c4f2-4b97-81aa-73b0eaa37ba8.webp,Asdaaf - Ladies Ameerat Al Arab Prive Rose EDP Spray 3.4 oz product image,,,,,,,,,,,,,,,,,,,,,,,,,,,,,,,,,,,,,,,,,,,,,,,,,,,,,,,,,,,,,,,,,,,,,,,,,,,,,,,,,,,,,,,,
ap-43fe6c29-05c9-4f7e-acf2-7008e6854a67,PRODUCT,Oud Save The Queen,TRUE,An authentic women's fragrance collection selected for the Aurum Privée collection.,all-fragrances;for-her;floral,all-fragrances,,,,Atkinsons,220.00,,,,,,,3,FALSE,,,43fe6c29-05c9-4f7e-acf2-7008e6854a67,,,,,,,,,,,,,,,,,,,,,,,,,,,,,,,,,,,,,,,,,,,,,,,,,,,,,,,,,,,,,,,,,,,,,,,,,,
ap-43fe6c29-05c9-4f7e-acf2-7008e6854a67,MEDIA,,,,,,https://aurumprivee.com/product-images/catalog-v2/b73a669b-42f2-43af-8a4d-3d8ebe90a73d.webp,Atkinsons - Oud Save The Queen EDP SP 3.4oz product image,,,,,,,,,,,,,,,,,,,,,,,,,,,,,,,,,,,,,,,,,,,,,,,,,,,,,,,,,,,,,,,,,,,,,,,,,,,,,,,,,,,,,,,,
ap-a4158749-db5d-4221-ac85-0a5fabe6bb66,PRODUCT,Al Haramain- L'aventure Blanche,TRUE,An authentic men’s fragrance collection selected for the Aurum Privée collection.,all-fragrances;for-him;woody,all-fragrances,,,,Aurum Privée Edit,140.00,,,,,,,4,FALSE,,,a4158749-db5d-4221-ac85-0a5fabe6bb66,,,,,,,,,,,,,,,,,,,,,,,,,,,,,,,,,,,,,,,,,,,,,,,,,,,,,,,,,,,,,,,,,,,,,,,,,,
ap-a4158749-db5d-4221-ac85-0a5fabe6bb66,MEDIA,,,,,,https://aurumprivee.com/product-images/catalog-v2/a96ca6c9-f1bc-4f16-b562-21737a83b7f7.webp,Al  Haramain- L'aventure Blanche  3.4 EDP SP product image,,,,,,,,,,,,,,,,,,,,,,,,,,,,,,,,,,,,,,,,,,,,,,,,,,,,,,,,,,,,,,,,,,,,,,,,,,,,,,,,,,,,,,,,
ap-feab3569-1651-4e47-bc40-555ec5cd9b9c,PRODUCT,Al Haramain- L'aventure Rose,TRUE,An authentic women’s fragrance collection selected for the Aurum Privée collection.,all-fragrances;for-her;floral,all-fragrances,,,,Aurum Privée Edit,95.00,,,,,,,7,FALSE,,,feab3569-1651-4e47-bc40-555ec5cd9b9c,,,,,,,,,,,,,,,,,,,,,,,,,,,,,,,,,,,,,,,,,,,,,,,,,,,,,,,,,,,,,,,,,,,,,,,,,,
ap-feab3569-1651-4e47-bc40-555ec5cd9b9c,MEDIA,,,,,,https://aurumprivee.com/product-images/catalog-v2/d2c28a67-8f04-4d99-99e3-fb67f422f221.webp,Al  Haramain- L'aventure Rose  6.76  EDP product image,,,,,,,,,,,,,,,,,,,,,,,,,,,,,,,,,,,,,,,,,,,,,,,,,,,,,,,,,,,,,,,,,,,,,,,,,,,,,,,,,,,,,,,,
ap-e82264d3-9b85-415f-ac8d-4517e0a18d31,PRODUCT,Al Haramain Detour Noir Intense EDP sp 3.33,TRUE,An authentic men's fragrance collection selected for the Aurum Privée collection.,all-fragrances;for-him;woody,all-fragrances,,,,Aurum Privée Edit,45.00,,,,,,,2,FALSE,,,e82264d3-9b85-415f-ac8d-4517e0a18d31,,,,,,,,,,,,,,,,,,,,,,,,,,,,,,,,,,,,,,,,,,,,,,,,,,,,,,,,,,,,,,,,,,,,,,,,,,
ap-e82264d3-9b85-415f-ac8d-4517e0a18d31,MEDIA,,,,,,https://aurumprivee.com/product-images/catalog-v2/1559cc3f-fb92-4100-aeb2-99d71c04f0f8.webp,Al Haramain Detour Noir Intense EDP sp 3.33 product image,,,,,,,,,,,,,,,,,,,,,,,,,,,,,,,,,,,,,,,,,,,,,,,,,,,,,,,,,,,,,,,,,,,,,,,,,,,,,,,,,,,,,,,,
ap-e36239f9-0e21-490e-ba0b-0e9966d22301,PRODUCT,Al Haramain- Amber Oud Gold,TRUE,An authentic unisex fragrance selected for the Aurum Privée collection.,all-fragrances;unisex;fresh,all-fragrances,,,,Aurum Privée Edit,90.00,,,,,,,3,FALSE,,,e36239f9-0e21-490e-ba0b-0e9966d22301,,,,,,,,,,,,,,,,,,,,,,,,,,,,,,,,,,,,,,,,,,,,,,,,,,,,,,,,,,,,,,,,,,,,,,,,,,
ap-e36239f9-0e21-490e-ba0b-0e9966d22301,MEDIA,,,,,,https://aurumprivee.com/product-images/catalog-v2/813e6548-d42b-42c2-8f6c-9777b982a3ae.webp,Al Haramain- Amber Oud Gold EDP Spray 3.4 oz product image,,,,,,,,,,,,,,,,,,,,,,,,,,,,,,,,,,,,,,,,,,,,,,,,,,,,,,,,,,,,,,,,,,,,,,,,,,,,,,,,,,,,,,,,
ap-d06c9be6-6503-4330-807b-daf23b4ead43,PRODUCT,Al Haramain- Amber Oud Ruby,TRUE,An authentic unisex fragrance selected for the Aurum Privée collection.,all-fragrances;unisex;fresh,all-fragrances,,,,Aurum Privée Edit,120.00,,,,,,,6,FALSE,,,d06c9be6-6503-4330-807b-daf23b4ead43,,,,,,,,,,,,,,,,,,,,,,,,,,,,,,,,,,,,,,,,,,,,,,,,,,,,,,,,,,,,,,,,,,,,,,,,,,
ap-d06c9be6-6503-4330-807b-daf23b4ead43,MEDIA,,,,,,https://aurumprivee.com/product-images/catalog-v2/137ab1c0-e797-41c5-a970-4f0c6d5d6ecf.webp,Al Haramain- Amber Oud Ruby 4.0 EDP product image,,,,,,,,,,,,,,,,,,,,,,,,,,,,,,,,,,,,,,,,,,,,,,,,,,,,,,,,,,,,,,,,,,,,,,,,,,,,,,,,,,,,,,,,
ap-2336543e-a140-4c0f-b7bb-088d567bde18,PRODUCT,Al Haramain- L'aventure Gold,TRUE,An authentic women’s fragrance collection selected for the Aurum Privée collection.,all-fragrances;for-her;floral,all-fragrances,,,,Aurum Privée Edit,140.00,,,,,,,4,FALSE,,,2336543e-a140-4c0f-b7bb-088d567bde18,,,,,,,,,,,,,,,,,,,,,,,,,,,,,,,,,,,,,,,,,,,,,,,,,,,,,,,,,,,,,,,,,,,,,,,,,,
ap-2336543e-a140-4c0f-b7bb-088d567bde18,MEDIA,,,,,,https://aurumprivee.com/product-images/catalog-v2/5da51833-7cdd-4d60-b3d2-db6ca1d60cdd.webp,Al Haramain- L'aventure Gold EDP Spray 3.4 oz product image,,,,,,,,,,,,,,,,,,,,,,,,,,,,,,,,,,,,,,,,,,,,,,,,,,,,,,,,,,,,,,,,,,,,,,,,,,,,,,,,,,,,,,,,
ap-e60a0c2c-6100-4aa7-8ba3-267e763ac2bc,PRODUCT,Al Haramain- Unisex Amber Oud Tobacco Edition,TRUE,An authentic unisex fragrance selected for the Aurum Privée collection.,all-fragrances;unisex;fresh,all-fragrances,,,,Aurum Privée Edit,120.00,,,,,,,3,FALSE,,,e60a0c2c-6100-4aa7-8ba3-267e763ac2bc,,,,,,,,,,,,,,,,,,,,,,,,,,,,,,,,,,,,,,,,,,,,,,,,,,,,,,,,,,,,,,,,,,,,,,,,,,
ap-e60a0c2c-6100-4aa7-8ba3-267e763ac2bc,MEDIA,,,,,,https://aurumprivee.com/product-images/catalog-v2/8fbeca49-186a-4275-a631-0c2b8d3a96ec.webp,Al Haramain- Unisex Amber Oud Tobacco Edition EDP Spray 6.76 oz product image,,,,,,,,,,,,,,,,,,,,,,,,,,,,,,,,,,,,,,,,,,,,,,,,,,,,,,,,,,,,,,,,,,,,,,,,,,,,,,,,,,,,,,,,
ap-41470fdb-3855-4808-b1ff-b05e2f8d7603,PRODUCT,Aquolina- Pink Sugar Candy Magic,TRUE,An authentic women’s fragrance collection selected for the Aurum Privée collection.,all-fragrances;for-her;floral,all-fragrances,,,,Aurum Privée Edit,45.00,,,,,,,2,FALSE,,,41470fdb-3855-4808-b1ff-b05e2f8d7603,,,,,,,,,,,,,,,,,,,,,,,,,,,,,,,,,,,,,,,,,,,,,,,,,,,,,,,,,,,,,,,,,,,,,,,,,,
ap-41470fdb-3855-4808-b1ff-b05e2f8d7603,MEDIA,,,,,,https://aurumprivee.com/product-images/catalog-v2/70fd04d4-b6af-4bff-88f9-5c69d78db23e.webp,Aquolina- Pink Sugar Candy Magic 1.7 oz Gift Set product image,,,,,,,,,,,,,,,,,,,,,,,,,,,,,,,,,,,,,,,,,,,,,,,,,,,,,,,,,,,,,,,,,,,,,,,,,,,,,,,,,,,,,,,,
ap-4863392a-5b9c-4133-bde9-df8f825c539e,PRODUCT,Ariana Grande Mod Blush,TRUE,An authentic women's fragrance collection selected for the Aurum Privée collection.,all-fragrances;for-her;floral,all-fragrances,,,,Aurum Privée Edit,68.00,,,,,,,1,FALSE,,,4863392a-5b9c-4133-bde9-df8f825c539e,,,,,,,,,,,,,,,,,,,,,,,,,,,,,,,,,,,,,,,,,,,,,,,,,,,,,,,,,,,,,,,,,,,,,,,,,,
ap-4863392a-5b9c-4133-bde9-df8f825c539e,MEDIA,,,,,,https://aurumprivee.com/product-images/catalog-v2/51e8890f-7bc3-4925-9e38-38402e9ee37a.webp,Ariana Grande Mod Blush EDP sp 3.4oz product image,,,,,,,,,,,,,,,,,,,,,,,,,,,,,,,,,,,,,,,,,,,,,,,,,,,,,,,,,,,,,,,,,,,,,,,,,,,,,,,,,,,,,,,,
ap-8e81223e-2f2d-4639-b226-4424c711f7b7,PRODUCT,Arianna Grande- Ladies Thank You Next,TRUE,An authentic women’s fragrance collection selected for the Aurum Privée collection.,all-fragrances;for-her;floral,all-fragrances,,,,Aurum Privée Edit,75.00,,,,,,,1,FALSE,,,8e81223e-2f2d-4639-b226-4424c711f7b7,,,,,,,,,,,,,,,,,,,,,,,,,,,,,,,,,,,,,,,,,,,,,,,,,,,,,,,,,,,,,,,,,,,,,,,,,,
ap-8e81223e-2f2d-4639-b226-4424c711f7b7,MEDIA,,,,,,https://aurumprivee.com/product-images/catalog-v2/0b9828e6-36e7-4e3c-8dc6-e7c7a8652fe7.webp,Arianna Grande- Ladies Thank You Next EDP Spray 3.4 oz product image,,,,,,,,,,,,,,,,,,,,,,,,,,,,,,,,,,,,,,,,,,,,,,,,,,,,,,,,,,,,,,,,,,,,,,,,,,,,,,,,,,,,,,,,
ap-342779ff-7016-493f-9a70-f374b22038ff,PRODUCT,Armaf Club De Nuit,TRUE,An authentic women’s fragrance collection selected for the Aurum Privée collection.,all-fragrances;for-her;floral,all-fragrances,,,,Aurum Privée Edit,120.00,,,,,,,1,FALSE,,,342779ff-7016-493f-9a70-f374b22038ff,,,,,,,,,,,,,,,,,,,,,,,,,,,,,,,,,,,,,,,,,,,,,,,,,,,,,,,,,,,,,,,,,,,,,,,,,,
ap-342779ff-7016-493f-9a70-f374b22038ff,MEDIA,,,,,,https://aurumprivee.com/product-images/catalog-v2/4a47a972-2fd1-4fcf-813f-7c2eec5d058e.webp,Armaf Club De Nuit 6.8 EDP product image,,,,,,,,,,,,,,,,,,,,,,,,,,,,,,,,,,,,,,,,,,,,,,,,,,,,,,,,,,,,,,,,,,,,,,,,,,,,,,,,,,,,,,,,
ap-2c913ca2-1ec9-4708-8d67-ac9f07dac267,PRODUCT,Armaf Odyssey Homme Black Men 3.4,TRUE,An authentic men's fragrance collection selected for the Aurum Privée collection.,all-fragrances;for-him;woody,all-fragrances,,,,Aurum Privée Edit,78.00,,,,,,,4,FALSE,,,2c913ca2-1ec9-4708-8d67-ac9f07dac267,,,,,,,,,,,,,,,,,,,,,,,,,,,,,,,,,,,,,,,,,,,,,,,,,,,,,,,,,,,,,,,,,,,,,,,,,,
ap-2c913ca2-1ec9-4708-8d67-ac9f07dac267,MEDIA,,,,,,https://aurumprivee.com/product-images/catalog-v2/6a3eebef-ddbb-4c8e-b0d8-cff7d2b716e1.webp,Armaf Odyssey Homme Black Men 3.4 SP product image,,,,,,,,,,,,,,,,,,,,,,,,,,,,,,,,,,,,,,,,,,,,,,,,,,,,,,,,,,,,,,,,,,,,,,,,,,,,,,,,,,,,,,,,
ap-edbf0434-8486-4881-9347-9ebf590a2848,PRODUCT,Armaf- Derby Club House Gold EDP 3.4,TRUE,An authentic women’s fragrance collection selected for the Aurum Privée collection.,all-fragrances;for-her;floral,all-fragrances,,,,Aurum Privée Edit,90.00,,,,,,,1,FALSE,,,edbf0434-8486-4881-9347-9ebf590a2848,,,,,,,,,,,,,,,,,,,,,,,,,,,,,,,,,,,,,,,,,,,,,,,,,,,,,,,,,,,,,,,,,,,,,,,,,,
ap-edbf0434-8486-4881-9347-9ebf590a2848,MEDIA,,,,,,https://aurumprivee.com/product-images/catalog-v2/2745b82c-e59b-4fc8-bcb5-e1f76a2e7eba.webp,Armaf- Derby Club House Gold EDP 3.4 product image,,,,,,,,,,,,,,,,,,,,,,,,,,,,,,,,,,,,,,,,,,,,,,,,,,,,,,,,,,,,,,,,,,,,,,,,,,,,,,,,,,,,,,,,
ap-99740239-91e4-4c05-b461-f27877b5146c,PRODUCT,Armaf- Hunter Intense,TRUE,An authentic men’s fragrance collection selected for the Aurum Privée collection.,all-fragrances;for-him;woody,all-fragrances,,,,Aurum Privée Edit,80.00,,,,,,,0,FALSE,,,99740239-91e4-4c05-b461-f27877b5146c,,,,,,,,,,,,,,,,,,,,,,,,,,,,,,,,,,,,,,,,,,,,,,,,,,,,,,,,,,,,,,,,,,,,,,,,,,
ap-99740239-91e4-4c05-b461-f27877b5146c,MEDIA,,,,,,https://aurumprivee.com/product-images/catalog-v2/ba399ffe-3e83-40a7-98a9-765e6ba34d68.webp,Armaf- Hunter Intense 3.4 EDT product image,,,,,,,,,,,,,,,,,,,,,,,,,,,,,,,,,,,,,,,,,,,,,,,,,,,,,,,,,,,,,,,,,,,,,,,,,,,,,,,,,,,,,,,,
ap-0577ebf5-a809-4825-a8ed-b5f7901ae6de,PRODUCT,Armaf- Le Parfait,TRUE,An authentic men’s fragrance collection selected for the Aurum Privée collection.,all-fragrances;for-him;woody,all-fragrances,,,,Aurum Privée Edit,90.00,,,,,,,1,FALSE,,,0577ebf5-a809-4825-a8ed-b5f7901ae6de,,,,,,,,,,,,,,,,,,,,,,,,,,,,,,,,,,,,,,,,,,,,,,,,,,,,,,,,,,,,,,,,,,,,,,,,,,
ap-0577ebf5-a809-4825-a8ed-b5f7901ae6de,MEDIA,,,,,,https://aurumprivee.com/product-images/catalog-v2/9a30c148-b424-45d2-90ea-bab12a854969.webp,Armaf- Le Parfait 3.4  EDP product image,,,,,,,,,,,,,,,,,,,,,,,,,,,,,,,,,,,,,,,,,,,,,,,,,,,,,,,,,,,,,,,,,,,,,,,,,,,,,,,,,,,,,,,,
ap-afb9cbb6-608e-452f-b0cb-e88eb3751dab,PRODUCT,Armaf- Men's Club De Nuit Intense Parfum,TRUE,An authentic men’s fragrance collection selected for the Aurum Privée collection.,all-fragrances;for-him;woody,all-fragrances,,,,Aurum Privée Edit,150.00,,,,,,,2,FALSE,,,afb9cbb6-608e-452f-b0cb-e88eb3751dab,,,,,,,,,,,,,,,,,,,,,,,,,,,,,,,,,,,,,,,,,,,,,,,,,,,,,,,,,,,,,,,,,,,,,,,,,,
ap-afb9cbb6-608e-452f-b0cb-e88eb3751dab,MEDIA,,,,,,https://aurumprivee.com/product-images/catalog-v2/978b6055-2cd4-477c-93a0-c26c24428649.webp,Armaf- Men's Club De Nuit Intense Parfum EDP Spray 5.0 oz product image,,,,,,,,,,,,,,,,,,,,,,,,,,,,,,,,,,,,,,,,,,,,,,,,,,,,,,,,,,,,,,,,,,,,,,,,,,,,,,,,,,,,,,,,
ap-0d3d921d-63b2-480a-9085-7308897d58bf,PRODUCT,Azzaro- Wanted EDT 3.4,TRUE,An authentic men’s fragrance collection selected for the Aurum Privée collection.,all-fragrances;for-him;woody,all-fragrances,,,,Aurum Privée Edit,100.00,,,,,,,1,FALSE,,,0d3d921d-63b2-480a-9085-7308897d58bf,,,,,,,,,,,,,,,,,,,,,,,,,,,,,,,,,,,,,,,,,,,,,,,,,,,,,,,,,,,,,,,,,,,,,,,,,,
ap-0d3d921d-63b2-480a-9085-7308897d58bf,MEDIA,,,,,,https://aurumprivee.com/product-images/catalog-v2/669422a8-1ee6-4ba2-aeb2-5d5c3d097342.webp,Azzaro- Wanted EDT 3.4 product image,,,,,,,,,,,,,,,,,,,,,,,,,,,,,,,,,,,,,,,,,,,,,,,,,,,,,,,,,,,,,,,,,,,,,,,,,,,,,,,,,,,,,,,,
ap-7d9becab-b9f5-4644-8624-b40b9aa299f7,PRODUCT,Azzaro- Wanted Tonic EDT 1.7,TRUE,An authentic men’s fragrance collection selected for the Aurum Privée collection.,all-fragrances;for-him;woody,all-fragrances,,,,Aurum Privée Edit,71.00,,,,,,,1,FALSE,,,7d9becab-b9f5-4644-8624-b40b9aa299f7,,,,,,,,,,,,,,,,,,,,,,,,,,,,,,,,,,,,,,,,,,,,,,,,,,,,,,,,,,,,,,,,,,,,,,,,,,
ap-7d9becab-b9f5-4644-8624-b40b9aa299f7,MEDIA,,,,,,https://aurumprivee.com/product-images/catalog-v2/b24b5fb9-e0e4-4516-849a-dc68d352eb5e.webp,Azzaro- Wanted Tonic EDT 1.7 product image,,,,,,,,,,,,,,,,,,,,,,,,,,,,,,,,,,,,,,,,,,,,,,,,,,,,,,,,,,,,,,,,,,,,,,,,,,,,,,,,,,,,,,,,
ap-f4fb654d-8fd0-42b7-9647-216a85cc39b9,PRODUCT,Britney Spears -Ladies Naked Fantasy,TRUE,An authentic women’s fragrance collection selected for the Aurum Privée collection.,all-fragrances;for-her;floral,all-fragrances,,,,Aurum Privée Edit,75.00,,,,,,,5,FALSE,,,f4fb654d-8fd0-42b7-9647-216a85cc39b9,,,,,,,,,,,,,,,,,,,,,,,,,,,,,,,,,,,,,,,,,,,,,,,,,,,,,,,,,,,,,,,,,,,,,,,,,,
ap-f4fb654d-8fd0-42b7-9647-216a85cc39b9,MEDIA,,,,,,https://aurumprivee.com/product-images/catalog-v2/fd342563-f4f7-4465-9ed0-9b11e643d648.webp,Britney Spears -Ladies Naked Fantasy EDT Spray 3.4 oz product image,,,,,,,,,,,,,,,,,,,,,,,,,,,,,,,,,,,,,,,,,,,,,,,,,,,,,,,,,,,,,,,,,,,,,,,,,,,,,,,,,,,,,,,,
ap-2c8764fa-30a3-481c-901e-64f0c9d2df0d,PRODUCT,Britney Spears- Fantasy EDP 3.3,TRUE,An authentic women’s fragrance collection selected for the Aurum Privée collection.,all-fragrances;for-her;floral,all-fragrances,,,,Aurum Privée Edit,65.00,,,,,,,1,FALSE,,,2c8764fa-30a3-481c-901e-64f0c9d2df0d,,,,,,,,,,,,,,,,,,,,,,,,,,,,,,,,,,,,,,,,,,,,,,,,,,,,,,,,,,,,,,,,,,,,,,,,,,
ap-2c8764fa-30a3-481c-901e-64f0c9d2df0d,MEDIA,,,,,,https://aurumprivee.com/product-images/catalog-v2/cc70e7cc-42dd-414d-b491-5eb5751793b2.webp,Britney Spears- Fantasy EDP 3.3 product image,,,,,,,,,,,,,,,,,,,,,,,,,,,,,,,,,,,,,,,,,,,,,,,,,,,,,,,,,,,,,,,,,,,,,,,,,,,,,,,,,,,,,,,,
ap-a76d4dee-b2a4-4abc-a1ce-beef2c85d675,PRODUCT,Burberry- Men's Mr.,TRUE,An authentic men’s fragrance collection selected for the Aurum Privée collection.,all-fragrances;for-him;woody,all-fragrances,,,,Aurum Privée Edit,110.00,,,,,,,1,FALSE,,,a76d4dee-b2a4-4abc-a1ce-beef2c85d675,,,,,,,,,,,,,,,,,,,,,,,,,,,,,,,,,,,,,,,,,,,,,,,,,,,,,,,,,,,,,,,,,,,,,,,,,,
ap-a76d4dee-b2a4-4abc-a1ce-beef2c85d675,MEDIA,,,,,,https://aurumprivee.com/product-images/catalog-v2/c711662d-f909-443c-9586-342dacaf0e2f.webp,Burberry-  Men's Mr. EDP 1.7 oz product image,,,,,,,,,,,,,,,,,,,,,,,,,,,,,,,,,,,,,,,,,,,,,,,,,,,,,,,,,,,,,,,,,,,,,,,,,,,,,,,,,,,,,,,,
ap-2d3a8739-213a-47d7-9ace-23d3ff2d2203,PRODUCT,Burberry- Touch Eau De Toilette 3.3,TRUE,An authentic men’s fragrance collection selected for the Aurum Privée collection.,all-fragrances;for-him;woody,all-fragrances,,,,Aurum Privée Edit,94.00,,,,,,,3,FALSE,,,2d3a8739-213a-47d7-9ace-23d3ff2d2203,,,,,,,,,,,,,,,,,,,,,,,,,,,,,,,,,,,,,,,,,,,,,,,,,,,,,,,,,,,,,,,,,,,,,,,,,,
ap-2d3a8739-213a-47d7-9ace-23d3ff2d2203,MEDIA,,,,,,https://aurumprivee.com/product-images/catalog-v2/fda6e43c-f778-4005-84cc-b6d1c6931253.webp,Burberry- Touch Eau De Toilette 3.3 product image,,,,,,,,,,,,,,,,,,,,,,,,,,,,,,,,,,,,,,,,,,,,,,,,,,,,,,,,,,,,,,,,,,,,,,,,,,,,,,,,,,,,,,,,
ap-48c596ba-931b-4241-adf1-400322b11467,PRODUCT,Bvlgari Men's Wood Neroli,TRUE,An authentic men’s fragrance collection selected for the Aurum Privée collection.,all-fragrances;for-him;woody,all-fragrances,,,,Aurum Privée Edit,86.00,,,,,,,1,FALSE,,,48c596ba-931b-4241-adf1-400322b11467,,,,,,,,,,,,,,,,,,,,,,,,,,,,,,,,,,,,,,,,,,,,,,,,,,,,,,,,,,,,,,,,,,,,,,,,,,
ap-48c596ba-931b-4241-adf1-400322b11467,MEDIA,,,,,,https://aurumprivee.com/product-images/catalog-v2/642f24e0-7940-4860-a64f-ef25467d8dec.webp,Bvlgari Men's Wood Neroli EDP Spray 2 oz product image,,,,,,,,,,,,,,,,,,,,,,,,,,,,,,,,,,,,,,,,,,,,,,,,,,,,,,,,,,,,,,,,,,,,,,,,,,,,,,,,,,,,,,,,
ap-f1c911b3-c075-4220-a22b-24d240d5fe74,PRODUCT,Bvlgari Splendida Jasmin Noir,TRUE,An authentic women's fragrance collection selected for the Aurum Privée collection.,all-fragrances;for-her;floral,all-fragrances,,,,Aurum Privée Edit,105.00,,,,,,,999999,FALSE,,,f1c911b3-c075-4220-a22b-24d240d5fe74,,,,,,,,,,,,,,,,,,,,,,,,,,,,,,,,,,,,,,,,,,,,,,,,,,,,,,,,,,,,,,,,,,,,,,,,,,
ap-f1c911b3-c075-4220-a22b-24d240d5fe74,MEDIA,,,,,,https://aurumprivee.com/product-images/catalog-v2/ec802444-b3d6-423f-a2e7-01a0b546749b.webp,Bvlgari Splendida Jasmin Noir EDP sp 1.7oz product image,,,,,,,,,,,,,,,,,,,,,,,,,,,,,,,,,,,,,,,,,,,,,,,,,,,,,,,,,,,,,,,,,,,,,,,,,,,,,,,,,,,,,,,,
ap-24b3e399-4d1a-401c-9445-9b27b085f720,PRODUCT,Bvlgari- Aqua EDT 5.0,TRUE,An authentic men’s fragrance collection selected for the Aurum Privée collection.,all-fragrances;for-him;woody,all-fragrances,,,,Aurum Privée Edit,125.00,,,,,,,1,FALSE,,,24b3e399-4d1a-401c-9445-9b27b085f720,,,,,,,,,,,,,,,,,,,,,,,,,,,,,,,,,,,,,,,,,,,,,,,,,,,,,,,,,,,,,,,,,,,,,,,,,,
ap-24b3e399-4d1a-401c-9445-9b27b085f720,MEDIA,,,,,,https://aurumprivee.com/product-images/catalog-v2/3ade5fbb-282a-418f-9660-2fea5c5da720.webp,Bvlgari- Aqua EDT 5.0 product image,,,,,,,,,,,,,,,,,,,,,,,,,,,,,,,,,,,,,,,,,,,,,,,,,,,,,,,,,,,,,,,,,,,,,,,,,,,,,,,,,,,,,,,,
ap-c3937caf-37c4-4cc9-8a11-2c214a85eee2,PRODUCT,Bvlgari- Man Terrae Essence EDP 2.0,TRUE,An authentic men’s fragrance collection selected for the Aurum Privée collection.,all-fragrances;for-him;woody,all-fragrances,,,,Aurum Privée Edit,86.00,,,,,,,2,FALSE,,,c3937caf-37c4-4cc9-8a11-2c214a85eee2,,,,,,,,,,,,,,,,,,,,,,,,,,,,,,,,,,,,,,,,,,,,,,,,,,,,,,,,,,,,,,,,,,,,,,,,,,
ap-c3937caf-37c4-4cc9-8a11-2c214a85eee2,MEDIA,,,,,,https://aurumprivee.com/product-images/catalog-v2/07e6bc4f-8e99-4724-bdc7-6838842ede31.webp,Bvlgari- Man Terrae Essence EDP 2.0 product image,,,,,,,,,,,,,,,,,,,,,,,,,,,,,,,,,,,,,,,,,,,,,,,,,,,,,,,,,,,,,,,,,,,,,,,,,,,,,,,,,,,,,,,,
ap-3124e1e9-9ac3-40b8-91b9-13ebcecc7de9,PRODUCT,Bvlgari- Petits Et Mamans,TRUE,An authentic unisex fragrance selected for the Aurum Privée collection.,all-fragrances;unisex;fresh,all-fragrances,,,,Aurum Privée Edit,48.00,,,,,,,3,FALSE,,,3124e1e9-9ac3-40b8-91b9-13ebcecc7de9,,,,,,,,,,,,,,,,,,,,,,,,,,,,,,,,,,,,,,,,,,,,,,,,,,,,,,,,,,,,,,,,,,,,,,,,,,
ap-3124e1e9-9ac3-40b8-91b9-13ebcecc7de9,MEDIA,,,,,,https://aurumprivee.com/product-images/catalog-v2/dd310ac5-364c-4da8-9702-22b1de053bf7.webp,Bvlgari- Petits Et Mamans Eau De Toilette Spray 1.35 oz product image,,,,,,,,,,,,,,,,,,,,,,,,,,,,,,,,,,,,,,,,,,,,,,,,,,,,,,,,,,,,,,,,,,,,,,,,,,,,,,,,,,,,,,,,
ap-a037d166-cd91-48a5-a6be-d6372d22efeb,PRODUCT,Cacharell- Ladies Amor Amor Gift Set,TRUE,An authentic women’s fragrance collection selected for the Aurum Privée collection.,all-fragrances;for-her;floral,all-fragrances,,,,Aurum Privée Edit,105.00,,,,,,,1,FALSE,,,a037d166-cd91-48a5-a6be-d6372d22efeb,,,,,,,,,,,,,,,,,,,,,,,,,,,,,,,,,,,,,,,,,,,,,,,,,,,,,,,,,,,,,,,,,,,,,,,,,,
ap-a037d166-cd91-48a5-a6be-d6372d22efeb,MEDIA,,,,,,https://aurumprivee.com/product-images/catalog-v2/1a4fbf3a-c5d0-4040-bab0-b0c59f456de9.webp,Cacharell- Ladies Amor Amor Gift Set product image,,,,,,,,,,,,,,,,,,,,,,,,,,,,,,,,,,,,,,,,,,,,,,,,,,,,,,,,,,,,,,,,,,,,,,,,,,,,,,,,,,,,,,,,
ap-423b3b87-055c-4d96-80fe-93dc3f00750b,PRODUCT,Calvin Klein- Beauty Beauty,TRUE,An authentic women’s fragrance collection selected for the Aurum Privée collection.,all-fragrances;for-her;floral,all-fragrances,,,,Aurum Privée Edit,70.00,,,,,,,3,FALSE,,,423b3b87-055c-4d96-80fe-93dc3f00750b,,,,,,,,,,,,,,,,,,,,,,,,,,,,,,,,,,,,,,,,,,,,,,,,,,,,,,,,,,,,,,,,,,,,,,,,,,
ap-423b3b87-055c-4d96-80fe-93dc3f00750b,MEDIA,,,,,,https://aurumprivee.com/product-images/catalog-v2/ed91c9ca-c498-491d-be63-67895f040c52.webp,Calvin Klein- Beauty Beauty 3.4 oz EDP product image,,,,,,,,,,,,,,,,,,,,,,,,,,,,,,,,,,,,,,,,,,,,,,,,,,,,,,,,,,,,,,,,,,,,,,,,,,,,,,,,,,,,,,,,
ap-9ff3de9c-0e46-45e0-a56a-26f6defa76f2,PRODUCT,Calvin Klein- Escape,TRUE,An authentic men’s fragrance collection selected for the Aurum Privée collection.,all-fragrances;for-him;woody,all-fragrances,,,,Aurum Privée Edit,67.00,,,,,,,6,FALSE,,,9ff3de9c-0e46-45e0-a56a-26f6defa76f2,,,,,,,,,,,,,,,,,,,,,,,,,,,,,,,,,,,,,,,,,,,,,,,,,,,,,,,,,,,,,,,,,,,,,,,,,,
ap-9ff3de9c-0e46-45e0-a56a-26f6defa76f2,MEDIA,,,,,,https://aurumprivee.com/product-images/catalog-v2/5b985811-fe87-48ca-8c11-b62206cb3d66.webp,Calvin Klein- Escape 3.4 oz EDT product image,,,,,,,,,,,,,,,,,,,,,,,,,,,,,,,,,,,,,,,,,,,,,,,,,,,,,,,,,,,,,,,,,,,,,,,,,,,,,,,,,,,,,,,,
ap-674bd09d-96e0-4d00-8761-75fd9545462a,PRODUCT,Calvin Klein- Euphoria EDP Spray 3.3,TRUE,An authentic women’s fragrance collection selected for the Aurum Privée collection.,all-fragrances;for-her;floral,all-fragrances,,,,Aurum Privée Edit,114.00,,,,,,,2,FALSE,,,674bd09d-96e0-4d00-8761-75fd9545462a,,,,,,,,,,,,,,,,,,,,,,,,,,,,,,,,,,,,,,,,,,,,,,,,,,,,,,,,,,,,,,,,,,,,,,,,,,
ap-674bd09d-96e0-4d00-8761-75fd9545462a,MEDIA,,,,,,https://aurumprivee.com/product-images/catalog-v2/fc032adf-27b8-4f2d-9a82-ed45d639739a.webp,Calvin Klein- Euphoria EDP Spray 3.3 product image,,,,,,,,,,,,,,,,,,,,,,,,,,,,,,,,,,,,,,,,,,,,,,,,,,,,,,,,,,,,,,,,,,,,,,,,,,,,,,,,,,,,,,,,
ap-fc5a011c-8b0d-4ae5-bb9d-b851aa2ac268,PRODUCT,Calvin Klein- Euphoria For Men /,TRUE,An authentic men’s fragrance collection selected for the Aurum Privée collection.,all-fragrances;for-him;woody,all-fragrances,,,,Aurum Privée Edit,104.00,,,,,,,3,FALSE,,,fc5a011c-8b0d-4ae5-bb9d-b851aa2ac268,,,,,,,,,,,,,,,,,,,,,,,,,,,,,,,,,,,,,,,,,,,,,,,,,,,,,,,,,,,,,,,,,,,,,,,,,,
ap-fc5a011c-8b0d-4ae5-bb9d-b851aa2ac268,MEDIA,,,,,,https://aurumprivee.com/product-images/catalog-v2/edcdcfd2-b93b-4586-b7a4-a2dde6bf8a9b.webp,Calvin Klein- Euphoria For Men / EDT Spray 3.4 oz product image,,,,,,,,,,,,,,,,,,,,,,,,,,,,,,,,,,,,,,,,,,,,,,,,,,,,,,,,,,,,,,,,,,,,,,,,,,,,,,,,,,,,,,,,
ap-678adf7f-5ba6-4d51-b3bd-f1886633b208,PRODUCT,Carolina Herrera- 212 Heroes,TRUE,An authentic women’s fragrance collection selected for the Aurum Privée collection.,all-fragrances;for-her;floral,all-fragrances,,,,Aurum Privée Edit,100.00,,,,,,,3,FALSE,,,678adf7f-5ba6-4d51-b3bd-f1886633b208,,,,,,,,,,,,,,,,,,,,,,,,,,,,,,,,,,,,,,,,,,,,,,,,,,,,,,,,,,,,,,,,,,,,,,,,,,
ap-678adf7f-5ba6-4d51-b3bd-f1886633b208,MEDIA,,,,,,https://aurumprivee.com/product-images/catalog-v2/6cb2ea95-b6f8-4b50-b1e3-e6df5752c3d0.webp,Carolina Herrera-  212 Heroes EDP Spray 1.7 oz product image,,,,,,,,,,,,,,,,,,,,,,,,,,,,,,,,,,,,,,,,,,,,,,,,,,,,,,,,,,,,,,,,,,,,,,,,,,,,,,,,,,,,,,,,
ap-0114dc9b-44c8-48e1-a011-e96bd55eaea2,PRODUCT,Carolina Herrera- 212 Vip /,TRUE,An authentic women’s fragrance collection selected for the Aurum Privée collection.,all-fragrances;for-her;floral,all-fragrances,,,,Aurum Privée Edit,122.00,,,,,,,6,FALSE,,,0114dc9b-44c8-48e1-a011-e96bd55eaea2,,,,,,,,,,,,,,,,,,,,,,,,,,,,,,,,,,,,,,,,,,,,,,,,,,,,,,,,,,,,,,,,,,,,,,,,,,
ap-0114dc9b-44c8-48e1-a011-e96bd55eaea2,MEDIA,,,,,,https://aurumprivee.com/product-images/catalog-v2/5f67bf41-2e16-4aef-9f2b-b76a8efc0271.webp,Carolina Herrera- 212 Vip / EDP Spray 2.7 oz product image,,,,,,,,,,,,,,,,,,,,,,,,,,,,,,,,,,,,,,,,,,,,,,,,,,,,,,,,,,,,,,,,,,,,,,,,,,,,,,,,,,,,,,,,
ap-8c087f9a-1279-44d4-a3ed-5fc8b871e6cf,PRODUCT,Carolina Herrera- Men's Bad Boy Extreme,TRUE,An authentic men’s fragrance collection selected for the Aurum Privée collection.,all-fragrances;for-him;woody,all-fragrances,,,,Aurum Privée Edit,106.00,,,,,,,2,FALSE,,,8c087f9a-1279-44d4-a3ed-5fc8b871e6cf,,,,,,,,,,,,,,,,,,,,,,,,,,,,,,,,,,,,,,,,,,,,,,,,,,,,,,,,,,,,,,,,,,,,,,,,,,
ap-8c087f9a-1279-44d4-a3ed-5fc8b871e6cf,MEDIA,,,,,,https://aurumprivee.com/product-images/catalog-v2/61813c99-a6c1-4e09-b0d4-d80d2c48bc42.webp,Carolina Herrera- Men's Bad Boy Extreme EDP 1.7 oz product image,,,,,,,,,,,,,,,,,,,,,,,,,,,,,,,,,,,,,,,,,,,,,,,,,,,,,,,,,,,,,,,,,,,,,,,,,,,,,,,,,,,,,,,,
ap-6951eda2-2d57-4cd2-9094-27a9df6d1217,PRODUCT,Carolina Herrera-Men's Bad Boy Cobalt,TRUE,An authentic men’s fragrance collection selected for the Aurum Privée collection.,all-fragrances;for-him;woody,all-fragrances,,,,Aurum Privée Edit,155.00,,,,,,,1,FALSE,,,6951eda2-2d57-4cd2-9094-27a9df6d1217,,,,,,,,,,,,,,,,,,,,,,,,,,,,,,,,,,,,,,,,,,,,,,,,,,,,,,,,,,,,,,,,,,,,,,,,,,
ap-6951eda2-2d57-4cd2-9094-27a9df6d1217,MEDIA,,,,,,https://aurumprivee.com/product-images/catalog-v2/e139d8b2-ff9d-4421-aaa1-430bc9aae06f.webp,Carolina Herrera-Men's Bad Boy Cobalt EDP 3.4 oz product image,,,,,,,,,,,,,,,,,,,,,,,,,,,,,,,,,,,,,,,,,,,,,,,,,,,,,,,,,,,,,,,,,,,,,,,,,,,,,,,,,,,,,,,,
ap-79b2dc86-747a-4d5e-9f91-7f1b2678d4bd,PRODUCT,Carolina Herrera/,TRUE,An authentic women’s fragrance collection selected for the Aurum Privée collection.,all-fragrances;for-her;floral,all-fragrances,,,,Aurum Privée Edit,130.00,,,,,,,8,FALSE,,,79b2dc86-747a-4d5e-9f91-7f1b2678d4bd,,,,,,,,,,,,,,,,,,,,,,,,,,,,,,,,,,,,,,,,,,,,,,,,,,,,,,,,,,,,,,,,,,,,,,,,,,
ap-79b2dc86-747a-4d5e-9f91-7f1b2678d4bd,MEDIA,,,,,,https://aurumprivee.com/product-images/catalog-v2/eb241fb8-6a83-4245-84a8-6906de7d857f.webp,Carolina Herrera/ EDP Spray 3.4 oz product image,,,,,,,,,,,,,,,,,,,,,,,,,,,,,,,,,,,,,,,,,,,,,,,,,,,,,,,,,,,,,,,,,,,,,,,,,,,,,,,,,,,,,,,,
ap-938e36ff-e67f-4218-acdf-1e39c167425d,PRODUCT,Chloe 4 PC Mini Set,TRUE,An authentic women’s fragrance collection selected for the Aurum Privée collection.,all-fragrances;for-her;floral,all-fragrances,,,,Aurum Privée Edit,100.00,,,,,,,1,FALSE,,,938e36ff-e67f-4218-acdf-1e39c167425d,,,,,,,,,,,,,,,,,,,,,,,,,,,,,,,,,,,,,,,,,,,,,,,,,,,,,,,,,,,,,,,,,,,,,,,,,,
ap-938e36ff-e67f-4218-acdf-1e39c167425d,MEDIA,,,,,,https://aurumprivee.com/product-images/catalog-v2/d6e90732-7496-4a1f-bf06-4fa4a2ff93a8.webp,Chloe 4 PC Mini Set product image,,,,,,,,,,,,,,,,,,,,,,,,,,,,,,,,,,,,,,,,,,,,,,,,,,,,,,,,,,,,,,,,,,,,,,,,,,,,,,,,,,,,,,,,
ap-0c055d82-1fea-4682-9a2d-f0d5de54e8af,PRODUCT,Chloe by Chloe,TRUE,An authentic women's fragrance collection collection selected for the Aurum Privée collection.,all-fragrances;for-her;floral,all-fragrances,,,,Aurum Privée Edit,162.00,,,,,,,1,FALSE,,,0c055d82-1fea-4682-9a2d-f0d5de54e8af,,,,,,,,,,,,,,,,,,,,,,,,,,,,,,,,,,,,,,,,,,,,,,,,,,,,,,,,,,,,,,,,,,,,,,,,,,
ap-0c055d82-1fea-4682-9a2d-f0d5de54e8af,MEDIA,,,,,,https://aurumprivee.com/product-images/catalog-v2/934856c1-f460-4ec6-b3dd-82a6e163b24b.webp,Chloe by Chloe 2.5 oz EDP SP product image,,,,,,,,,,,,,,,,,,,,,,,,,,,,,,,,,,,,,,,,,,,,,,,,,,,,,,,,,,,,,,,,,,,,,,,,,,,,,,,,,,,,,,,,
ap-9ca9d87e-0c73-45a7-9b45-0cb898dd0db4,PRODUCT,Chloe Nomade 2.5 + 20ML EDP SP Set,TRUE,An authentic women’s fragrance collection selected for the Aurum Privée collection.,all-fragrances;for-her;floral,all-fragrances,,,,Aurum Privée Edit,160.00,,,,,,,3,FALSE,,,9ca9d87e-0c73-45a7-9b45-0cb898dd0db4,,,,,,,,,,,,,,,,,,,,,,,,,,,,,,,,,,,,,,,,,,,,,,,,,,,,,,,,,,,,,,,,,,,,,,,,,,
ap-9ca9d87e-0c73-45a7-9b45-0cb898dd0db4,MEDIA,,,,,,https://aurumprivee.com/product-images/catalog-v2/0eb3e66a-4cd2-41b0-ab45-c97cc5110101.webp,Chloe Nomade 2.5 + 20ML EDP SP Set product image,,,,,,,,,,,,,,,,,,,,,,,,,,,,,,,,,,,,,,,,,,,,,,,,,,,,,,,,,,,,,,,,,,,,,,,,,,,,,,,,,,,,,,,,
ap-037b769b-0a56-4833-a820-07253f44d0e5,PRODUCT,Chloe Rose Naturelle,TRUE,An authentic women’s fragrance collection selected for the Aurum Privée collection.,all-fragrances;for-her;floral,all-fragrances,,,,Aurum Privée Edit,175.00,,,,,,,9,FALSE,,,037b769b-0a56-4833-a820-07253f44d0e5,,,,,,,,,,,,,,,,,,,,,,,,,,,,,,,,,,,,,,,,,,,,,,,,,,,,,,,,,,,,,,,,,,,,,,,,,,
ap-037b769b-0a56-4833-a820-07253f44d0e5,MEDIA,,,,,,https://aurumprivee.com/product-images/catalog-v2/e2558579-8cb9-4907-a680-200791ec3cde.webp,Chloe Rose Naturelle 3.4 oz EDP SP product image,,,,,,,,,,,,,,,,,,,,,,,,,,,,,,,,,,,,,,,,,,,,,,,,,,,,,,,,,,,,,,,,,,,,,,,,,,,,,,,,,,,,,,,,
ap-72d0ccec-fe52-486c-9704-cf6d695f47cb,PRODUCT,Chloe- L'eau De Chloe,TRUE,An authentic women’s fragrance collection selected for the Aurum Privée collection.,all-fragrances;for-her;floral,all-fragrances,,,,Aurum Privée Edit,105.00,,,,,,,2,FALSE,,,72d0ccec-fe52-486c-9704-cf6d695f47cb,,,,,,,,,,,,,,,,,,,,,,,,,,,,,,,,,,,,,,,,,,,,,,,,,,,,,,,,,,,,,,,,,,,,,,,,,,
ap-72d0ccec-fe52-486c-9704-cf6d695f47cb,MEDIA,,,,,,https://aurumprivee.com/product-images/catalog-v2/21a48bd9-2731-4855-9550-a699c1368dad.webp,Chloe- L'eau De Chloe 1.6 EDT product image,,,,,,,,,,,,,,,,,,,,,,,,,,,,,,,,,,,,,,,,,,,,,,,,,,,,,,,,,,,,,,,,,,,,,,,,,,,,,,,,,,,,,,,,
ap-285f05dc-bf22-48d5-bbe0-900623108b0e,PRODUCT,Chloe- Naturelle,TRUE,An authentic women’s fragrance collection selected for the Aurum Privée collection.,all-fragrances;for-her;floral,all-fragrances,,,,Aurum Privée Edit,168.00,,,,,,,5,FALSE,,,285f05dc-bf22-48d5-bbe0-900623108b0e,,,,,,,,,,,,,,,,,,,,,,,,,,,,,,,,,,,,,,,,,,,,,,,,,,,,,,,,,,,,,,,,,,,,,,,,,,
ap-285f05dc-bf22-48d5-bbe0-900623108b0e,MEDIA,,,,,,https://aurumprivee.com/product-images/catalog-v2/71ee668c-dc86-4042-862e-9c41252bf7df.webp,Chloe- Naturelle Woman 3.4 EDP SP product image,,,,,,,,,,,,,,,,,,,,,,,,,,,,,,,,,,,,,,,,,,,,,,,,,,,,,,,,,,,,,,,,,,,,,,,,,,,,,,,,,,,,,,,,
ap-60cf643c-e57f-4510-94a1-744b03fb2f2e,PRODUCT,Christian Dior- Jadore EDP 3.4,TRUE,An authentic women’s fragrance collection selected for the Aurum Privée collection.,all-fragrances;for-her;floral,all-fragrances,,,,Aurum Privée Edit,165.00,,,,,,,3,FALSE,,,60cf643c-e57f-4510-94a1-744b03fb2f2e,,,,,,,,,,,,,,,,,,,,,,,,,,,,,,,,,,,,,,,,,,,,,,,,,,,,,,,,,,,,,,,,,,,,,,,,,,
ap-60cf643c-e57f-4510-94a1-744b03fb2f2e,MEDIA,,,,,,https://aurumprivee.com/product-images/catalog-v2/8b2ada1c-85cb-4a58-9b04-d479baf4dd16.webp,Christian Dior- Jadore EDP 3.4 product image,,,,,,,,,,,,,,,,,,,,,,,,,,,,,,,,,,,,,,,,,,,,,,,,,,,,,,,,,,,,,,,,,,,,,,,,,,,,,,,,,,,,,,,,
ap-c827f239-1e47-4310-ae00-1bee9d81b092,PRODUCT,Coach- Blue,TRUE,An authentic men’s fragrance collection selected for the Aurum Privée collection.,all-fragrances;for-him;woody,all-fragrances,,,,Aurum Privée Edit,80.00,,,,,,,4,FALSE,,,c827f239-1e47-4310-ae00-1bee9d81b092,,,,,,,,,,,,,,,,,,,,,,,,,,,,,,,,,,,,,,,,,,,,,,,,,,,,,,,,,,,,,,,,,,,,,,,,,,
ap-c827f239-1e47-4310-ae00-1bee9d81b092,MEDIA,,,,,,https://aurumprivee.com/product-images/catalog-v2/cf5bdd68-41ed-4395-9ffc-9645e4bca056.webp,Coach- Blue Men 2.0 EDT SP product image,,,,,,,,,,,,,,,,,,,,,,,,,,,,,,,,,,,,,,,,,,,,,,,,,,,,,,,,,,,,,,,,,,,,,,,,,,,,,,,,,,,,,,,,
ap-6a8ed561-9904-448c-a5f0-d9d4a1b8cb6e,PRODUCT,Coach- Floral Blush,TRUE,An authentic women’s fragrance collection selected for the Aurum Privée collection.,all-fragrances;for-her;floral,all-fragrances,,,,Aurum Privée Edit,112.00,,,,,,,2,FALSE,,,6a8ed561-9904-448c-a5f0-d9d4a1b8cb6e,,,,,,,,,,,,,,,,,,,,,,,,,,,,,,,,,,,,,,,,,,,,,,,,,,,,,,,,,,,,,,,,,,,,,,,,,,
ap-6a8ed561-9904-448c-a5f0-d9d4a1b8cb6e,MEDIA,,,,,,https://aurumprivee.com/product-images/catalog-v2/23dbb2af-2532-4210-8b59-92582738c990.webp,Coach- Floral Blush 3.0 EDP product image,,,,,,,,,,,,,,,,,,,,,,,,,,,,,,,,,,,,,,,,,,,,,,,,,,,,,,,,,,,,,,,,,,,,,,,,,,,,,,,,,,,,,,,,
ap-d05afa59-a3be-4c78-896b-680116aeb8a3,PRODUCT,Coach- New York EDP 3.0,TRUE,An authentic women’s fragrance collection selected for the Aurum Privée collection.,all-fragrances;for-her;floral,all-fragrances,,,,Aurum Privée Edit,112.00,,,,,,,2,FALSE,,,d05afa59-a3be-4c78-896b-680116aeb8a3,,,,,,,,,,,,,,,,,,,,,,,,,,,,,,,,,,,,,,,,,,,,,,,,,,,,,,,,,,,,,,,,,,,,,,,,,,
ap-d05afa59-a3be-4c78-896b-680116aeb8a3,MEDIA,,,,,,https://aurumprivee.com/product-images/catalog-v2/e12c2818-ae94-4f57-9b86-7f2e0f6b2375.webp,Coach- New York EDP 3.0 product image,,,,,,,,,,,,,,,,,,,,,,,,,,,,,,,,,,,,,,,,,,,,,,,,,,,,,,,,,,,,,,,,,,,,,,,,,,,,,,,,,,,,,,,,
ap-f32f0528-db61-48fb-bd94-81331a5d8571,PRODUCT,Coach- New York,TRUE,An authentic women’s fragrance collection selected for the Aurum Privée collection.,all-fragrances;for-her;floral,all-fragrances,,,,Aurum Privée Edit,62.00,,,,,,,1,FALSE,,,f32f0528-db61-48fb-bd94-81331a5d8571,,,,,,,,,,,,,,,,,,,,,,,,,,,,,,,,,,,,,,,,,,,,,,,,,,,,,,,,,,,,,,,,,,,,,,,,,,
ap-f32f0528-db61-48fb-bd94-81331a5d8571,MEDIA,,,,,,https://aurumprivee.com/product-images/catalog-v2/6da56f45-7f10-415a-9eed-265b83c08cdb.webp,Coach- New York Men 1.3 EDT SP product image,,,,,,,,,,,,,,,,,,,,,,,,,,,,,,,,,,,,,,,,,,,,,,,,,,,,,,,,,,,,,,,,,,,,,,,,,,,,,,,,,,,,,,,,
ap-fc85cc70-1aa8-47e6-90da-6a2670fe0014,PRODUCT,Coach- New York,TRUE,An authentic men’s fragrance collection selected for the Aurum Privée collection.,all-fragrances;for-him;woody,all-fragrances,,,,Aurum Privée Edit,98.00,,,,,,,4,FALSE,,,fc85cc70-1aa8-47e6-90da-6a2670fe0014,,,,,,,,,,,,,,,,,,,,,,,,,,,,,,,,,,,,,,,,,,,,,,,,,,,,,,,,,,,,,,,,,,,,,,,,,,
ap-fc85cc70-1aa8-47e6-90da-6a2670fe0014,MEDIA,,,,,,https://aurumprivee.com/product-images/catalog-v2/c3a70ce1-5b01-4fff-b43d-cabdab001981.webp,Coach- New York Men 3.3 oz product image,,,,,,,,,,,,,,,,,,,,,,,,,,,,,,,,,,,,,,,,,,,,,,,,,,,,,,,,,,,,,,,,,,,,,,,,,,,,,,,,,,,,,,,,
ap-3a691c08-e61c-4921-99d4-74dd5aab7544,PRODUCT,Dior- Addict Christian,TRUE,An authentic women’s fragrance collection selected for the Aurum Privée collection.,all-fragrances;for-her;floral,all-fragrances,,,,Aurum Privée Edit,130.00,,,,,,,3,FALSE,,,3a691c08-e61c-4921-99d4-74dd5aab7544,,,,,,,,,,,,,,,,,,,,,,,,,,,,,,,,,,,,,,,,,,,,,,,,,,,,,,,,,,,,,,,,,,,,,,,,,,
ap-3a691c08-e61c-4921-99d4-74dd5aab7544,MEDIA,,,,,,https://aurumprivee.com/product-images/catalog-v2/6ab4fc8c-0723-42a5-b2aa-ed6990217a8a.webp,Dior- Addict Christian EDT 3.4 oz product image,,,,,,,,,,,,,,,,,,,,,,,,,,,,,,,,,,,,,,,,,,,,,,,,,,,,,,,,,,,,,,,,,,,,,,,,,,,,,,,,,,,,,,,,
ap-71331867-a447-4863-be46-811a1fe6bde7,PRODUCT,Dior- Forever and Dior,TRUE,An authentic women’s fragrance collection selected for the Aurum Privée collection.,all-fragrances;for-her;floral,all-fragrances,,,,Aurum Privée Edit,100.00,,,,,,,1,FALSE,,,71331867-a447-4863-be46-811a1fe6bde7,,,,,,,,,,,,,,,,,,,,,,,,,,,,,,,,,,,,,,,,,,,,,,,,,,,,,,,,,,,,,,,,,,,,,,,,,,
ap-71331867-a447-4863-be46-811a1fe6bde7,MEDIA,,,,,,https://aurumprivee.com/product-images/catalog-v2/23d10190-c381-4f11-a23e-3da40fc53756.webp,Dior- Forever and Dior Woman 3.4 EDT SP​ product image,,,,,,,,,,,,,,,,,,,,,,,,,,,,,,,,,,,,,,,,,,,,,,,,,,,,,,,,,,,,,,,,,,,,,,,,,,,,,,,,,,,,,,,,
ap-eb0ab7a7-fdff-4597-a54f-7d654d038e0e,PRODUCT,DKNY- Be Delicious,TRUE,An authentic women’s fragrance collection selected for the Aurum Privée collection.,all-fragrances;for-her;floral,all-fragrances,,,,Aurum Privée Edit,60.00,,,,,,,7,FALSE,,,eb0ab7a7-fdff-4597-a54f-7d654d038e0e,,,,,,,,,,,,,,,,,,,,,,,,,,,,,,,,,,,,,,,,,,,,,,,,,,,,,,,,,,,,,,,,,,,,,,,,,,
ap-eb0ab7a7-fdff-4597-a54f-7d654d038e0e,MEDIA,,,,,,https://aurumprivee.com/product-images/catalog-v2/61de149d-bbb1-40ec-afef-86117a56e8d8.webp,DKNY- Be Delicious product image,,,,,,,,,,,,,,,,,,,,,,,,,,,,,,,,,,,,,,,,,,,,,,,,,,,,,,,,,,,,,,,,,,,,,,,,,,,,,,,,,,,,,,,,
ap-9f7c2272-33c2-4702-96bf-d75a8b7d963f,PRODUCT,DKNY- Be Delicious Fresh Blossom,TRUE,An authentic women’s fragrance collection selected for the Aurum Privée collection.,all-fragrances;for-her;floral,all-fragrances,,,,Aurum Privée Edit,60.00,,,,,,,6,FALSE,,,9f7c2272-33c2-4702-96bf-d75a8b7d963f,,,,,,,,,,,,,,,,,,,,,,,,,,,,,,,,,,,,,,,,,,,,,,,,,,,,,,,,,,,,,,,,,,,,,,,,,,
ap-9f7c2272-33c2-4702-96bf-d75a8b7d963f,MEDIA,,,,,,https://aurumprivee.com/product-images/catalog-v2/18b9060d-f2c0-44ef-b019-90135749671d.webp,DKNY- Be Delicious Fresh Blossom 3.3 EDP SP product image,,,,,,,,,,,,,,,,,,,,,,,,,,,,,,,,,,,,,,,,,,,,,,,,,,,,,,,,,,,,,,,,,,,,,,,,,,,,,,,,,,,,,,,,
ap-85acd0d8-2020-4f2e-8e5e-f5047aca6fe0,PRODUCT,Dolce & Gabanna- Light Blue EDT 6.7,TRUE,An authentic women’s fragrance collection selected for the Aurum Privée collection.,all-fragrances;for-her;floral,all-fragrances,,,,Aurum Privée Edit,150.00,,,,,,,1,FALSE,,,85acd0d8-2020-4f2e-8e5e-f5047aca6fe0,,,,,,,,,,,,,,,,,,,,,,,,,,,,,,,,,,,,,,,,,,,,,,,,,,,,,,,,,,,,,,,,,,,,,,,,,,
ap-85acd0d8-2020-4f2e-8e5e-f5047aca6fe0,MEDIA,,,,,,https://aurumprivee.com/product-images/catalog-v2/783723db-c298-48ec-9763-bd4d73d9bb10.webp,Dolce & Gabanna- Light Blue EDT 6.7 product image,,,,,,,,,,,,,,,,,,,,,,,,,,,,,,,,,,,,,,,,,,,,,,,,,,,,,,,,,,,,,,,,,,,,,,,,,,,,,,,,,,,,,,,,
ap-26ca495c-d569-47e4-99c0-04548c193a2b,PRODUCT,Dolce & Gabbana- Intenso,TRUE,An authentic men’s fragrance collection selected for the Aurum Privée collection.,all-fragrances;for-him;woody,all-fragrances,,,,Aurum Privée Edit,100.00,,,,,,,4,FALSE,,,26ca495c-d569-47e4-99c0-04548c193a2b,,,,,,,,,,,,,,,,,,,,,,,,,,,,,,,,,,,,,,,,,,,,,,,,,,,,,,,,,,,,,,,,,,,,,,,,,,
ap-26ca495c-d569-47e4-99c0-04548c193a2b,MEDIA,,,,,,https://aurumprivee.com/product-images/catalog-v2/3e0641a6-bd3d-4829-bea2-bcb8ea598cc6.webp,Dolce & Gabbana-  Intenso Men EDP Spray 4.2 oz product image,,,,,,,,,,,,,,,,,,,,,,,,,,,,,,,,,,,,,,,,,,,,,,,,,,,,,,,,,,,,,,,,,,,,,,,,,,,,,,,,,,,,,,,,
ap-c3a02b2d-3dc6-4e19-8bfc-ac1b21962fe8,PRODUCT,Dolce & Gabbana- Dolce Lily,TRUE,An authentic women’s fragrance collection selected for the Aurum Privée collection.,all-fragrances;for-her;floral,all-fragrances,,,,Aurum Privée Edit,82.00,,,,,,,4,FALSE,,,c3a02b2d-3dc6-4e19-8bfc-ac1b21962fe8,,,,,,,,,,,,,,,,,,,,,,,,,,,,,,,,,,,,,,,,,,,,,,,,,,,,,,,,,,,,,,,,,,,,,,,,,,
ap-c3a02b2d-3dc6-4e19-8bfc-ac1b21962fe8,MEDIA,,,,,,https://aurumprivee.com/product-images/catalog-v2/727d7f54-06a0-4fc5-ad35-fcb4abde99e4.webp,Dolce & Gabbana- Dolce Lily EDT Spray 1.7 oz product image,,,,,,,,,,,,,,,,,,,,,,,,,,,,,,,,,,,,,,,,,,,,,,,,,,,,,,,,,,,,,,,,,,,,,,,,,,,,,,,,,,,,,,,,
ap-e60b8828-3ca2-415f-b04c-0a107841c64a,PRODUCT,Dolce & Gabbana-,TRUE,An authentic men’s fragrance collection selected for the Aurum Privée collection.,all-fragrances;for-him;woody,all-fragrances,,,,Aurum Privée Edit,80.00,,,,,,,2,FALSE,,,e60b8828-3ca2-415f-b04c-0a107841c64a,,,,,,,,,,,,,,,,,,,,,,,,,,,,,,,,,,,,,,,,,,,,,,,,,,,,,,,,,,,,,,,,,,,,,,,,,,
ap-e60b8828-3ca2-415f-b04c-0a107841c64a,MEDIA,,,,,,https://aurumprivee.com/product-images/catalog-v2/6b0f39da-ae72-4447-b16f-5391a5cbc508.webp,Dolce & Gabbana- EDT 2.5 oz  Pour Homme product image,,,,,,,,,,,,,,,,,,,,,,,,,,,,,,,,,,,,,,,,,,,,,,,,,,,,,,,,,,,,,,,,,,,,,,,,,,,,,,,,,,,,,,,,
ap-21d8494d-2531-4cd1-a9df-b6de93c5d655,PRODUCT,Dolce & Gabbana- Ladies Dolce Lily,TRUE,An authentic women’s fragrance collection selected for the Aurum Privée collection.,all-fragrances;for-her;floral,all-fragrances,,,,Aurum Privée Edit,140.00,,,,,,,4,FALSE,,,21d8494d-2531-4cd1-a9df-b6de93c5d655,,,,,,,,,,,,,,,,,,,,,,,,,,,,,,,,,,,,,,,,,,,,,,,,,,,,,,,,,,,,,,,,,,,,,,,,,,
ap-21d8494d-2531-4cd1-a9df-b6de93c5d655,MEDIA,,,,,,https://aurumprivee.com/product-images/catalog-v2/9979461b-a3dc-4716-8ccf-059a1379ea11.webp,Dolce & Gabbana- Ladies Dolce Lily EDT Spray 2.5 oz product image,,,,,,,,,,,,,,,,,,,,,,,,,,,,,,,,,,,,,,,,,,,,,,,,,,,,,,,,,,,,,,,,,,,,,,,,,,,,,,,,,,,,,,,,
ap-1b9b8e7b-57e0-4dff-a6d0-78a0942c8589,PRODUCT,Dolce & Gabbana- Light Blue /,TRUE,An authentic men’s fragrance collection selected for the Aurum Privée collection.,all-fragrances;for-him;woody,all-fragrances,,,,Aurum Privée Edit,49.99,,,,,,,3,FALSE,,,1b9b8e7b-57e0-4dff-a6d0-78a0942c8589,,,,,,,,,,,,,,,,,,,,,,,,,,,,,,,,,,,,,,,,,,,,,,,,,,,,,,,,,,,,,,,,,,,,,,,,,,
ap-1b9b8e7b-57e0-4dff-a6d0-78a0942c8589,MEDIA,,,,,,https://aurumprivee.com/product-images/catalog-v2/d50e6faf-8e56-48e4-86ab-edb24c720a11.webp,Dolce & Gabbana- Light Blue / EDT Spray 3.3 oz product image,,,,,,,,,,,,,,,,,,,,,,,,,,,,,,,,,,,,,,,,,,,,,,,,,,,,,,,,,,,,,,,,,,,,,,,,,,,,,,,,,,,,,,,,
ap-5ee60c3f-f08f-4f94-b594-e4eb77f18064,PRODUCT,Dolce & Gabbana- Light Blue Pour Homme /,TRUE,An authentic women’s fragrance collection selected for the Aurum Privée collection.,all-fragrances;for-her;floral,all-fragrances,,,,Aurum Privée Edit,116.00,,,,,,,2,FALSE,,,5ee60c3f-f08f-4f94-b594-e4eb77f18064,,,,,,,,,,,,,,,,,,,,,,,,,,,,,,,,,,,,,,,,,,,,,,,,,,,,,,,,,,,,,,,,,,,,,,,,,,
ap-5ee60c3f-f08f-4f94-b594-e4eb77f18064,MEDIA,,,,,,https://aurumprivee.com/product-images/catalog-v2/6b503b7e-823d-4d5e-8aa0-284eecb4edc9.webp,Dolce & Gabbana- Light Blue Pour Homme / EDT Spray 4.2 oz product image,,,,,,,,,,,,,,,,,,,,,,,,,,,,,,,,,,,,,,,,,,,,,,,,,,,,,,,,,,,,,,,,,,,,,,,,,,,,,,,,,,,,,,,,
ap-4d5be3ba-b7d8-47f3-9e39-efcf2e89119b,PRODUCT,Dolce & Gabbana- Light Blue Pour Homme /,TRUE,An authentic men’s fragrance collection selected for the Aurum Privée collection.,all-fragrances;for-him;woody,all-fragrances,,,,Aurum Privée Edit,166.00,,,,,,,5,FALSE,,,4d5be3ba-b7d8-47f3-9e39-efcf2e89119b,,,,,,,,,,,,,,,,,,,,,,,,,,,,,,,,,,,,,,,,,,,,,,,,,,,,,,,,,,,,,,,,,,,,,,,,,,
ap-4d5be3ba-b7d8-47f3-9e39-efcf2e89119b,MEDIA,,,,,,https://aurumprivee.com/product-images/catalog-v2/1138d965-7b7b-43d3-bd2a-c2292f079791.webp,Dolce & Gabbana- Light Blue Pour Homme / EDT Spray 4.2 oz product image,,,,,,,,,,,,,,,,,,,,,,,,,,,,,,,,,,,,,,,,,,,,,,,,,,,,,,,,,,,,,,,,,,,,,,,,,,,,,,,,,,,,,,,,
ap-6d7feab2-5085-4e82-97de-59b7d5c05923,PRODUCT,Dolce & Gabbana- The One 75ml,TRUE,An authentic women’s fragrance collection selected for the Aurum Privée collection.,all-fragrances;for-her;floral,all-fragrances,,,,Aurum Privée Edit,132.00,,,,,,,5,FALSE,,,6d7feab2-5085-4e82-97de-59b7d5c05923,,,,,,,,,,,,,,,,,,,,,,,,,,,,,,,,,,,,,,,,,,,,,,,,,,,,,,,,,,,,,,,,,,,,,,,,,,
ap-6d7feab2-5085-4e82-97de-59b7d5c05923,MEDIA,,,,,,https://aurumprivee.com/product-images/catalog-v2/5ddbfde2-0d6f-496c-a333-1a90ab48cefd.webp,Dolce & Gabbana- The One 75ml product image,,,,,,,,,,,,,,,,,,,,,,,,,,,,,,,,,,,,,,,,,,,,,,,,,,,,,,,,,,,,,,,,,,,,,,,,,,,,,,,,,,,,,,,,
ap-4811911b-f762-4056-b3a4-4cc6e1513b22,PRODUCT,Dolce & Gabbana- The One Intense,TRUE,An authentic men’s fragrance collection selected for the Aurum Privée collection.,all-fragrances;for-him;woody,all-fragrances,,,,Aurum Privée Edit,85.00,,,,,,,1,FALSE,,,4811911b-f762-4056-b3a4-4cc6e1513b22,,,,,,,,,,,,,,,,,,,,,,,,,,,,,,,,,,,,,,,,,,,,,,,,,,,,,,,,,,,,,,,,,,,,,,,,,,
ap-4811911b-f762-4056-b3a4-4cc6e1513b22,MEDIA,,,,,,https://aurumprivee.com/product-images/catalog-v2/d940da0b-9844-4507-b485-efd7de9fe6b5.webp,Dolce & Gabbana- The One Intense EDP Spray 1.7 oz product image,,,,,,,,,,,,,,,,,,,,,,,,,,,,,,,,,,,,,,,,,,,,,,,,,,,,,,,,,,,,,,,,,,,,,,,,,,,,,,,,,,,,,,,,
ap-8b4b5d2f-8af9-4acc-ae88-58f2f936b71e,PRODUCT,Ed Hardy- Love & Luck,TRUE,An authentic men’s fragrance collection selected for the Aurum Privée collection.,all-fragrances;for-him;woody,all-fragrances,,,,Aurum Privée Edit,90.00,,,,,,,3,FALSE,,,8b4b5d2f-8af9-4acc-ae88-58f2f936b71e,,,,,,,,,,,,,,,,,,,,,,,,,,,,,,,,,,,,,,,,,,,,,,,,,,,,,,,,,,,,,,,,,,,,,,,,,,
ap-8b4b5d2f-8af9-4acc-ae88-58f2f936b71e,MEDIA,,,,,,https://aurumprivee.com/product-images/catalog-v2/cc5144ed-9db5-4c51-a8e3-df4f849f972f.webp,Ed Hardy- Love & Luck Men 3.4 EDT SP product image,,,,,,,,,,,,,,,,,,,,,,,,,,,,,,,,,,,,,,,,,,,,,,,,,,,,,,,,,,,,,,,,,,,,,,,,,,,,,,,,,,,,,,,,
ap-fb49188e-9b48-4b81-b778-c3a76c2d647f,PRODUCT,Ed Hardy- Love & Luck,TRUE,An authentic women’s fragrance collection selected for the Aurum Privée collection.,all-fragrances;for-her;floral,all-fragrances,,,,Aurum Privée Edit,75.00,,,,,,,4,FALSE,,,fb49188e-9b48-4b81-b778-c3a76c2d647f,,,,,,,,,,,,,,,,,,,,,,,,,,,,,,,,,,,,,,,,,,,,,,,,,,,,,,,,,,,,,,,,,,,,,,,,,,
ap-fb49188e-9b48-4b81-b778-c3a76c2d647f,MEDIA,,,,,,https://aurumprivee.com/product-images/catalog-v2/1cf3aacf-1f30-4fb2-bf74-c37e97dba413.webp,Ed Hardy- Love & Luck Woman 3.4 EDP SP product image,,,,,,,,,,,,,,,,,,,,,,,,,,,,,,,,,,,,,,,,,,,,,,,,,,,,,,,,,,,,,,,,,,,,,,,,,,,,,,,,,,,,,,,,
ap-53ab6c82-829f-4c52-8e28-5663e98b277a,PRODUCT,Elizabeth Arden- 5th Avenue,TRUE,An authentic women’s fragrance collection selected for the Aurum Privée collection.,all-fragrances;for-her;floral,all-fragrances,,,,Aurum Privée Edit,93.00,,,,,,,1,FALSE,,,53ab6c82-829f-4c52-8e28-5663e98b277a,,,,,,,,,,,,,,,,,,,,,,,,,,,,,,,,,,,,,,,,,,,,,,,,,,,,,,,,,,,,,,,,,,,,,,,,,,
ap-53ab6c82-829f-4c52-8e28-5663e98b277a,MEDIA,,,,,,https://aurumprivee.com/product-images/catalog-v2/4a02c21c-d898-40c2-b921-ad5d2454a6d8.webp,Elizabeth Arden- 5th Avenue 4.2 EDP SP product image,,,,,,,,,,,,,,,,,,,,,,,,,,,,,,,,,,,,,,,,,,,,,,,,,,,,,,,,,,,,,,,,,,,,,,,,,,,,,,,,,,,,,,,,
ap-c24191d8-fff9-46c9-8d36-e338815c7ad4,PRODUCT,Elizabeth Arden- Sunflower /,TRUE,An authentic women’s fragrance collection selected for the Aurum Privée collection.,all-fragrances;for-her;floral,all-fragrances,,,,Aurum Privée Edit,39.50,,,,,,,5,FALSE,,,c24191d8-fff9-46c9-8d36-e338815c7ad4,,,,,,,,,,,,,,,,,,,,,,,,,,,,,,,,,,,,,,,,,,,,,,,,,,,,,,,,,,,,,,,,,,,,,,,,,,
ap-c24191d8-fff9-46c9-8d36-e338815c7ad4,MEDIA,,,,,,https://aurumprivee.com/product-images/catalog-v2/6512ff90-d548-486e-8843-f2567c468ba2.webp,Elizabeth Arden- Sunflower / EDT Spray 3.3 oz product image,,,,,,,,,,,,,,,,,,,,,,,,,,,,,,,,,,,,,,,,,,,,,,,,,,,,,,,,,,,,,,,,,,,,,,,,,,,,,,,,,,,,,,,,
ap-59732154-bb7b-4997-b687-d7c11d90052c,PRODUCT,Elizabeth Taylor- White Diamonds EDT for Women Spray,TRUE,An authentic women’s fragrance collection selected for the Aurum Privée collection.,all-fragrances;for-her;floral,all-fragrances,,,,Aurum Privée Edit,69.00,,,,,,,2,FALSE,,,59732154-bb7b-4997-b687-d7c11d90052c,,,,,,,,,,,,,,,,,,,,,,,,,,,,,,,,,,,,,,,,,,,,,,,,,,,,,,,,,,,,,,,,,,,,,,,,,,
ap-59732154-bb7b-4997-b687-d7c11d90052c,MEDIA,,,,,,https://aurumprivee.com/product-images/catalog-v2/1045ca56-58f0-4562-b4c5-795c2e3cb62d.webp,Elizabeth Taylor- White Diamonds EDT  for Women Spray 3.3oz product image,,,,,,,,,,,,,,,,,,,,,,,,,,,,,,,,,,,,,,,,,,,,,,,,,,,,,,,,,,,,,,,,,,,,,,,,,,,,,,,,,,,,,,,,
ap-aae4d216-fbda-4fa5-be36-35a5c0585769,PRODUCT,Ellie Saab Le Parfum Lumiere,TRUE,An authentic women's fragrance collection selected for the Aurum Privée collection.,all-fragrances;for-her;floral,all-fragrances,,,,Aurum Privée Edit,170.00,,,,,,,1,FALSE,,,aae4d216-fbda-4fa5-be36-35a5c0585769,,,,,,,,,,,,,,,,,,,,,,,,,,,,,,,,,,,,,,,,,,,,,,,,,,,,,,,,,,,,,,,,,,,,,,,,,,
ap-aae4d216-fbda-4fa5-be36-35a5c0585769,MEDIA,,,,,,https://aurumprivee.com/product-images/catalog-v2/0710ecee-acf0-4f28-a0d8-e99b459f3a9d.webp,Ellie Saab Le Parfum Lumiere EDP sp 3.0oz product image,,,,,,,,,,,,,,,,,,,,,,,,,,,,,,,,,,,,,,,,,,,,,,,,,,,,,,,,,,,,,,,,,,,,,,,,,,,,,,,,,,,,,,,,
ap-ca453206-5389-4054-8d38-3dcaf84fe08e,PRODUCT,Emoji I Love My Wild Friends- 2 Pc Gift Set,TRUE,An authentic boy's fragrance collection selected for the Aurum Privée collection.,all-fragrances;for-him;woody,all-fragrances,,,,Aurum Privée Edit,24.00,,,,,,,1,FALSE,,,ca453206-5389-4054-8d38-3dcaf84fe08e,,,,,,,,,,,,,,,,,,,,,,,,,,,,,,,,,,,,,,,,,,,,,,,,,,,,,,,,,,,,,,,,,,,,,,,,,,
ap-ca453206-5389-4054-8d38-3dcaf84fe08e,MEDIA,,,,,,https://aurumprivee.com/product-images/catalog-v2/79b266bc-9ccc-4145-a2fc-9413eae423fe.webp,Emoji I Love My Wild Friends- 2 Pc Gift Set 3.4oz EDT product image,,,,,,,,,,,,,,,,,,,,,,,,,,,,,,,,,,,,,,,,,,,,,,,,,,,,,,,,,,,,,,,,,,,,,,,,,,,,,,,,,,,,,,,,
ap-af6c559c-dbcd-49ba-9bf4-80a0da3353fe,PRODUCT,Escada- Especially Delicate notes 75 ml,TRUE,An authentic women’s fragrance collection selected for the Aurum Privée collection.,all-fragrances;for-her;floral,all-fragrances,,,,Aurum Privée Edit,90.00,,,,,,,1,FALSE,,,af6c559c-dbcd-49ba-9bf4-80a0da3353fe,,,,,,,,,,,,,,,,,,,,,,,,,,,,,,,,,,,,,,,,,,,,,,,,,,,,,,,,,,,,,,,,,,,,,,,,,,
ap-af6c559c-dbcd-49ba-9bf4-80a0da3353fe,MEDIA,,,,,,https://aurumprivee.com/product-images/catalog-v2/86ce52b0-2359-4b35-967d-69312ea74f7f.webp,Escada- Especially Delicate notes 75 ml product image,,,,,,,,,,,,,,,,,,,,,,,,,,,,,,,,,,,,,,,,,,,,,,,,,,,,,,,,,,,,,,,,,,,,,,,,,,,,,,,,,,,,,,,,
ap-e4eece4c-f81f-4bcf-aa31-1dc43bc0815b,PRODUCT,Escada- Fairy Love EDT 3.3,TRUE,An authentic women’s fragrance collection selected for the Aurum Privée collection.,all-fragrances;for-her;floral,all-fragrances,,,,Aurum Privée Edit,80.00,,,,,,,4,FALSE,,,e4eece4c-f81f-4bcf-aa31-1dc43bc0815b,,,,,,,,,,,,,,,,,,,,,,,,,,,,,,,,,,,,,,,,,,,,,,,,,,,,,,,,,,,,,,,,,,,,,,,,,,
ap-e4eece4c-f81f-4bcf-aa31-1dc43bc0815b,MEDIA,,,,,,https://aurumprivee.com/product-images/catalog-v2/ec40956b-fb9e-4382-95f5-cfe1cfc0cc3b.webp,Escada- Fairy Love EDT 3.3 product image,,,,,,,,,,,,,,,,,,,,,,,,,,,,,,,,,,,,,,,,,,,,,,,,,,,,,,,,,,,,,,,,,,,,,,,,,,,,,,,,,,,,,,,,
ap-8d9b14d9-3f7b-47e2-b67f-22730b869a09,PRODUCT,Ferrari- Red Power Ice 3,TRUE,An authentic men’s fragrance collection selected for the Aurum Privée collection.,all-fragrances;for-him;woody,all-fragrances,,,,Aurum Privée Edit,45.00,,,,,,,1,FALSE,,,8d9b14d9-3f7b-47e2-b67f-22730b869a09,,,,,,,,,,,,,,,,,,,,,,,,,,,,,,,,,,,,,,,,,,,,,,,,,,,,,,,,,,,,,,,,,,,,,,,,,,
ap-8d9b14d9-3f7b-47e2-b67f-22730b869a09,MEDIA,,,,,,https://aurumprivee.com/product-images/catalog-v2/f34101dc-2e31-45f8-9264-1526b6e0bd5d.webp,Ferrari- Red Power Ice 3 2.5 oz EDT product image,,,,,,,,,,,,,,,,,,,,,,,,,,,,,,,,,,,,,,,,,,,,,,,,,,,,,,,,,,,,,,,,,,,,,,,,,,,,,,,,,,,,,,,,
ap-8059cb20-5b38-4473-adef-88734fcec5a4,PRODUCT,Fred Hayman 273 Men / Exceptional,TRUE,An authentic men’s fragrance collection selected for the Aurum Privée collection.,all-fragrances;for-him;woody,all-fragrances,,,,Aurum Privée Edit,48.00,,,,,,,2,FALSE,,,8059cb20-5b38-4473-adef-88734fcec5a4,,,,,,,,,,,,,,,,,,,,,,,,,,,,,,,,,,,,,,,,,,,,,,,,,,,,,,,,,,,,,,,,,,,,,,,,,,
ap-8059cb20-5b38-4473-adef-88734fcec5a4,MEDIA,,,,,,https://aurumprivee.com/product-images/catalog-v2/839a59b0-1819-4a1c-8816-544a5a0fd82b.webp,Fred Hayman  273 Men / Exceptional Cologne Spray 2.5 oz product image,,,,,,,,,,,,,,,,,,,,,,,,,,,,,,,,,,,,,,,,,,,,,,,,,,,,,,,,,,,,,,,,,,,,,,,,,,,,,,,,,,,,,,,,
ap-c3732590-d5b1-4cc4-bf29-a7d60a5b41c5,PRODUCT,Frozen Roll on Parfume,TRUE,An authentic girls fragrance collection selected for the Aurum Privée collection.,all-fragrances;for-her;gourmand,all-fragrances,,,,Aurum Privée Edit,5.00,,,,,,,3,FALSE,,,c3732590-d5b1-4cc4-bf29-a7d60a5b41c5,,,,,,,,,,,,,,,,,,,,,,,,,,,,,,,,,,,,,,,,,,,,,,,,,,,,,,,,,,,,,,,,,,,,,,,,,,
ap-c3732590-d5b1-4cc4-bf29-a7d60a5b41c5,MEDIA,,,,,,https://aurumprivee.com/product-images/catalog-v2/c5d6eb75-bcba-4a0e-bdb3-fed586f1e39d.webp,Frozen Roll on Parfume product image,,,,,,,,,,,,,,,,,,,,,,,,,,,,,,,,,,,,,,,,,,,,,,,,,,,,,,,,,,,,,,,,,,,,,,,,,,,,,,,,,,,,,,,,
ap-ab310c7b-d6c6-4f39-a58d-b057ef0b183f,PRODUCT,Giorgio Armani My Way Nectar,TRUE,An authentic women's fragrance collection selected for the Aurum Privée collection.,all-fragrances;for-her;floral,all-fragrances,,,,Aurum Privée Edit,155.00,,,,,,,999999,FALSE,,,ab310c7b-d6c6-4f39-a58d-b057ef0b183f,,,,,,,,,,,,,,,,,,,,,,,,,,,,,,,,,,,,,,,,,,,,,,,,,,,,,,,,,,,,,,,,,,,,,,,,,,
ap-ab310c7b-d6c6-4f39-a58d-b057ef0b183f,MEDIA,,,,,,https://aurumprivee.com/product-images/catalog-v2/0660f9e6-085b-47eb-92e2-1922fc2a5d87.webp,Giorgio Armani  My Way Nectar EDP 3.0oz product image,,,,,,,,,,,,,,,,,,,,,,,,,,,,,,,,,,,,,,,,,,,,,,,,,,,,,,,,,,,,,,,,,,,,,,,,,,,,,,,,,,,,,,,,
ap-c0fb899e-2a6d-4cb2-885c-80e493e49ec5,PRODUCT,Giorgio Armani- Acqua Di Gio EDT 3.3,TRUE,An authentic women’s fragrance collection selected for the Aurum Privée collection.,all-fragrances;for-her;floral,all-fragrances,,,,Aurum Privée Edit,90.00,,,,,,,2,FALSE,,,c0fb899e-2a6d-4cb2-885c-80e493e49ec5,,,,,,,,,,,,,,,,,,,,,,,,,,,,,,,,,,,,,,,,,,,,,,,,,,,,,,,,,,,,,,,,,,,,,,,,,,
ap-c0fb899e-2a6d-4cb2-885c-80e493e49ec5,MEDIA,,,,,,https://aurumprivee.com/product-images/catalog-v2/b02a5174-6c29-4220-a3ed-8b39fd238c1d.webp,Giorgio Armani- Acqua Di Gio EDT 3.3 product image,,,,,,,,,,,,,,,,,,,,,,,,,,,,,,,,,,,,,,,,,,,,,,,,,,,,,,,,,,,,,,,,,,,,,,,,,,,,,,,,,,,,,,,,
ap-9e574584-3155-4e4c-9ec6-23e6045fb509,PRODUCT,Giorgio Armani- Acqua Di Gioia EDP Spray 3.4,TRUE,An authentic women’s fragrance collection selected for the Aurum Privée collection.,all-fragrances;for-her;floral,all-fragrances,,,,Aurum Privée Edit,120.00,,,,,,,1,FALSE,,,9e574584-3155-4e4c-9ec6-23e6045fb509,,,,,,,,,,,,,,,,,,,,,,,,,,,,,,,,,,,,,,,,,,,,,,,,,,,,,,,,,,,,,,,,,,,,,,,,,,
ap-9e574584-3155-4e4c-9ec6-23e6045fb509,MEDIA,,,,,,https://aurumprivee.com/product-images/catalog-v2/3f7c4865-bc0a-469d-a53a-3649c2e0b9a5.webp,Giorgio Armani- Acqua Di Gioia EDP Spray 3.4 product image,,,,,,,,,,,,,,,,,,,,,,,,,,,,,,,,,,,,,,,,,,,,,,,,,,,,,,,,,,,,,,,,,,,,,,,,,,,,,,,,,,,,,,,,
ap-042290a3-6171-4820-9f46-3384a23289e0,PRODUCT,Giorgio Armani- Acqua Di Parma Colonia Futura 1.7,TRUE,An authentic men’s fragrance collection selected for the Aurum Privée collection.,all-fragrances;for-him;woody,all-fragrances,,,,Aurum Privée Edit,150.00,,,,,,,2,FALSE,,,042290a3-6171-4820-9f46-3384a23289e0,,,,,,,,,,,,,,,,,,,,,,,,,,,,,,,,,,,,,,,,,,,,,,,,,,,,,,,,,,,,,,,,,,,,,,,,,,
ap-042290a3-6171-4820-9f46-3384a23289e0,MEDIA,,,,,,https://aurumprivee.com/product-images/catalog-v2/d9bbf1cd-d075-43e2-967d-d7918a27533b.webp,Giorgio Armani- Acqua Di Parma Colonia Futura 1.7 product image,,,,,,,,,,,,,,,,,,,,,,,,,,,,,,,,,,,,,,,,,,,,,,,,,,,,,,,,,,,,,,,,,,,,,,,,,,,,,,,,,,,,,,,,
ap-85484995-bace-47bb-914c-d7843339f121,PRODUCT,Giorgio Armani- Armani Code,TRUE,An authentic men’s fragrance collection selected for the Aurum Privée collection.,all-fragrances;for-him;woody,all-fragrances,,,,Aurum Privée Edit,182.00,,,,,,,2,FALSE,,,85484995-bace-47bb-914c-d7843339f121,,,,,,,,,,,,,,,,,,,,,,,,,,,,,,,,,,,,,,,,,,,,,,,,,,,,,,,,,,,,,,,,,,,,,,,,,,
ap-85484995-bace-47bb-914c-d7843339f121,MEDIA,,,,,,https://aurumprivee.com/product-images/catalog-v2/d4701e8a-5cc0-4e0c-b110-641818bee6f7.webp,Giorgio Armani- Armani Code 4.2 Parfum SP product image,,,,,,,,,,,,,,,,,,,,,,,,,,,,,,,,,,,,,,,,,,,,,,,,,,,,,,,,,,,,,,,,,,,,,,,,,,,,,,,,,,,,,,,,
ap-fc4a6300-da1a-4b52-948e-785ba1026ece,PRODUCT,Giorgio Armani- Armani Code Femme EDP SP 2.5,TRUE,An authentic women’s fragrance collection selected for the Aurum Privée collection.,all-fragrances;for-her;floral,all-fragrances,,,,Aurum Privée Edit,110.00,,,,,,,1,FALSE,,,fc4a6300-da1a-4b52-948e-785ba1026ece,,,,,,,,,,,,,,,,,,,,,,,,,,,,,,,,,,,,,,,,,,,,,,,,,,,,,,,,,,,,,,,,,,,,,,,,,,
ap-fc4a6300-da1a-4b52-948e-785ba1026ece,MEDIA,,,,,,https://aurumprivee.com/product-images/catalog-v2/72b31a11-ebfe-435b-b7cd-9c8d8c36db00.webp,Giorgio Armani- Armani Code Femme EDP SP 2.5 product image,,,,,,,,,,,,,,,,,,,,,,,,,,,,,,,,,,,,,,,,,,,,,,,,,,,,,,,,,,,,,,,,,,,,,,,,,,,,,,,,,,,,,,,,
ap-04fda0c2-9f6c-4d1b-9d6e-9c333341883e,PRODUCT,Giorgio Armani- Armani Diamond,TRUE,An authentic men’s fragrance collection selected for the Aurum Privée collection.,all-fragrances;for-him;woody,all-fragrances,,,,Aurum Privée Edit,100.00,,,,,,,6,FALSE,,,04fda0c2-9f6c-4d1b-9d6e-9c333341883e,,,,,,,,,,,,,,,,,,,,,,,,,,,,,,,,,,,,,,,,,,,,,,,,,,,,,,,,,,,,,,,,,,,,,,,,,,
ap-04fda0c2-9f6c-4d1b-9d6e-9c333341883e,MEDIA,,,,,,https://aurumprivee.com/product-images/catalog-v2/06ee875f-a970-45b2-b53e-f3e311922ec7.webp,Giorgio Armani- Armani Diamond Men 2.5  EDT  SP product image,,,,,,,,,,,,,,,,,,,,,,,,,,,,,,,,,,,,,,,,,,,,,,,,,,,,,,,,,,,,,,,,,,,,,,,,,,,,,,,,,,,,,,,,
ap-bbe07acc-3150-4191-b1df-13396ac58f1a,PRODUCT,Giorgio Armani- Men's Acqua Di Gio Gift Se,TRUE,An authentic men’s fragrance collection selected for the Aurum Privée collection.,all-fragrances;for-him;woody,all-fragrances,,,,Aurum Privée Edit,38.99,,,,,,,1,FALSE,,,bbe07acc-3150-4191-b1df-13396ac58f1a,,,,,,,,,,,,,,,,,,,,,,,,,,,,,,,,,,,,,,,,,,,,,,,,,,,,,,,,,,,,,,,,,,,,,,,,,,
ap-bbe07acc-3150-4191-b1df-13396ac58f1a,MEDIA,,,,,,https://aurumprivee.com/product-images/catalog-v2/f6f1ffa7-8c13-446c-a01b-38f252c6685b.webp,Giorgio Armani- Men's Acqua Di Gio Gift Se product image,,,,,,,,,,,,,,,,,,,,,,,,,,,,,,,,,,,,,,,,,,,,,,,,,,,,,,,,,,,,,,,,,,,,,,,,,,,,,,,,,,,,,,,,
ap-34d00e16-e1c1-434f-aa14-39681b32f6d2,PRODUCT,Givenchy Hot Couture EDP Spray 3.3,TRUE,An authentic women’s fragrance collection selected for the Aurum Privée collection.,all-fragrances;for-her;floral,all-fragrances,,,,Aurum Privée Edit,125.00,,,,,,,1,FALSE,,,34d00e16-e1c1-434f-aa14-39681b32f6d2,,,,,,,,,,,,,,,,,,,,,,,,,,,,,,,,,,,,,,,,,,,,,,,,,,,,,,,,,,,,,,,,,,,,,,,,,,
ap-34d00e16-e1c1-434f-aa14-39681b32f6d2,MEDIA,,,,,,https://aurumprivee.com/product-images/catalog-v2/05e76da0-6c75-4163-9664-fcdd7fd20bbc.webp,Givenchy Hot Couture EDP Spray 3.3 product image,,,,,,,,,,,,,,,,,,,,,,,,,,,,,,,,,,,,,,,,,,,,,,,,,,,,,,,,,,,,,,,,,,,,,,,,,,,,,,,,,,,,,,,,
ap-dc44934b-e7fa-49d3-b817-b9a249067f7d,PRODUCT,Givenchy Pour Homme Blue Label,TRUE,An authentic men’s fragrance collection selected for the Aurum Privée collection.,all-fragrances;for-him;woody,all-fragrances,,,,Aurum Privée Edit,130.00,,,,,,,5,FALSE,,,dc44934b-e7fa-49d3-b817-b9a249067f7d,,,,,,,,,,,,,,,,,,,,,,,,,,,,,,,,,,,,,,,,,,,,,,,,,,,,,,,,,,,,,,,,,,,,,,,,,,
ap-dc44934b-e7fa-49d3-b817-b9a249067f7d,MEDIA,,,,,,https://aurumprivee.com/product-images/catalog-v2/9ea3f098-b5ec-42ca-8ddf-22fcc841298e.webp,Givenchy Pour Homme Blue Label 3.3 oz EDT SP product image,,,,,,,,,,,,,,,,,,,,,,,,,,,,,,,,,,,,,,,,,,,,,,,,,,,,,,,,,,,,,,,,,,,,,,,,,,,,,,,,,,,,,,,,
ap-d9de08aa-7ed7-49f3-92bc-f1dd14df923e,PRODUCT,Gres- Cabotine by,TRUE,An authentic women’s fragrance collection selected for the Aurum Privée collection.,all-fragrances;for-her;floral,all-fragrances,,,,Aurum Privée Edit,65.00,,,,,,,5,FALSE,,,d9de08aa-7ed7-49f3-92bc-f1dd14df923e,,,,,,,,,,,,,,,,,,,,,,,,,,,,,,,,,,,,,,,,,,,,,,,,,,,,,,,,,,,,,,,,,,,,,,,,,,
ap-d9de08aa-7ed7-49f3-92bc-f1dd14df923e,MEDIA,,,,,,https://aurumprivee.com/product-images/catalog-v2/d020a5f4-e4d5-4ac0-8ec2-c12338c34f9a.webp,Gres- Cabotine by EDT Spray 3.3 oz product image,,,,,,,,,,,,,,,,,,,,,,,,,,,,,,,,,,,,,,,,,,,,,,,,,,,,,,,,,,,,,,,,,,,,,,,,,,,,,,,,,,,,,,,,
ap-3603339d-c386-41dd-aff2-cbca4fb7d99e,PRODUCT,Gres- Cabotine Rose /,TRUE,An authentic women’s fragrance collection selected for the Aurum Privée collection.,all-fragrances;for-her;floral,all-fragrances,,,,Aurum Privée Edit,65.00,,,,,,,4,FALSE,,,3603339d-c386-41dd-aff2-cbca4fb7d99e,,,,,,,,,,,,,,,,,,,,,,,,,,,,,,,,,,,,,,,,,,,,,,,,,,,,,,,,,,,,,,,,,,,,,,,,,,
ap-3603339d-c386-41dd-aff2-cbca4fb7d99e,MEDIA,,,,,,https://aurumprivee.com/product-images/catalog-v2/3d8eb59d-3b3f-4f01-b0b7-2731d6aae324.webp,Gres- Cabotine Rose / EDT Spray 3.4 oz product image,,,,,,,,,,,,,,,,,,,,,,,,,,,,,,,,,,,,,,,,,,,,,,,,,,,,,,,,,,,,,,,,,,,,,,,,,,,,,,,,,,,,,,,,
ap-ea2bddf5-750a-4498-bd1d-10a9de30aa36,PRODUCT,Gres- Ladies Cabotine Gold EDT Spray 3.4,TRUE,An authentic women’s fragrance collection selected for the Aurum Privée collection.,all-fragrances;for-her;floral,all-fragrances,,,,Aurum Privée Edit,62.00,,,,,,,7,FALSE,,,ea2bddf5-750a-4498-bd1d-10a9de30aa36,,,,,,,,,,,,,,,,,,,,,,,,,,,,,,,,,,,,,,,,,,,,,,,,,,,,,,,,,,,,,,,,,,,,,,,,,,
ap-ea2bddf5-750a-4498-bd1d-10a9de30aa36,MEDIA,,,,,,https://aurumprivee.com/product-images/catalog-v2/a661feda-a693-452a-9e51-f35b50e8a970.webp,Gres- Ladies Cabotine Gold EDT Spray 3.4 product image,,,,,,,,,,,,,,,,,,,,,,,,,,,,,,,,,,,,,,,,,,,,,,,,,,,,,,,,,,,,,,,,,,,,,,,,,,,,,,,,,,,,,,,,
ap-34ddc608-8f7f-4928-8472-53be9aec2d27,PRODUCT,Gucci Men's Guilty Pour Homme Gift Set,TRUE,An authentic men’s fragrance collection selected for the Aurum Privée collection.,all-fragrances;for-him;woody,all-fragrances,,,,Aurum Privée Edit,100.00,,,,,,,5,FALSE,,,34ddc608-8f7f-4928-8472-53be9aec2d27,,,,,,,,,,,,,,,,,,,,,,,,,,,,,,,,,,,,,,,,,,,,,,,,,,,,,,,,,,,,,,,,,,,,,,,,,,
ap-34ddc608-8f7f-4928-8472-53be9aec2d27,MEDIA,,,,,,https://aurumprivee.com/product-images/catalog-v2/8aa58947-52cd-4fa4-8be3-4d2b4edbe55b.webp,Gucci Men's Guilty Pour Homme Gift Set product image,,,,,,,,,,,,,,,,,,,,,,,,,,,,,,,,,,,,,,,,,,,,,,,,,,,,,,,,,,,,,,,,,,,,,,,,,,,,,,,,,,,,,,,,
ap-9e2c48cd-cfeb-4d4c-9b62-aa3c67f2e6cf,PRODUCT,Gucci Unisex Memoire D'Une Odeur EDP 3.3,TRUE,An authentic women’s fragrance collection selected for the Aurum Privée collection.,all-fragrances;for-her;floral,all-fragrances,,,,Aurum Privée Edit,122.00,,,,,,,2,FALSE,,,9e2c48cd-cfeb-4d4c-9b62-aa3c67f2e6cf,,,,,,,,,,,,,,,,,,,,,,,,,,,,,,,,,,,,,,,,,,,,,,,,,,,,,,,,,,,,,,,,,,,,,,,,,,
ap-9e2c48cd-cfeb-4d4c-9b62-aa3c67f2e6cf,MEDIA,,,,,,https://aurumprivee.com/product-images/catalog-v2/5e1f2109-5036-476d-8396-0c3023ae0d1f.webp,Gucci Unisex Memoire D'Une Odeur EDP 3.3 product image,,,,,,,,,,,,,,,,,,,,,,,,,,,,,,,,,,,,,,,,,,,,,,,,,,,,,,,,,,,,,,,,,,,,,,,,,,,,,,,,,,,,,,,,
ap-a80a14c1-8a68-4a48-82da-4b5efe9e1d52,PRODUCT,Gucci- Guilty Absolute /,TRUE,An authentic women’s fragrance collection selected for the Aurum Privée collection.,all-fragrances;for-her;floral,all-fragrances,,,,Aurum Privée Edit,123.00,,,,,,,1,FALSE,,,a80a14c1-8a68-4a48-82da-4b5efe9e1d52,,,,,,,,,,,,,,,,,,,,,,,,,,,,,,,,,,,,,,,,,,,,,,,,,,,,,,,,,,,,,,,,,,,,,,,,,,
ap-a80a14c1-8a68-4a48-82da-4b5efe9e1d52,MEDIA,,,,,,https://aurumprivee.com/product-images/catalog-v2/1313f35e-7b9e-4165-9920-9847ebdd60db.webp,Gucci- Guilty Absolute / EDP Spray 1.6 oz product image,,,,,,,,,,,,,,,,,,,,,,,,,,,,,,,,,,,,,,,,,,,,,,,,,,,,,,,,,,,,,,,,,,,,,,,,,,,,,,,,,,,,,,,,
ap-2921e4a8-841f-459b-bdd3-0e452a156617,PRODUCT,GUCCI- Guilty Pour Femm,TRUE,An authentic women’s fragrance collection selected for the Aurum Privée collection.,all-fragrances;for-her;floral,all-fragrances,,,,Aurum Privée Edit,165.00,,,,,,,3,FALSE,,,2921e4a8-841f-459b-bdd3-0e452a156617,,,,,,,,,,,,,,,,,,,,,,,,,,,,,,,,,,,,,,,,,,,,,,,,,,,,,,,,,,,,,,,,,,,,,,,,,,
ap-2921e4a8-841f-459b-bdd3-0e452a156617,MEDIA,,,,,,https://aurumprivee.com/product-images/catalog-v2/5de0f169-d129-42fa-a062-0dfae158303b.webp,GUCCI- Guilty Pour Femm product image,,,,,,,,,,,,,,,,,,,,,,,,,,,,,,,,,,,,,,,,,,,,,,,,,,,,,,,,,,,,,,,,,,,,,,,,,,,,,,,,,,,,,,,,
ap-b264e93f-a2b2-4a5f-99dc-8bb2c251b239,PRODUCT,Gucci- Rush /,TRUE,An authentic women’s fragrance collection selected for the Aurum Privée collection.,all-fragrances;for-her;floral,all-fragrances,,,,Aurum Privée Edit,105.00,,,,,,,3,FALSE,,,b264e93f-a2b2-4a5f-99dc-8bb2c251b239,,,,,,,,,,,,,,,,,,,,,,,,,,,,,,,,,,,,,,,,,,,,,,,,,,,,,,,,,,,,,,,,,,,,,,,,,,
ap-b264e93f-a2b2-4a5f-99dc-8bb2c251b239,MEDIA,,,,,,https://aurumprivee.com/product-images/catalog-v2/9ed6b134-0ffe-4393-9e48-77b299bf32cf.webp,Gucci- Rush / EDT Spray 2.5 oz product image,,,,,,,,,,,,,,,,,,,,,,,,,,,,,,,,,,,,,,,,,,,,,,,,,,,,,,,,,,,,,,,,,,,,,,,,,,,,,,,,,,,,,,,,
ap-512e646f-860b-4645-a6ad-69c7dc155552,PRODUCT,Guerlain Idylle,TRUE,An authentic women’s fragrance collection selected for the Aurum Privée collection.,all-fragrances;for-her;floral,all-fragrances,,,,Aurum Privée Edit,150.00,,,,,,,1,FALSE,,,512e646f-860b-4645-a6ad-69c7dc155552,,,,,,,,,,,,,,,,,,,,,,,,,,,,,,,,,,,,,,,,,,,,,,,,,,,,,,,,,,,,,,,,,,,,,,,,,,
ap-512e646f-860b-4645-a6ad-69c7dc155552,MEDIA,,,,,,https://aurumprivee.com/product-images/catalog-v2/be3517ac-894c-4b61-9bd4-6e93e09008a0.webp,Guerlain Idylle Woman 2.5 EDP SP product image,,,,,,,,,,,,,,,,,,,,,,,,,,,,,,,,,,,,,,,,,,,,,,,,,,,,,,,,,,,,,,,,,,,,,,,,,,,,,,,,,,,,,,,,
ap-d9f3b6f9-1128-47d0-b68b-ef48efaf6e8e,PRODUCT,Guerlain L'Instant De Guerlain EDP 2.7,TRUE,An authentic women’s fragrance collection selected for the Aurum Privée collection.,all-fragrances;for-her;floral,all-fragrances,,,,Aurum Privée Edit,120.00,,,,,,,1,FALSE,,,d9f3b6f9-1128-47d0-b68b-ef48efaf6e8e,,,,,,,,,,,,,,,,,,,,,,,,,,,,,,,,,,,,,,,,,,,,,,,,,,,,,,,,,,,,,,,,,,,,,,,,,,
ap-d9f3b6f9-1128-47d0-b68b-ef48efaf6e8e,MEDIA,,,,,,https://aurumprivee.com/product-images/catalog-v2/cadd7724-bb7a-4bff-b68c-5261f8236629.webp,Guerlain L'Instant De Guerlain EDP 2.7 product image,,,,,,,,,,,,,,,,,,,,,,,,,,,,,,,,,,,,,,,,,,,,,,,,,,,,,,,,,,,,,,,,,,,,,,,,,,,,,,,,,,,,,,,,
ap-d1ab45d2-931a-4d2a-901a-104b65f90445,PRODUCT,Guerlain- Lhomme Ideal,TRUE,An authentic men’s fragrance collection selected for the Aurum Privée collection.,all-fragrances;for-him;woody,all-fragrances,,,,Aurum Privée Edit,135.00,,,,,,,2,FALSE,,,d1ab45d2-931a-4d2a-901a-104b65f90445,,,,,,,,,,,,,,,,,,,,,,,,,,,,,,,,,,,,,,,,,,,,,,,,,,,,,,,,,,,,,,,,,,,,,,,,,,
ap-d1ab45d2-931a-4d2a-901a-104b65f90445,MEDIA,,,,,,https://aurumprivee.com/product-images/catalog-v2/ef122a4e-e989-45f3-8a51-aacb4e9d32ee.webp,Guerlain- Lhomme Ideal EDT 3.4 oz product image,,,,,,,,,,,,,,,,,,,,,,,,,,,,,,,,,,,,,,,,,,,,,,,,,,,,,,,,,,,,,,,,,,,,,,,,,,,,,,,,,,,,,,,,
ap-7a63fb2e-0ff4-401f-8493-757956208162,PRODUCT,Guess Girl,TRUE,An authentic women’s fragrance collection selected for the Aurum Privée collection.,all-fragrances;for-her;floral,all-fragrances,,,,Aurum Privée Edit,80.00,,,,,,,3,FALSE,,,7a63fb2e-0ff4-401f-8493-757956208162,,,,,,,,,,,,,,,,,,,,,,,,,,,,,,,,,,,,,,,,,,,,,,,,,,,,,,,,,,,,,,,,,,,,,,,,,,
ap-7a63fb2e-0ff4-401f-8493-757956208162,MEDIA,,,,,,https://aurumprivee.com/product-images/catalog-v2/f4590847-ba52-4403-8ed6-65d7de0f8fcd.webp,Guess Girl 3.4 oz EDT SP product image,,,,,,,,,,,,,,,,,,,,,,,,,,,,,,,,,,,,,,,,,,,,,,,,,,,,,,,,,,,,,,,,,,,,,,,,,,,,,,,,,,,,,,,,
ap-e68c87c1-ed37-4049-976f-5aad8fde21e6,PRODUCT,Guess- Dare Summer by Inc.,TRUE,An authentic women’s fragrance collection selected for the Aurum Privée collection.,all-fragrances;for-her;floral,all-fragrances,,,,Aurum Privée Edit,62.00,,,,,,,2,FALSE,,,e68c87c1-ed37-4049-976f-5aad8fde21e6,,,,,,,,,,,,,,,,,,,,,,,,,,,,,,,,,,,,,,,,,,,,,,,,,,,,,,,,,,,,,,,,,,,,,,,,,,
ap-e68c87c1-ed37-4049-976f-5aad8fde21e6,MEDIA,,,,,,https://aurumprivee.com/product-images/catalog-v2/90e1fc77-52eb-48e3-9460-073a25537e1d.webp,Guess- Dare Summer by Inc. EDT Spray 3.4 oz product image,,,,,,,,,,,,,,,,,,,,,,,,,,,,,,,,,,,,,,,,,,,,,,,,,,,,,,,,,,,,,,,,,,,,,,,,,,,,,,,,,,,,,,,,
ap-a7bbff21-64c8-4a2f-9c5d-9eeb35759fcd,PRODUCT,Guess- Ladies,TRUE,An authentic women’s fragrance collection selected for the Aurum Privée collection.,all-fragrances;for-her;floral,all-fragrances,,,,Aurum Privée Edit,68.00,,,,,,,2,FALSE,,,a7bbff21-64c8-4a2f-9c5d-9eeb35759fcd,,,,,,,,,,,,,,,,,,,,,,,,,,,,,,,,,,,,,,,,,,,,,,,,,,,,,,,,,,,,,,,,,,,,,,,,,,
ap-a7bbff21-64c8-4a2f-9c5d-9eeb35759fcd,MEDIA,,,,,,https://aurumprivee.com/product-images/catalog-v2/b6e70a0f-16b2-45b3-bff6-4e2f4afd4952.webp,Guess- Ladies EDP Spray 2.5 oz product image,,,,,,,,,,,,,,,,,,,,,,,,,,,,,,,,,,,,,,,,,,,,,,,,,,,,,,,,,,,,,,,,,,,,,,,,,,,,,,,,,,,,,,,,
ap-240caa7c-1b7e-436c-91a1-930b05fbf99d,PRODUCT,Hermes- Eau De Neroli Dore /,TRUE,An authentic men’s fragrance collection selected for the Aurum Privée collection.,all-fragrances;for-him;woody,all-fragrances,,,,Aurum Privée Edit,132.00,,,,,,,2,FALSE,,,240caa7c-1b7e-436c-91a1-930b05fbf99d,,,,,,,,,,,,,,,,,,,,,,,,,,,,,,,,,,,,,,,,,,,,,,,,,,,,,,,,,,,,,,,,,,,,,,,,,,
ap-240caa7c-1b7e-436c-91a1-930b05fbf99d,MEDIA,,,,,,https://aurumprivee.com/product-images/catalog-v2/0c41ed71-0254-4290-b134-ffd2d0af0c26.webp,Hermes- Eau De Neroli Dore / EDC Spray 3.3 oz product image,,,,,,,,,,,,,,,,,,,,,,,,,,,,,,,,,,,,,,,,,,,,,,,,,,,,,,,,,,,,,,,,,,,,,,,,,,,,,,,,,,,,,,,,
ap-cfca7a59-fd6d-477a-a43a-3e0cc8344819,PRODUCT,Hollister Canyon Escape EDP sp 3.4,TRUE,An authentic women's fragrance collection selected for the Aurum Privée collection.,all-fragrances;for-her;floral,all-fragrances,,,,Aurum Privée Edit,65.00,,,,,,,999999,FALSE,,,cfca7a59-fd6d-477a-a43a-3e0cc8344819,,,,,,,,,,,,,,,,,,,,,,,,,,,,,,,,,,,,,,,,,,,,,,,,,,,,,,,,,,,,,,,,,,,,,,,,,,
ap-cfca7a59-fd6d-477a-a43a-3e0cc8344819,MEDIA,,,,,,https://aurumprivee.com/product-images/catalog-v2/39d8f808-9c72-4d3b-8dec-20864409d4de.webp,Hollister Canyon Escape EDP sp 3.4 product image,,,,,,,,,,,,,,,,,,,,,,,,,,,,,,,,,,,,,,,,,,,,,,,,,,,,,,,,,,,,,,,,,,,,,,,,,,,,,,,,,,,,,,,,
ap-617c2a43-4b1f-4441-8d33-36efcb1b3398,PRODUCT,Hollister Canyon Escape,TRUE,An authentic men’s fragrance collection selected for the Aurum Privée collection.,all-fragrances;for-him;woody,all-fragrances,,,,Aurum Privée Edit,50.00,,,,,,,1,FALSE,,,617c2a43-4b1f-4441-8d33-36efcb1b3398,,,,,,,,,,,,,,,,,,,,,,,,,,,,,,,,,,,,,,,,,,,,,,,,,,,,,,,,,,,,,,,,,,,,,,,,,,
ap-617c2a43-4b1f-4441-8d33-36efcb1b3398,MEDIA,,,,,,https://aurumprivee.com/product-images/catalog-v2/6c779dfe-c489-4d07-89f9-10dbb359b6da.webp,Hollister Canyon Escape EDT sp 3.4oz product image,,,,,,,,,,,,,,,,,,,,,,,,,,,,,,,,,,,,,,,,,,,,,,,,,,,,,,,,,,,,,,,,,,,,,,,,,,,,,,,,,,,,,,,,
ap-ca8e7f99-73bc-4d0e-bd26-e49c629fe80f,PRODUCT,Hollister Festival Nite,TRUE,An authentic men's fragrance collection selected for the Aurum Privée collection.,all-fragrances;for-him;woody,all-fragrances,,,,Aurum Privée Edit,50.00,,,,,,,1,FALSE,,,ca8e7f99-73bc-4d0e-bd26-e49c629fe80f,,,,,,,,,,,,,,,,,,,,,,,,,,,,,,,,,,,,,,,,,,,,,,,,,,,,,,,,,,,,,,,,,,,,,,,,,,
ap-ca8e7f99-73bc-4d0e-bd26-e49c629fe80f,MEDIA,,,,,,https://aurumprivee.com/product-images/catalog-v2/328f638a-1361-4451-91a8-780b77617539.webp,Hollister Festival Nite EDT sp 3.4oz product image,,,,,,,,,,,,,,,,,,,,,,,,,,,,,,,,,,,,,,,,,,,,,,,,,,,,,,,,,,,,,,,,,,,,,,,,,,,,,,,,,,,,,,,,
ap-6099f836-4b40-41d4-851c-2d3b0730d5e4,PRODUCT,Hollister Festival Vibes,TRUE,An authentic men's fragrance collection selected for the Aurum Privée collection.,all-fragrances;for-him;woody,all-fragrances,,,,Aurum Privée Edit,50.00,,,,,,,4,FALSE,,,6099f836-4b40-41d4-851c-2d3b0730d5e4,,,,,,,,,,,,,,,,,,,,,,,,,,,,,,,,,,,,,,,,,,,,,,,,,,,,,,,,,,,,,,,,,,,,,,,,,,
ap-6099f836-4b40-41d4-851c-2d3b0730d5e4,MEDIA,,,,,,https://aurumprivee.com/product-images/catalog-v2/ec2fb779-5e64-4679-9a0b-b20e42ec4e95.webp,Hollister Festival Vibes EDT sp 3.4oz product image,,,,,,,,,,,,,,,,,,,,,,,,,,,,,,,,,,,,,,,,,,,,,,,,,,,,,,,,,,,,,,,,,,,,,,,,,,,,,,,,,,,,,,,,
ap-c00bee92-c905-4c5c-b3cd-022fa8d7687d,PRODUCT,Hugo Boss Boss Man /,TRUE,An authentic men’s fragrance collection selected for the Aurum Privée collection.,all-fragrances;for-him;woody,all-fragrances,,,,Aurum Privée Edit,90.00,,,,,,,1,FALSE,,,c00bee92-c905-4c5c-b3cd-022fa8d7687d,,,,,,,,,,,,,,,,,,,,,,,,,,,,,,,,,,,,,,,,,,,,,,,,,,,,,,,,,,,,,,,,,,,,,,,,,,
ap-c00bee92-c905-4c5c-b3cd-022fa8d7687d,MEDIA,,,,,,https://aurumprivee.com/product-images/catalog-v2/d82e36b8-14a3-4721-abbf-5ebb04315b38.webp,Hugo Boss Boss Man / EDT Spray 3.3 oz (100 ml) product image,,,,,,,,,,,,,,,,,,,,,,,,,,,,,,,,,,,,,,,,,,,,,,,,,,,,,,,,,,,,,,,,,,,,,,,,,,,,,,,,,,,,,,,,
ap-38890ffe-220b-4e90-b94b-3d84669fd5dc,PRODUCT,Issey Miyake- Intense,TRUE,An authentic men’s fragrance collection selected for the Aurum Privée collection.,all-fragrances;for-him;woody,all-fragrances,,,,Aurum Privée Edit,70.00,,,,,,,4,FALSE,,,38890ffe-220b-4e90-b94b-3d84669fd5dc,,,,,,,,,,,,,,,,,,,,,,,,,,,,,,,,,,,,,,,,,,,,,,,,,,,,,,,,,,,,,,,,,,,,,,,,,,
ap-38890ffe-220b-4e90-b94b-3d84669fd5dc,MEDIA,,,,,,https://aurumprivee.com/product-images/catalog-v2/a819db33-39dc-4565-a69f-b9cab27828c2.webp,Issey Miyake-  Intense EDT 2.5 oz product image,,,,,,,,,,,,,,,,,,,,,,,,,,,,,,,,,,,,,,,,,,,,,,,,,,,,,,,,,,,,,,,,,,,,,,,,,,,,,,,,,,,,,,,,
ap-ae0991fc-5857-4579-b07b-ef22c7eee268,PRODUCT,Issey Miyake- L'Eau D'Issey by,TRUE,An authentic women’s fragrance collection selected for the Aurum Privée collection.,all-fragrances;for-her;floral,all-fragrances,,,,Aurum Privée Edit,118.00,,,,,,,8,FALSE,,,ae0991fc-5857-4579-b07b-ef22c7eee268,,,,,,,,,,,,,,,,,,,,,,,,,,,,,,,,,,,,,,,,,,,,,,,,,,,,,,,,,,,,,,,,,,,,,,,,,,
ap-ae0991fc-5857-4579-b07b-ef22c7eee268,MEDIA,,,,,,https://aurumprivee.com/product-images/catalog-v2/8f6f4ce0-d315-4284-a753-34274968bdf5.webp,Issey Miyake- L'Eau D'Issey by EDT Spray 3.3 oz product image,,,,,,,,,,,,,,,,,,,,,,,,,,,,,,,,,,,,,,,,,,,,,,,,,,,,,,,,,,,,,,,,,,,,,,,,,,,,,,,,,,,,,,,,
ap-15de96aa-23d3-4f6f-a5e3-f91044851ddb,PRODUCT,Issey Miyake- L'Eau d'Issey Rose EDP Intense,TRUE,An authentic women’s fragrance collection selected for the Aurum Privée collection.,all-fragrances;for-her;floral,all-fragrances,,,,Aurum Privée Edit,111.00,,,,,,,5,FALSE,,,15de96aa-23d3-4f6f-a5e3-f91044851ddb,,,,,,,,,,,,,,,,,,,,,,,,,,,,,,,,,,,,,,,,,,,,,,,,,,,,,,,,,,,,,,,,,,,,,,,,,,
ap-15de96aa-23d3-4f6f-a5e3-f91044851ddb,MEDIA,,,,,,https://aurumprivee.com/product-images/catalog-v2/db13688c-770f-4044-b3bb-9fea2462cb9d.webp,Issey Miyake- L'Eau d'Issey Rose  EDP Intense 3 oz product image,,,,,,,,,,,,,,,,,,,,,,,,,,,,,,,,,,,,,,,,,,,,,,,,,,,,,,,,,,,,,,,,,,,,,,,,,,,,,,,,,,,,,,,,
ap-69fbaacc-a79a-4433-af61-4d5126b2a203,PRODUCT,Jean Paul Glautier- Men's Le Male Gift Set,TRUE,An authentic men’s fragrance collection selected for the Aurum Privée collection.,all-fragrances;for-him;woody,all-fragrances,,,,Aurum Privée Edit,135.00,,,,,,,3,FALSE,,,69fbaacc-a79a-4433-af61-4d5126b2a203,,,,,,,,,,,,,,,,,,,,,,,,,,,,,,,,,,,,,,,,,,,,,,,,,,,,,,,,,,,,,,,,,,,,,,,,,,
ap-69fbaacc-a79a-4433-af61-4d5126b2a203,MEDIA,,,,,,https://aurumprivee.com/product-images/catalog-v2/96360f7a-bd47-4732-843e-9a2d6d943330.webp,Jean Paul Glautier-  Men's Le Male Gift Set product image,,,,,,,,,,,,,,,,,,,,,,,,,,,,,,,,,,,,,,,,,,,,,,,,,,,,,,,,,,,,,,,,,,,,,,,,,,,,,,,,,,,,,,,,
ap-b557d8db-ae88-47b3-8f67-bc17d568ab42,PRODUCT,Jean Paul Glautier- Men's Scandal,TRUE,An authentic men’s fragrance collection selected for the Aurum Privée collection.,all-fragrances;for-him;woody,all-fragrances,,,,Aurum Privée Edit,85.00,,,,,,,2,FALSE,,,b557d8db-ae88-47b3-8f67-bc17d568ab42,,,,,,,,,,,,,,,,,,,,,,,,,,,,,,,,,,,,,,,,,,,,,,,,,,,,,,,,,,,,,,,,,,,,,,,,,,
ap-b557d8db-ae88-47b3-8f67-bc17d568ab42,MEDIA,,,,,,https://aurumprivee.com/product-images/catalog-v2/e25d245e-cc13-4849-b5de-5d5307193fa1.webp,Jean Paul Glautier-  Men's Scandal Pour Homme EDT Spray 1.7 oz product image,,,,,,,,,,,,,,,,,,,,,,,,,,,,,,,,,,,,,,,,,,,,,,,,,,,,,,,,,,,,,,,,,,,,,,,,,,,,,,,,,,,,,,,,
ap-e0af8833-3e29-412e-a65f-3b7716db7d29,PRODUCT,Jean Paul Glautier- Ladies Scandal,TRUE,An authentic women’s fragrance collection selected for the Aurum Privée collection.,all-fragrances;for-her;floral,all-fragrances,,,,Aurum Privée Edit,125.00,,,,,,,4,FALSE,,,e0af8833-3e29-412e-a65f-3b7716db7d29,,,,,,,,,,,,,,,,,,,,,,,,,,,,,,,,,,,,,,,,,,,,,,,,,,,,,,,,,,,,,,,,,,,,,,,,,,
ap-e0af8833-3e29-412e-a65f-3b7716db7d29,MEDIA,,,,,,https://aurumprivee.com/product-images/catalog-v2/1f4681e1-8800-4833-9d19-c6b3329f8bc1.webp,Jean Paul Glautier- Ladies Scandal EDP Spray 2.7 oz product image,,,,,,,,,,,,,,,,,,,,,,,,,,,,,,,,,,,,,,,,,,,,,,,,,,,,,,,,,,,,,,,,,,,,,,,,,,,,,,,,,,,,,,,,
ap-11778d51-de1d-4a56-84ce-8cc068214fcc,PRODUCT,Jean Paul Glautier- Ladies Scandal Gift Set Fragrances I,TRUE,An authentic women’s fragrance collection selected for the Aurum Privée collection.,all-fragrances;for-her;floral,all-fragrances,,,,Aurum Privée Edit,125.00,,,,,,,1,FALSE,,,11778d51-de1d-4a56-84ce-8cc068214fcc,,,,,,,,,,,,,,,,,,,,,,,,,,,,,,,,,,,,,,,,,,,,,,,,,,,,,,,,,,,,,,,,,,,,,,,,,,
ap-11778d51-de1d-4a56-84ce-8cc068214fcc,MEDIA,,,,,,https://aurumprivee.com/product-images/catalog-v2/d96dc499-e772-43ec-886e-fb424c51b726.webp,Jean Paul Glautier- Ladies Scandal Gift Set Fragrances I product image,,,,,,,,,,,,,,,,,,,,,,,,,,,,,,,,,,,,,,,,,,,,,,,,,,,,,,,,,,,,,,,,,,,,,,,,,,,,,,,,,,,,,,,,
ap-fd150e08-62c3-466f-88c5-a6ab21dad60f,PRODUCT,Jean Paul Glautier- Ladies Scandal Le Parfum,TRUE,An authentic women’s fragrance collection selected for the Aurum Privée collection.,all-fragrances;for-her;floral,all-fragrances,,,,Aurum Privée Edit,140.00,,,,,,,17,FALSE,,,fd150e08-62c3-466f-88c5-a6ab21dad60f,,,,,,,,,,,,,,,,,,,,,,,,,,,,,,,,,,,,,,,,,,,,,,,,,,,,,,,,,,,,,,,,,,,,,,,,,,
ap-fd150e08-62c3-466f-88c5-a6ab21dad60f,MEDIA,,,,,,https://aurumprivee.com/product-images/catalog-v2/2e6f5da0-43b8-44d1-96dc-81cae16eaffe.webp,Jean Paul Glautier- Ladies Scandal Le Parfum EDP Spray 2.7 oz product image,,,,,,,,,,,,,,,,,,,,,,,,,,,,,,,,,,,,,,,,,,,,,,,,,,,,,,,,,,,,,,,,,,,,,,,,,,,,,,,,,,,,,,,,
ap-60dc25fd-e57e-486f-bd78-055e025e2043,PRODUCT,Jean Paul Glautier- Le Male / J.p.g,TRUE,An authentic men’s fragrance collection selected for the Aurum Privée collection.,all-fragrances;for-him;woody,all-fragrances,,,,Aurum Privée Edit,115.00,,,,,,,1,FALSE,,,60dc25fd-e57e-486f-bd78-055e025e2043,,,,,,,,,,,,,,,,,,,,,,,,,,,,,,,,,,,,,,,,,,,,,,,,,,,,,,,,,,,,,,,,,,,,,,,,,,
ap-60dc25fd-e57e-486f-bd78-055e025e2043,MEDIA,,,,,,https://aurumprivee.com/product-images/catalog-v2/4547a104-4b1e-48f3-90de-421d991367a0.webp,Jean Paul Glautier- Le Male / J.p.g EDT Spray 4.2 oz product image,,,,,,,,,,,,,,,,,,,,,,,,,,,,,,,,,,,,,,,,,,,,,,,,,,,,,,,,,,,,,,,,,,,,,,,,,,,,,,,,,,,,,,,,
ap-e9b41c1b-8f5a-4607-aa33-26290e764ac0,PRODUCT,Jean Paul Glautier- Men's Le Male Gift Set,TRUE,An authentic men’s fragrance collection selected for the Aurum Privée collection.,all-fragrances;for-him;woody,all-fragrances,,,,Aurum Privée Edit,140.00,,,,,,,2,FALSE,,,e9b41c1b-8f5a-4607-aa33-26290e764ac0,,,,,,,,,,,,,,,,,,,,,,,,,,,,,,,,,,,,,,,,,,,,,,,,,,,,,,,,,,,,,,,,,,,,,,,,,,
ap-e9b41c1b-8f5a-4607-aa33-26290e764ac0,MEDIA,,,,,,https://aurumprivee.com/product-images/catalog-v2/6fce90d4-fa08-40a8-baa0-3643a7e61bd2.webp,Jean Paul Glautier- Men's Le Male Gift Set product image,,,,,,,,,,,,,,,,,,,,,,,,,,,,,,,,,,,,,,,,,,,,,,,,,,,,,,,,,,,,,,,,,,,,,,,,,,,,,,,,,,,,,,,,
ap-3cc8d880-7234-400a-8ea7-cf6240c18096,PRODUCT,Jean Paul Glautier- Men's Le Male Gift Set,TRUE,An authentic men’s fragrance collection selected for the Aurum Privée collection.,all-fragrances;for-him;woody,all-fragrances,,,,Aurum Privée Edit,140.00,,,,,,,1,FALSE,,,3cc8d880-7234-400a-8ea7-cf6240c18096,,,,,,,,,,,,,,,,,,,,,,,,,,,,,,,,,,,,,,,,,,,,,,,,,,,,,,,,,,,,,,,,,,,,,,,,,,
ap-3cc8d880-7234-400a-8ea7-cf6240c18096,MEDIA,,,,,,https://aurumprivee.com/product-images/catalog-v2/625c8f7c-ed70-4484-a7dd-66acd511fcb6.webp,Jean Paul Glautier- Men's Le Male Gift Set product image,,,,,,,,,,,,,,,,,,,,,,,,,,,,,,,,,,,,,,,,,,,,,,,,,,,,,,,,,,,,,,,,,,,,,,,,,,,,,,,,,,,,,,,,
ap-20634693-ce0a-4762-9524-1927126780b5,PRODUCT,Jean Paul Glautier- Men's Scandal,TRUE,An authentic men’s fragrance collection selected for the Aurum Privée collection.,all-fragrances;for-him;woody,all-fragrances,,,,Aurum Privée Edit,120.00,,,,,,,4,FALSE,,,20634693-ce0a-4762-9524-1927126780b5,,,,,,,,,,,,,,,,,,,,,,,,,,,,,,,,,,,,,,,,,,,,,,,,,,,,,,,,,,,,,,,,,,,,,,,,,,
ap-20634693-ce0a-4762-9524-1927126780b5,MEDIA,,,,,,https://aurumprivee.com/product-images/catalog-v2/4c06b939-e224-4528-ae9d-46bd6c0ff0b0.webp,Jean Paul Glautier- Men's Scandal Pour Homme EDT Spray 3.4 oz Fr product image,,,,,,,,,,,,,,,,,,,,,,,,,,,,,,,,,,,,,,,,,,,,,,,,,,,,,,,,,,,,,,,,,,,,,,,,,,,,,,,,,,,,,,,,
ap-584951f0-0ec5-4d08-9c10-40abfb974dd8,PRODUCT,Jessica Simpson Ladies Fancy Love Body Mist,TRUE,An authentic women’s fragrance collection selected for the Aurum Privée collection.,all-fragrances;for-her;floral,all-fragrances,,,,Aurum Privée Edit,22.00,,,,,,,1,FALSE,,,584951f0-0ec5-4d08-9c10-40abfb974dd8,,,,,,,,,,,,,,,,,,,,,,,,,,,,,,,,,,,,,,,,,,,,,,,,,,,,,,,,,,,,,,,,,,,,,,,,,,
ap-584951f0-0ec5-4d08-9c10-40abfb974dd8,MEDIA,,,,,,https://aurumprivee.com/product-images/catalog-v2/de0ff95c-710f-49a0-baf0-168515c3faad.webp,Jessica Simpson  Ladies Fancy Love Body Mist 8 oz product image,,,,,,,,,,,,,,,,,,,,,,,,,,,,,,,,,,,,,,,,,,,,,,,,,,,,,,,,,,,,,,,,,,,,,,,,,,,,,,,,,,,,,,,,
ap-345961df-8331-4f56-b68c-27b9e441eb24,PRODUCT,Jimmy Choo -Leau EDT 3.0,TRUE,An authentic women’s fragrance collection selected for the Aurum Privée collection.,all-fragrances;for-her;floral,all-fragrances,,,,Aurum Privée Edit,115.00,,,,,,,2,FALSE,,,345961df-8331-4f56-b68c-27b9e441eb24,,,,,,,,,,,,,,,,,,,,,,,,,,,,,,,,,,,,,,,,,,,,,,,,,,,,,,,,,,,,,,,,,,,,,,,,,,
ap-345961df-8331-4f56-b68c-27b9e441eb24,MEDIA,,,,,,https://aurumprivee.com/product-images/catalog-v2/e7326e39-852a-4707-bf71-e2f698669f28.webp,Jimmy Choo -Leau EDT 3.0 product image,,,,,,,,,,,,,,,,,,,,,,,,,,,,,,,,,,,,,,,,,,,,,,,,,,,,,,,,,,,,,,,,,,,,,,,,,,,,,,,,,,,,,,,,
ap-c398630b-ca18-4650-82cc-4aa43d43650b,PRODUCT,Jimmy Choo Flash,TRUE,An authentic women's fragrance collection selected for the Aurum Privée collection.,all-fragrances;for-her;floral,all-fragrances,,,,Aurum Privée Edit,100.00,,,,,,,3,FALSE,,,c398630b-ca18-4650-82cc-4aa43d43650b,,,,,,,,,,,,,,,,,,,,,,,,,,,,,,,,,,,,,,,,,,,,,,,,,,,,,,,,,,,,,,,,,,,,,,,,,,
ap-c398630b-ca18-4650-82cc-4aa43d43650b,MEDIA,,,,,,https://aurumprivee.com/product-images/catalog-v2/353b3f1c-242c-4cea-8166-bb7357616e61.webp,Jimmy Choo Flash EDP sp 3.3oz product image,,,,,,,,,,,,,,,,,,,,,,,,,,,,,,,,,,,,,,,,,,,,,,,,,,,,,,,,,,,,,,,,,,,,,,,,,,,,,,,,,,,,,,,,
ap-c650488f-e657-47f3-9393-5868db32415d,PRODUCT,Jimmy Choo I Want Choo Woman 3.4,TRUE,An authentic women’s fragrance collection selected for the Aurum Privée collection.,all-fragrances;for-her;floral,all-fragrances,,,,Aurum Privée Edit,132.00,,,,,,,7,FALSE,,,c650488f-e657-47f3-9393-5868db32415d,,,,,,,,,,,,,,,,,,,,,,,,,,,,,,,,,,,,,,,,,,,,,,,,,,,,,,,,,,,,,,,,,,,,,,,,,,
ap-c650488f-e657-47f3-9393-5868db32415d,MEDIA,,,,,,https://aurumprivee.com/product-images/catalog-v2/82aff553-be18-4a15-8b19-a09ff338f2ca.webp,Jimmy Choo I Want Choo Woman 3.4 product image,,,,,,,,,,,,,,,,,,,,,,,,,,,,,,,,,,,,,,,,,,,,,,,,,,,,,,,,,,,,,,,,,,,,,,,,,,,,,,,,,,,,,,,,
ap-de12e93b-996f-4c37-8711-6d6c56b1cf53,PRODUCT,Jimmy Choo-,TRUE,An authentic women’s fragrance collection selected for the Aurum Privée collection.,all-fragrances;for-her;floral,all-fragrances,,,,Aurum Privée Edit,126.00,,,,,,,3,FALSE,,,de12e93b-996f-4c37-8711-6d6c56b1cf53,,,,,,,,,,,,,,,,,,,,,,,,,,,,,,,,,,,,,,,,,,,,,,,,,,,,,,,,,,,,,,,,,,,,,,,,,,
ap-de12e93b-996f-4c37-8711-6d6c56b1cf53,MEDIA,,,,,,https://aurumprivee.com/product-images/catalog-v2/87558ccb-6aa6-4185-906d-794377216b97.webp,Jimmy Choo- EDP Spray 3.3 oz product image,,,,,,,,,,,,,,,,,,,,,,,,,,,,,,,,,,,,,,,,,,,,,,,,,,,,,,,,,,,,,,,,,,,,,,,,,,,,,,,,,,,,,,,,
ap-e02db7fc-62ff-48aa-92e1-6e9ed47fb202,PRODUCT,Jimmy Choo- Man Blue /,TRUE,An authentic men’s fragrance collection selected for the Aurum Privée collection.,all-fragrances;for-him;woody,all-fragrances,,,,Aurum Privée Edit,98.00,,,,,,,4,FALSE,,,e02db7fc-62ff-48aa-92e1-6e9ed47fb202,,,,,,,,,,,,,,,,,,,,,,,,,,,,,,,,,,,,,,,,,,,,,,,,,,,,,,,,,,,,,,,,,,,,,,,,,,
ap-e02db7fc-62ff-48aa-92e1-6e9ed47fb202,MEDIA,,,,,,https://aurumprivee.com/product-images/catalog-v2/1922ba80-1b59-43bf-8d04-f8a1cffe7fe7.webp,Jimmy Choo- Man Blue / EDT Spray 3.3 oz product image,,,,,,,,,,,,,,,,,,,,,,,,,,,,,,,,,,,,,,,,,,,,,,,,,,,,,,,,,,,,,,,,,,,,,,,,,,,,,,,,,,,,,,,,
ap-7c7a73ba-d82e-496a-9ec8-295d14eae748,PRODUCT,Jimmy Choo- Man Ice,TRUE,An authentic men’s fragrance collection selected for the Aurum Privée collection.,all-fragrances;for-him;woody,all-fragrances,,,,Aurum Privée Edit,98.00,,,,,,,8,FALSE,,,7c7a73ba-d82e-496a-9ec8-295d14eae748,,,,,,,,,,,,,,,,,,,,,,,,,,,,,,,,,,,,,,,,,,,,,,,,,,,,,,,,,,,,,,,,,,,,,,,,,,
ap-7c7a73ba-d82e-496a-9ec8-295d14eae748,MEDIA,,,,,,https://aurumprivee.com/product-images/catalog-v2/76d14bb8-25ea-4203-8918-6fe5d59db392.webp,Jimmy Choo- Man Ice 3.3 oz EDT product image,,,,,,,,,,,,,,,,,,,,,,,,,,,,,,,,,,,,,,,,,,,,,,,,,,,,,,,,,,,,,,,,,,,,,,,,,,,,,,,,,,,,,,,,
ap-f2b0a27a-db19-44eb-944c-bf80d0c3d00d,PRODUCT,John Varvatos Men's Dark Rebel,TRUE,An authentic men’s fragrance collection selected for the Aurum Privée collection.,all-fragrances;for-him;woody,all-fragrances,,,,Aurum Privée Edit,60.00,,,,,,,1,FALSE,,,f2b0a27a-db19-44eb-944c-bf80d0c3d00d,,,,,,,,,,,,,,,,,,,,,,,,,,,,,,,,,,,,,,,,,,,,,,,,,,,,,,,,,,,,,,,,,,,,,,,,,,
ap-f2b0a27a-db19-44eb-944c-bf80d0c3d00d,MEDIA,,,,,,https://aurumprivee.com/product-images/catalog-v2/b2d23a23-76af-410a-98cf-47267a94b9cc.webp,John Varvatos Men's Dark Rebel EDT Spray 2.5 oz product image,,,,,,,,,,,,,,,,,,,,,,,,,,,,,,,,,,,,,,,,,,,,,,,,,,,,,,,,,,,,,,,,,,,,,,,,,,,,,,,,,,,,,,,,
ap-7dbf4180-336e-4e18-a0cc-063ad8b396ad,PRODUCT,Juicy Couture- Viva La Juicy /,TRUE,An authentic women’s fragrance collection selected for the Aurum Privée collection.,all-fragrances;for-her;floral,all-fragrances,,,,Aurum Privée Edit,120.00,,,,,,,4,FALSE,,,7dbf4180-336e-4e18-a0cc-063ad8b396ad,,,,,,,,,,,,,,,,,,,,,,,,,,,,,,,,,,,,,,,,,,,,,,,,,,,,,,,,,,,,,,,,,,,,,,,,,,
ap-7dbf4180-336e-4e18-a0cc-063ad8b396ad,MEDIA,,,,,,https://aurumprivee.com/product-images/catalog-v2/9fca9fcb-94ed-43b0-9f5d-eb0aee1affd6.webp,Juicy Couture- Viva La Juicy / EDP Spray 3.4 oz product image,,,,,,,,,,,,,,,,,,,,,,,,,,,,,,,,,,,,,,,,,,,,,,,,,,,,,,,,,,,,,,,,,,,,,,,,,,,,,,,,,,,,,,,,
ap-c11bc5b5-d625-4d83-97d1-9bb4f4911f64,PRODUCT,Karen Low Men's Pure Blanc,TRUE,An authentic men’s fragrance collection selected for the Aurum Privée collection.,all-fragrances;for-him;woody,all-fragrances,,,,Aurum Privée Edit,45.00,,,,,,,7,FALSE,,,c11bc5b5-d625-4d83-97d1-9bb4f4911f64,,,,,,,,,,,,,,,,,,,,,,,,,,,,,,,,,,,,,,,,,,,,,,,,,,,,,,,,,,,,,,,,,,,,,,,,,,
ap-c11bc5b5-d625-4d83-97d1-9bb4f4911f64,MEDIA,,,,,,https://aurumprivee.com/product-images/catalog-v2/b0de32ee-aa8d-4aa2-9849-96cb6fb905fb.webp,Karen Low Men's Pure Blanc EDT Spray 3.4 oz product image,,,,,,,,,,,,,,,,,,,,,,,,,,,,,,,,,,,,,,,,,,,,,,,,,,,,,,,,,,,,,,,,,,,,,,,,,,,,,,,,,,,,,,,,
ap-919d2918-be5c-4845-864d-cd68103a177a,PRODUCT,Katy Perry Meow!/,TRUE,An authentic women’s fragrance collection selected for the Aurum Privée collection.,all-fragrances;for-her;floral,all-fragrances,,,,Aurum Privée Edit,70.00,,,,,,,1,FALSE,,,919d2918-be5c-4845-864d-cd68103a177a,,,,,,,,,,,,,,,,,,,,,,,,,,,,,,,,,,,,,,,,,,,,,,,,,,,,,,,,,,,,,,,,,,,,,,,,,,
ap-919d2918-be5c-4845-864d-cd68103a177a,MEDIA,,,,,,https://aurumprivee.com/product-images/catalog-v2/4929a345-51b4-4882-83e7-58e3c2a2bf62.webp,Katy Perry Meow!/ Edp Spray 3.4 Oz product image,,,,,,,,,,,,,,,,,,,,,,,,,,,,,,,,,,,,,,,,,,,,,,,,,,,,,,,,,,,,,,,,,,,,,,,,,,,,,,,,,,,,,,,,
ap-4a69ffb4-b49e-4708-846e-aee507968185,PRODUCT,Kenneth Cole Black For Her,TRUE,An authentic women’s fragrance collection selected for the Aurum Privée collection.,all-fragrances;for-her;floral,all-fragrances,,,,Aurum Privée Edit,78.00,,,,,,,1,FALSE,,,4a69ffb4-b49e-4708-846e-aee507968185,,,,,,,,,,,,,,,,,,,,,,,,,,,,,,,,,,,,,,,,,,,,,,,,,,,,,,,,,,,,,,,,,,,,,,,,,,
ap-4a69ffb4-b49e-4708-846e-aee507968185,MEDIA,,,,,,https://aurumprivee.com/product-images/catalog-v2/f4a5839a-9ed3-4015-918f-941cb374d1c9.webp,Kenneth Cole Black For Her product image,,,,,,,,,,,,,,,,,,,,,,,,,,,,,,,,,,,,,,,,,,,,,,,,,,,,,,,,,,,,,,,,,,,,,,,,,,,,,,,,,,,,,,,,
ap-0edf1db4-2dc6-4f8c-b7f5-5c7a65165002,PRODUCT,Kenneth Cole,TRUE,An authentic men’s fragrance collection selected for the Aurum Privée collection.,all-fragrances;for-him;woody,all-fragrances,,,,Aurum Privée Edit,70.00,,,,,,,6,FALSE,,,0edf1db4-2dc6-4f8c-b7f5-5c7a65165002,,,,,,,,,,,,,,,,,,,,,,,,,,,,,,,,,,,,,,,,,,,,,,,,,,,,,,,,,,,,,,,,,,,,,,,,,,
ap-0edf1db4-2dc6-4f8c-b7f5-5c7a65165002,MEDIA,,,,,,https://aurumprivee.com/product-images/catalog-v2/b91a7dcd-01eb-4c2d-817b-dfd5aeb5e39f.webp,Kenneth Cole EDT Spray 3.4 oz product image,,,,,,,,,,,,,,,,,,,,,,,,,,,,,,,,,,,,,,,,,,,,,,,,,,,,,,,,,,,,,,,,,,,,,,,,,,,,,,,,,,,,,,,,
ap-5de3a649-7dc8-42c1-9cd7-071cb34d50f7,PRODUCT,Lacoste- Essential /,TRUE,An authentic men’s fragrance collection selected for the Aurum Privée collection.,all-fragrances;for-him;woody,all-fragrances,,,,Aurum Privée Edit,87.00,,,,,,,6,FALSE,,,5de3a649-7dc8-42c1-9cd7-071cb34d50f7,,,,,,,,,,,,,,,,,,,,,,,,,,,,,,,,,,,,,,,,,,,,,,,,,,,,,,,,,,,,,,,,,,,,,,,,,,
ap-5de3a649-7dc8-42c1-9cd7-071cb34d50f7,MEDIA,,,,,,https://aurumprivee.com/product-images/catalog-v2/8ee93913-1551-490a-a137-d428bafc928a.webp,Lacoste- Essential / EDT Spray 4.2 oz product image,,,,,,,,,,,,,,,,,,,,,,,,,,,,,,,,,,,,,,,,,,,,,,,,,,,,,,,,,,,,,,,,,,,,,,,,,,,,,,,,,,,,,,,,
ap-8da30cfe-9d4b-4444-95d9-e938b724055b,PRODUCT,Lacoste- L.12.12 Blanc / EDT Spray (white),TRUE,An authentic men’s fragrance collection selected for the Aurum Privée collection.,all-fragrances;for-him;woody,all-fragrances,,,,Aurum Privée Edit,91.00,,,,,,,4,FALSE,,,8da30cfe-9d4b-4444-95d9-e938b724055b,,,,,,,,,,,,,,,,,,,,,,,,,,,,,,,,,,,,,,,,,,,,,,,,,,,,,,,,,,,,,,,,,,,,,,,,,,
ap-8da30cfe-9d4b-4444-95d9-e938b724055b,MEDIA,,,,,,https://aurumprivee.com/product-images/catalog-v2/0c20c1f2-99a6-4f3b-87d4-ba6ea412e539.webp,Lacoste- L.12.12 Blanc / EDT Spray (white) 3.3 oz product image,,,,,,,,,,,,,,,,,,,,,,,,,,,,,,,,,,,,,,,,,,,,,,,,,,,,,,,,,,,,,,,,,,,,,,,,,,,,,,,,,,,,,,,,
ap-da93d843-0dbc-4091-9049-65472aa15ec6,PRODUCT,Lacoste- L.12.12 Noir Intense /,TRUE,An authentic men’s fragrance collection selected for the Aurum Privée collection.,all-fragrances;for-him;woody,all-fragrances,,,,Aurum Privée Edit,45.00,,,,,,,3,FALSE,,,da93d843-0dbc-4091-9049-65472aa15ec6,,,,,,,,,,,,,,,,,,,,,,,,,,,,,,,,,,,,,,,,,,,,,,,,,,,,,,,,,,,,,,,,,,,,,,,,,,
ap-da93d843-0dbc-4091-9049-65472aa15ec6,MEDIA,,,,,,https://aurumprivee.com/product-images/catalog-v2/b5ba398c-773d-4b79-a1e9-d9441b189348.webp,Lacoste- L.12.12 Noir Intense / EDT Spray 1.6 oz product image,,,,,,,,,,,,,,,,,,,,,,,,,,,,,,,,,,,,,,,,,,,,,,,,,,,,,,,,,,,,,,,,,,,,,,,,,,,,,,,,,,,,,,,,
ap-8ef501df-065a-4699-9bc7-ecc222c9752e,PRODUCT,Lancome Tresor Midnight Rose EDP 2.5,TRUE,An authentic women’s fragrance collection selected for the Aurum Privée collection.,all-fragrances;for-her;floral,all-fragrances,,,,Aurum Privée Edit,125.00,,,,,,,1,FALSE,,,8ef501df-065a-4699-9bc7-ecc222c9752e,,,,,,,,,,,,,,,,,,,,,,,,,,,,,,,,,,,,,,,,,,,,,,,,,,,,,,,,,,,,,,,,,,,,,,,,,,
ap-8ef501df-065a-4699-9bc7-ecc222c9752e,MEDIA,,,,,,https://aurumprivee.com/product-images/catalog-v2/e32e5a2d-0cd0-4cd9-b0db-eda5a59b7ea7.webp,Lancome Tresor Midnight Rose EDP 2.5 product image,,,,,,,,,,,,,,,,,,,,,,,,,,,,,,,,,,,,,,,,,,,,,,,,,,,,,,,,,,,,,,,,,,,,,,,,,,,,,,,,,,,,,,,,
ap-bb8801ab-6bbe-43d5-b5da-d7306b751da0,PRODUCT,Lancome- Ladies La Vie Est Belle Gift Set,TRUE,An authentic women’s fragrance collection selected for the Aurum Privée collection.,all-fragrances;for-her;floral,all-fragrances,,,,Aurum Privée Edit,150.00,,,,,,,1,FALSE,,,bb8801ab-6bbe-43d5-b5da-d7306b751da0,,,,,,,,,,,,,,,,,,,,,,,,,,,,,,,,,,,,,,,,,,,,,,,,,,,,,,,,,,,,,,,,,,,,,,,,,,
ap-bb8801ab-6bbe-43d5-b5da-d7306b751da0,MEDIA,,,,,,https://aurumprivee.com/product-images/catalog-v2/adb98963-b203-4eab-aa13-749d75756d5b.webp,Lancome- Ladies La Vie Est Belle Gift Set product image,,,,,,,,,,,,,,,,,,,,,,,,,,,,,,,,,,,,,,,,,,,,,,,,,,,,,,,,,,,,,,,,,,,,,,,,,,,,,,,,,,,,,,,,
ap-7e5b592e-04d3-4d72-ab6e-e91086c45fc4,PRODUCT,Lancome- Ladies La Vie Est Belle Intensement,TRUE,An authentic women’s fragrance collection selected for the Aurum Privée collection.,all-fragrances;for-her;floral,all-fragrances,,,,Aurum Privée Edit,118.00,,,,,,,2,FALSE,,,7e5b592e-04d3-4d72-ab6e-e91086c45fc4,,,,,,,,,,,,,,,,,,,,,,,,,,,,,,,,,,,,,,,,,,,,,,,,,,,,,,,,,,,,,,,,,,,,,,,,,,
ap-7e5b592e-04d3-4d72-ab6e-e91086c45fc4,MEDIA,,,,,,https://aurumprivee.com/product-images/catalog-v2/eeb60b47-c711-45fa-8f09-17ab22789025.webp,Lancome- Ladies La Vie Est Belle Intensement EDP Spray 1.7 oz product image,,,,,,,,,,,,,,,,,,,,,,,,,,,,,,,,,,,,,,,,,,,,,,,,,,,,,,,,,,,,,,,,,,,,,,,,,,,,,,,,,,,,,,,,
ap-295e4c39-9cee-46b8-b810-6e13a17440ab,PRODUCT,Lattafa Al Dur Al Maknoon Silver,TRUE,An authentic men's fragrance collection selected for the Aurum Privée collection.,all-fragrances;for-him;woody,all-fragrances,,,,Aurum Privée Edit,60.00,,,,,,,4,FALSE,,,295e4c39-9cee-46b8-b810-6e13a17440ab,,,,,,,,,,,,,,,,,,,,,,,,,,,,,,,,,,,,,,,,,,,,,,,,,,,,,,,,,,,,,,,,,,,,,,,,,,
ap-295e4c39-9cee-46b8-b810-6e13a17440ab,MEDIA,,,,,,https://aurumprivee.com/product-images/catalog-v2/4532e3d2-8470-4f9f-8e10-b530ab0030e6.webp,Lattafa Al Dur Al Maknoon Silver 3.4 EDP product image,,,,,,,,,,,,,,,,,,,,,,,,,,,,,,,,,,,,,,,,,,,,,,,,,,,,,,,,,,,,,,,,,,,,,,,,,,,,,,,,,,,,,,,,
ap-3fc57a65-6a9d-4787-b6c8-bd948e49f316,PRODUCT,Lattafa Ameerat Al Arab Asdaaf,TRUE,An authentic men's fragrance collection selected for the Aurum Privée collection.,all-fragrances;for-him;woody,all-fragrances,,,,Aurum Privée Edit,60.00,,,,,,,2,FALSE,,,3fc57a65-6a9d-4787-b6c8-bd948e49f316,,,,,,,,,,,,,,,,,,,,,,,,,,,,,,,,,,,,,,,,,,,,,,,,,,,,,,,,,,,,,,,,,,,,,,,,,,
ap-3fc57a65-6a9d-4787-b6c8-bd948e49f316,MEDIA,,,,,,https://aurumprivee.com/product-images/catalog-v2/61dd6dd8-42ac-4976-9d55-3832b0c3762f.webp,Lattafa Ameerat Al Arab Asdaaf 3.3 EDP SP product image,,,,,,,,,,,,,,,,,,,,,,,,,,,,,,,,,,,,,,,,,,,,,,,,,,,,,,,,,,,,,,,,,,,,,,,,,,,,,,,,,,,,,,,,
ap-cdc53e78-91f5-43c7-a6e9-a2e9883e2d1b,PRODUCT,Lattafa Pride Awaan,TRUE,An authentic men's fragrance collection selected for the Aurum Privée collection.,all-fragrances;for-him;woody,all-fragrances,,,,Aurum Privée Edit,65.00,,,,,,,1,FALSE,,,cdc53e78-91f5-43c7-a6e9-a2e9883e2d1b,,,,,,,,,,,,,,,,,,,,,,,,,,,,,,,,,,,,,,,,,,,,,,,,,,,,,,,,,,,,,,,,,,,,,,,,,,
ap-cdc53e78-91f5-43c7-a6e9-a2e9883e2d1b,MEDIA,,,,,,https://aurumprivee.com/product-images/catalog-v2/2b4afebe-f1d6-4044-91c7-fdf72774d3f7.webp,Lattafa Pride Awaan EDP SP 3.4 oz product image,,,,,,,,,,,,,,,,,,,,,,,,,,,,,,,,,,,,,,,,,,,,,,,,,,,,,,,,,,,,,,,,,,,,,,,,,,,,,,,,,,,,,,,,
ap-a93aa038-b2c6-404b-8953-7c4e59dae99c,PRODUCT,Lattafa Unisex Bade' e Al Oud for Glory,TRUE,An authentic women's fragrance collection selected for the Aurum Privée collection.,all-fragrances;for-her;floral,all-fragrances,,,,Aurum Privée Edit,60.00,,,,,,,1,FALSE,,,a93aa038-b2c6-404b-8953-7c4e59dae99c,,,,,,,,,,,,,,,,,,,,,,,,,,,,,,,,,,,,,,,,,,,,,,,,,,,,,,,,,,,,,,,,,,,,,,,,,,
ap-a93aa038-b2c6-404b-8953-7c4e59dae99c,MEDIA,,,,,,https://aurumprivee.com/product-images/catalog-v2/395750d8-b312-4854-b682-d56c620a2ed3.webp,Lattafa Unisex Bade' e Al Oud for Glory 3.4 EDP SP product image,,,,,,,,,,,,,,,,,,,,,,,,,,,,,,,,,,,,,,,,,,,,,,,,,,,,,,,,,,,,,,,,,,,,,,,,,,,,,,,,,,,,,,,,
ap-97c0b861-350a-4fd0-a05a-1ba5e3338da5,PRODUCT,Liz Claiborne Bora Bora Men /,TRUE,An authentic men’s fragrance collection selected for the Aurum Privée collection.,all-fragrances;for-him;woody,all-fragrances,,,,Aurum Privée Edit,47.50,,,,,,,1,FALSE,,,97c0b861-350a-4fd0-a05a-1ba5e3338da5,,,,,,,,,,,,,,,,,,,,,,,,,,,,,,,,,,,,,,,,,,,,,,,,,,,,,,,,,,,,,,,,,,,,,,,,,,
ap-97c0b861-350a-4fd0-a05a-1ba5e3338da5,MEDIA,,,,,,https://aurumprivee.com/product-images/catalog-v2/d4910ca2-e3f0-4cf7-b38a-045f0d928ae4.webp,Liz Claiborne Bora Bora Men / Cologne Spray 3.4 oz product image,,,,,,,,,,,,,,,,,,,,,,,,,,,,,,,,,,,,,,,,,,,,,,,,,,,,,,,,,,,,,,,,,,,,,,,,,,,,,,,,,,,,,,,,
ap-ea4bd596-f4df-400a-b784-2beed887fbfe,PRODUCT,Liz Claiborne Curve Chill,TRUE,An authentic men’s fragrance collection selected for the Aurum Privée collection.,all-fragrances;for-him;woody,all-fragrances,,,,Aurum Privée Edit,54.00,,,,,,,2,FALSE,,,ea4bd596-f4df-400a-b784-2beed887fbfe,,,,,,,,,,,,,,,,,,,,,,,,,,,,,,,,,,,,,,,,,,,,,,,,,,,,,,,,,,,,,,,,,,,,,,,,,,
ap-ea4bd596-f4df-400a-b784-2beed887fbfe,MEDIA,,,,,,https://aurumprivee.com/product-images/catalog-v2/1171b606-5962-47dd-95e1-bab7ae087d6f.webp,Liz Claiborne Curve Chill 4.2 EDP product image,,,,,,,,,,,,,,,,,,,,,,,,,,,,,,,,,,,,,,,,,,,,,,,,,,,,,,,,,,,,,,,,,,,,,,,,,,,,,,,,,,,,,,,,
ap-918d0383-ec08-40c6-a0fc-b2ade0e0a792,PRODUCT,Liz Claiborne Men's Curve Gift Set,TRUE,An authentic men’s fragrance collection selected for the Aurum Privée collection.,all-fragrances;for-him;woody,all-fragrances,,,,Aurum Privée Edit,55.00,,,,,,,1,FALSE,,,918d0383-ec08-40c6-a0fc-b2ade0e0a792,,,,,,,,,,,,,,,,,,,,,,,,,,,,,,,,,,,,,,,,,,,,,,,,,,,,,,,,,,,,,,,,,,,,,,,,,,
ap-918d0383-ec08-40c6-a0fc-b2ade0e0a792,MEDIA,,,,,,https://aurumprivee.com/product-images/catalog-v2/cb62f179-ee27-4992-8ea0-d1edf4592c29.webp,Liz Claiborne Men's Curve Gift Set product image,,,,,,,,,,,,,,,,,,,,,,,,,,,,,,,,,,,,,,,,,,,,,,,,,,,,,,,,,,,,,,,,,,,,,,,,,,,,,,,,,,,,,,,,
ap-5403a875-d6ff-4e6a-a0f5-c7809a01cf00,PRODUCT,Lolita Lempicka Men's Homme,TRUE,An authentic men’s fragrance collection selected for the Aurum Privée collection.,all-fragrances;for-him;woody,all-fragrances,,,,Aurum Privée Edit,97.00,,,,,,,2,FALSE,,,5403a875-d6ff-4e6a-a0f5-c7809a01cf00,,,,,,,,,,,,,,,,,,,,,,,,,,,,,,,,,,,,,,,,,,,,,,,,,,,,,,,,,,,,,,,,,,,,,,,,,,
ap-5403a875-d6ff-4e6a-a0f5-c7809a01cf00,MEDIA,,,,,,https://aurumprivee.com/product-images/catalog-v2/6ea1299e-4c4c-47ec-884e-99252acbb2a3.webp,Lolita Lempicka Men's Homme EDT Spray 3.4 oz product image,,,,,,,,,,,,,,,,,,,,,,,,,,,,,,,,,,,,,,,,,,,,,,,,,,,,,,,,,,,,,,,,,,,,,,,,,,,,,,,,,,,,,,,,
ap-e10cbc1b-ca5f-49c1-ba1a-815317682a9b,PRODUCT,Lomani- Ab Spirit Millionaire by,TRUE,An authentic women’s fragrance collection selected for the Aurum Privée collection.,all-fragrances;for-her;floral,all-fragrances,,,,Aurum Privée Edit,65.00,,,,,,,1,FALSE,,,e10cbc1b-ca5f-49c1-ba1a-815317682a9b,,,,,,,,,,,,,,,,,,,,,,,,,,,,,,,,,,,,,,,,,,,,,,,,,,,,,,,,,,,,,,,,,,,,,,,,,,
ap-e10cbc1b-ca5f-49c1-ba1a-815317682a9b,MEDIA,,,,,,https://aurumprivee.com/product-images/catalog-v2/8f093367-69cf-4f16-bcde-bd4fa3a67e0c.webp,Lomani- Ab Spirit Millionaire by Eau De Parfum Spray 3.4 oz product image,,,,,,,,,,,,,,,,,,,,,,,,,,,,,,,,,,,,,,,,,,,,,,,,,,,,,,,,,,,,,,,,,,,,,,,,,,,,,,,,,,,,,,,,
ap-8673ac80-24a8-413a-ac83-7ce755739189,PRODUCT,Mademoiselle Debutante Intense Spray,TRUE,An authentic women’s fragrance collection selected for the Aurum Privée collection.,all-fragrances;for-her;floral,all-fragrances,,,,Aurum Privée Edit,45.00,,,,,,,1,FALSE,,,8673ac80-24a8-413a-ac83-7ce755739189,,,,,,,,,,,,,,,,,,,,,,,,,,,,,,,,,,,,,,,,,,,,,,,,,,,,,,,,,,,,,,,,,,,,,,,,,,
ap-8673ac80-24a8-413a-ac83-7ce755739189,MEDIA,,,,,,https://aurumprivee.com/product-images/catalog-v2/131cc77f-bc92-4f18-8056-cdc5dd2f9c70.webp,Mademoiselle Debutante Intense Spray 3.4oz product image,,,,,,,,,,,,,,,,,,,,,,,,,,,,,,,,,,,,,,,,,,,,,,,,,,,,,,,,,,,,,,,,,,,,,,,,,,,,,,,,,,,,,,,,
ap-76958190-945c-4adf-8f15-117f32cb188f,PRODUCT,Mademoiselle In Bloom,TRUE,An authentic women’s fragrance collection selected for the Aurum Privée collection.,all-fragrances;for-her;floral,all-fragrances,,,,Aurum Privée Edit,40.00,,,,,,,2,FALSE,,,76958190-945c-4adf-8f15-117f32cb188f,,,,,,,,,,,,,,,,,,,,,,,,,,,,,,,,,,,,,,,,,,,,,,,,,,,,,,,,,,,,,,,,,,,,,,,,,,
ap-76958190-945c-4adf-8f15-117f32cb188f,MEDIA,,,,,,https://aurumprivee.com/product-images/catalog-v2/fe8e480e-5255-414e-ae77-2048c0216865.webp,Mademoiselle In Bloom EDP Spray 3.4  EDP SP product image,,,,,,,,,,,,,,,,,,,,,,,,,,,,,,,,,,,,,,,,,,,,,,,,,,,,,,,,,,,,,,,,,,,,,,,,,,,,,,,,,,,,,,,,
ap-c399a761-b47a-4013-a5db-4b1de979192c,PRODUCT,Mahogany Teakwood,TRUE,An authentic home fragrance refills selected for the Aurum Privée collection.,all-fragrances;unisex;floral,all-fragrances,,,,Aurum Privée Edit,10.00,,,,,,,1,FALSE,,,c399a761-b47a-4013-a5db-4b1de979192c,,,,,,,,,,,,,,,,,,,,,,,,,,,,,,,,,,,,,,,,,,,,,,,,,,,,,,,,,,,,,,,,,,,,,,,,,,
ap-c399a761-b47a-4013-a5db-4b1de979192c,MEDIA,,,,,,https://aurumprivee.com/product-images/catalog-v2/0cb6205a-66f6-455e-8376-6c6dc769f2d2.webp,Mahogany Teakwood product image,,,,,,,,,,,,,,,,,,,,,,,,,,,,,,,,,,,,,,,,,,,,,,,,,,,,,,,,,,,,,,,,,,,,,,,,,,,,,,,,,,,,,,,,
ap-afe2af7d-80f5-4715-b38c-11d692e9c0a9,PRODUCT,Maison Alhambra Philos Roosso,TRUE,An authentic men's fragrance collection selected for the Aurum Privée collection.,all-fragrances;for-him;woody,all-fragrances,,,,Aurum Privée Edit,58.00,,,,,,,4,FALSE,,,afe2af7d-80f5-4715-b38c-11d692e9c0a9,,,,,,,,,,,,,,,,,,,,,,,,,,,,,,,,,,,,,,,,,,,,,,,,,,,,,,,,,,,,,,,,,,,,,,,,,,
ap-afe2af7d-80f5-4715-b38c-11d692e9c0a9,MEDIA,,,,,,https://aurumprivee.com/product-images/catalog-v2/93463625-29ac-4eea-ac01-baf9be877308.webp,Maison Alhambra Philos Roosso EDP SP 3.4oz product image,,,,,,,,,,,,,,,,,,,,,,,,,,,,,,,,,,,,,,,,,,,,,,,,,,,,,,,,,,,,,,,,,,,,,,,,,,,,,,,,,,,,,,,,
ap-853b0547-ae90-4bcd-aa51-0606a7ba8546,PRODUCT,Marc Jacobs Daisy Dream /,TRUE,An authentic women’s fragrance collection selected for the Aurum Privée collection.,all-fragrances;for-her;floral,all-fragrances,,,,Aurum Privée Edit,95.00,,,,,,,1,FALSE,,,853b0547-ae90-4bcd-aa51-0606a7ba8546,,,,,,,,,,,,,,,,,,,,,,,,,,,,,,,,,,,,,,,,,,,,,,,,,,,,,,,,,,,,,,,,,,,,,,,,,,
ap-853b0547-ae90-4bcd-aa51-0606a7ba8546,MEDIA,,,,,,https://aurumprivee.com/product-images/catalog-v2/0bb48164-9203-4070-b5b3-c305a869c6e0.webp,Marc Jacobs Daisy Dream / EDT Spray 1.7 oz product image,,,,,,,,,,,,,,,,,,,,,,,,,,,,,,,,,,,,,,,,,,,,,,,,,,,,,,,,,,,,,,,,,,,,,,,,,,,,,,,,,,,,,,,,
ap-a04af842-0c72-4e05-bf9a-67d4efed6704,PRODUCT,Marc Jacobs- Ladies Daisy Eau So Intense,TRUE,An authentic women’s fragrance collection selected for the Aurum Privée collection.,all-fragrances;for-her;floral,all-fragrances,,,,Aurum Privée Edit,116.00,,,,,,,5,FALSE,,,a04af842-0c72-4e05-bf9a-67d4efed6704,,,,,,,,,,,,,,,,,,,,,,,,,,,,,,,,,,,,,,,,,,,,,,,,,,,,,,,,,,,,,,,,,,,,,,,,,,
ap-a04af842-0c72-4e05-bf9a-67d4efed6704,MEDIA,,,,,,https://aurumprivee.com/product-images/catalog-v2/62bd281c-1663-4eab-a268-394fd78e0f13.webp,Marc Jacobs- Ladies Daisy Eau So Intense EDP Spray 1.6 oz product image,,,,,,,,,,,,,,,,,,,,,,,,,,,,,,,,,,,,,,,,,,,,,,,,,,,,,,,,,,,,,,,,,,,,,,,,,,,,,,,,,,,,,,,,
ap-726c3f60-6611-4198-a2fa-d59ed334d548,PRODUCT,Marc Jacobs- Ladies Perfect Intense,TRUE,An authentic women’s fragrance collection selected for the Aurum Privée collection.,all-fragrances;for-her;floral,all-fragrances,,,,Aurum Privée Edit,130.00,,,,,,,4,FALSE,,,726c3f60-6611-4198-a2fa-d59ed334d548,,,,,,,,,,,,,,,,,,,,,,,,,,,,,,,,,,,,,,,,,,,,,,,,,,,,,,,,,,,,,,,,,,,,,,,,,,
ap-726c3f60-6611-4198-a2fa-d59ed334d548,MEDIA,,,,,,https://aurumprivee.com/product-images/catalog-v2/a1b2f0cd-5920-479b-a2b4-a385830f95a5.webp,Marc Jacobs- Ladies Perfect Intense EDP Spray 1.7 oz product image,,,,,,,,,,,,,,,,,,,,,,,,,,,,,,,,,,,,,,,,,,,,,,,,,,,,,,,,,,,,,,,,,,,,,,,,,,,,,,,,,,,,,,,,
ap-d48ecba9-eb7f-46c8-8acc-c5d102e0e3fa,PRODUCT,Michael Kors- Ladies Wonderlust Eau De Voyage,TRUE,An authentic women’s fragrance collection selected for the Aurum Privée collection.,all-fragrances;for-her;floral,all-fragrances,,,,Aurum Privée Edit,125.00,,,,,,,2,FALSE,,,d48ecba9-eb7f-46c8-8acc-c5d102e0e3fa,,,,,,,,,,,,,,,,,,,,,,,,,,,,,,,,,,,,,,,,,,,,,,,,,,,,,,,,,,,,,,,,,,,,,,,,,,
ap-d48ecba9-eb7f-46c8-8acc-c5d102e0e3fa,MEDIA,,,,,,https://aurumprivee.com/product-images/catalog-v2/db552b37-ad72-4713-bef0-27b434fe6b2c.webp,Michael Kors- Ladies Wonderlust Eau De Voyage EDP Spray 3.4 oz product image,,,,,,,,,,,,,,,,,,,,,,,,,,,,,,,,,,,,,,,,,,,,,,,,,,,,,,,,,,,,,,,,,,,,,,,,,,,,,,,,,,,,,,,,
ap-1b9d0451-4eed-45da-a525-5e44e3c7d41b,PRODUCT,Mont Blanc Explorer / Mont Blanc,TRUE,An authentic men’s fragrance collection selected for the Aurum Privée collection.,all-fragrances;for-him;woody,all-fragrances,,,,Aurum Privée Edit,115.00,,,,,,,3,FALSE,,,1b9d0451-4eed-45da-a525-5e44e3c7d41b,,,,,,,,,,,,,,,,,,,,,,,,,,,,,,,,,,,,,,,,,,,,,,,,,,,,,,,,,,,,,,,,,,,,,,,,,,
ap-1b9d0451-4eed-45da-a525-5e44e3c7d41b,MEDIA,,,,,,https://aurumprivee.com/product-images/catalog-v2/fcb0948b-76eb-4899-8365-76e6ebe9e63c.webp,Mont Blanc Explorer / Mont Blanc EDP Spray 3.3 oz product image,,,,,,,,,,,,,,,,,,,,,,,,,,,,,,,,,,,,,,,,,,,,,,,,,,,,,,,,,,,,,,,,,,,,,,,,,,,,,,,,,,,,,,,,
ap-60fb5b08-bd7f-4c49-9124-c6b034462d98,PRODUCT,Mont Blanc Legend Night / Mont Blanc EDP Spray 3.3 o,TRUE,An authentic men’s fragrance collection selected for the Aurum Privée collection.,all-fragrances;for-him;woody,all-fragrances,,,,Aurum Privée Edit,98.00,,,,,,,1,FALSE,,,60fb5b08-bd7f-4c49-9124-c6b034462d98,,,,,,,,,,,,,,,,,,,,,,,,,,,,,,,,,,,,,,,,,,,,,,,,,,,,,,,,,,,,,,,,,,,,,,,,,,
ap-60fb5b08-bd7f-4c49-9124-c6b034462d98,MEDIA,,,,,,https://aurumprivee.com/product-images/catalog-v2/1e806ef6-ec90-4771-b786-b4ed88843ffb.webp,Mont Blanc Legend Night / Mont Blanc EDP Spray 3.3 o product image,,,,,,,,,,,,,,,,,,,,,,,,,,,,,,,,,,,,,,,,,,,,,,,,,,,,,,,,,,,,,,,,,,,,,,,,,,,,,,,,,,,,,,,,
ap-0dd63cde-043a-482e-ac0b-1cdd5467e833,PRODUCT,Mont Blanc- Lady Emblem / Mont Blanc,TRUE,An authentic women’s fragrance collection selected for the Aurum Privée collection.,all-fragrances;for-her;floral,all-fragrances,,,,Aurum Privée Edit,112.00,,,,,,,5,FALSE,,,0dd63cde-043a-482e-ac0b-1cdd5467e833,,,,,,,,,,,,,,,,,,,,,,,,,,,,,,,,,,,,,,,,,,,,,,,,,,,,,,,,,,,,,,,,,,,,,,,,,,
ap-0dd63cde-043a-482e-ac0b-1cdd5467e833,MEDIA,,,,,,https://aurumprivee.com/product-images/catalog-v2/c565fbbf-285b-4b69-83b5-0009712b6b7f.webp,Mont Blanc- Lady Emblem / Mont Blanc EDP Spray 2.5 oz product image,,,,,,,,,,,,,,,,,,,,,,,,,,,,,,,,,,,,,,,,,,,,,,,,,,,,,,,,,,,,,,,,,,,,,,,,,,,,,,,,,,,,,,,,
ap-207a03bc-2a73-4761-beb2-44ed6c979136,PRODUCT,Mont Blanc- Presence d'Une Femme,TRUE,An authentic women’s fragrance collection selected for the Aurum Privée collection.,all-fragrances;for-her;floral,all-fragrances,,,,Aurum Privée Edit,79.50,,,,,,,8,FALSE,,,207a03bc-2a73-4761-beb2-44ed6c979136,,,,,,,,,,,,,,,,,,,,,,,,,,,,,,,,,,,,,,,,,,,,,,,,,,,,,,,,,,,,,,,,,,,,,,,,,,
ap-207a03bc-2a73-4761-beb2-44ed6c979136,MEDIA,,,,,,https://aurumprivee.com/product-images/catalog-v2/b6239d9c-da50-4476-a68d-57677cc08e4c.webp,Mont Blanc- Presence d'Une Femme 2.5 oz Eau De Toilette product image,,,,,,,,,,,,,,,,,,,,,,,,,,,,,,,,,,,,,,,,,,,,,,,,,,,,,,,,,,,,,,,,,,,,,,,,,,,,,,,,,,,,,,,,
ap-386ad743-955b-49d8-a70e-96156c7dbfc8,PRODUCT,Montblanc- Femme Individuelle by Mont Blanc,TRUE,An authentic men’s fragrance collection selected for the Aurum Privée collection.,all-fragrances;for-her;woody,all-fragrances,,,,Aurum Privée Edit,80.00,,,,,,,1,FALSE,,,386ad743-955b-49d8-a70e-96156c7dbfc8,,,,,,,,,,,,,,,,,,,,,,,,,,,,,,,,,,,,,,,,,,,,,,,,,,,,,,,,,,,,,,,,,,,,,,,,,,
ap-386ad743-955b-49d8-a70e-96156c7dbfc8,MEDIA,,,,,,https://aurumprivee.com/product-images/catalog-v2/ca894234-c13b-4ee3-81ef-24dd82560ef0.webp,Montblanc- Femme Individuelle by Mont Blanc EDT Spray 2.5 oz product image,,,,,,,,,,,,,,,,,,,,,,,,,,,,,,,,,,,,,,,,,,,,,,,,,,,,,,,,,,,,,,,,,,,,,,,,,,,,,,,,,,,,,,,,
ap-0fab68f5-b642-4cd9-8933-5645b4e02015,PRODUCT,Narciso Rodriguez Bleu Noir For Him,TRUE,An authentic men’s fragrance collection selected for the Aurum Privée collection.,all-fragrances;for-him;woody,all-fragrances,,,,Aurum Privée Edit,100.00,,,,,,,2,FALSE,,,0fab68f5-b642-4cd9-8933-5645b4e02015,,,,,,,,,,,,,,,,,,,,,,,,,,,,,,,,,,,,,,,,,,,,,,,,,,,,,,,,,,,,,,,,,,,,,,,,,,
ap-0fab68f5-b642-4cd9-8933-5645b4e02015,MEDIA,,,,,,https://aurumprivee.com/product-images/catalog-v2/59ddf6f3-83d5-4c8d-a9d4-e6a6fa076fd8.webp,Narciso Rodriguez Bleu Noir For Him 3.3 EDT SP product image,,,,,,,,,,,,,,,,,,,,,,,,,,,,,,,,,,,,,,,,,,,,,,,,,,,,,,,,,,,,,,,,,,,,,,,,,,,,,,,,,,,,,,,,
ap-17971ac3-8c8d-4899-aeff-c71943f903b0,PRODUCT,Narciso Rodriguez For Her EDP 1.6,TRUE,An authentic women’s fragrance collection selected for the Aurum Privée collection.,all-fragrances;for-her;floral,all-fragrances,,,,Aurum Privée Edit,108.00,,,,,,,6,FALSE,,,17971ac3-8c8d-4899-aeff-c71943f903b0,,,,,,,,,,,,,,,,,,,,,,,,,,,,,,,,,,,,,,,,,,,,,,,,,,,,,,,,,,,,,,,,,,,,,,,,,,
ap-17971ac3-8c8d-4899-aeff-c71943f903b0,MEDIA,,,,,,https://aurumprivee.com/product-images/catalog-v2/aacaf8d4-7f43-40a6-9b67-f865376ff817.webp,Narciso Rodriguez For Her EDP 1.6 product image,,,,,,,,,,,,,,,,,,,,,,,,,,,,,,,,,,,,,,,,,,,,,,,,,,,,,,,,,,,,,,,,,,,,,,,,,,,,,,,,,,,,,,,,
ap-a797ca53-83db-4342-be89-3e14522c322e,PRODUCT,Narciso Rodriguez For Her Forever,TRUE,An authentic women’s fragrance collection selected for the Aurum Privée collection.,all-fragrances;for-her;floral,all-fragrances,,,,Aurum Privée Edit,138.00,,,,,,,3,FALSE,,,a797ca53-83db-4342-be89-3e14522c322e,,,,,,,,,,,,,,,,,,,,,,,,,,,,,,,,,,,,,,,,,,,,,,,,,,,,,,,,,,,,,,,,,,,,,,,,,,
ap-a797ca53-83db-4342-be89-3e14522c322e,MEDIA,,,,,,https://aurumprivee.com/product-images/catalog-v2/a5da376c-4dea-4842-92bd-d290f2657cb3.webp,Narciso Rodriguez For Her Forever 3.3 EDP SP product image,,,,,,,,,,,,,,,,,,,,,,,,,,,,,,,,,,,,,,,,,,,,,,,,,,,,,,,,,,,,,,,,,,,,,,,,,,,,,,,,,,,,,,,,
ap-fd8f079c-b047-45eb-b45b-4b323b7603da,PRODUCT,Narciso Rodriguez Musc Noir,TRUE,An authentic women’s fragrance collection selected for the Aurum Privée collection.,all-fragrances;for-her;floral,all-fragrances,,,,Aurum Privée Edit,131.00,,,,,,,2,FALSE,,,fd8f079c-b047-45eb-b45b-4b323b7603da,,,,,,,,,,,,,,,,,,,,,,,,,,,,,,,,,,,,,,,,,,,,,,,,,,,,,,,,,,,,,,,,,,,,,,,,,,
ap-fd8f079c-b047-45eb-b45b-4b323b7603da,MEDIA,,,,,,https://aurumprivee.com/product-images/catalog-v2/4fead797-722d-44be-aebb-b5e08f793e2a.webp,Narciso Rodriguez Musc Noir 3.3  EDP product image,,,,,,,,,,,,,,,,,,,,,,,,,,,,,,,,,,,,,,,,,,,,,,,,,,,,,,,,,,,,,,,,,,,,,,,,,,,,,,,,,,,,,,,,
ap-50ac04aa-2564-4e05-9eca-efd526fae027,PRODUCT,Narciso Rodriguez Musc Noir 5.0b,TRUE,An authentic women’s fragrance collection selected for the Aurum Privée collection.,all-fragrances;for-her;floral,all-fragrances,,,,Aurum Privée Edit,168.00,,,,,,,2,FALSE,,,50ac04aa-2564-4e05-9eca-efd526fae027,,,,,,,,,,,,,,,,,,,,,,,,,,,,,,,,,,,,,,,,,,,,,,,,,,,,,,,,,,,,,,,,,,,,,,,,,,
ap-50ac04aa-2564-4e05-9eca-efd526fae027,MEDIA,,,,,,https://aurumprivee.com/product-images/catalog-v2/59cc6642-96dd-40c6-bded-8e81291ae1b3.webp,Narciso Rodriguez Musc Noir 5.0b EDP product image,,,,,,,,,,,,,,,,,,,,,,,,,,,,,,,,,,,,,,,,,,,,,,,,,,,,,,,,,,,,,,,,,,,,,,,,,,,,,,,,,,,,,,,,
ap-c6e56961-12d6-4563-91ae-df4d1540950a,PRODUCT,Narciso Rodriguez- Narciso Fleur Musc /,TRUE,An authentic men’s fragrance collection selected for the Aurum Privée collection.,all-fragrances;for-him;woody,all-fragrances,,,,Aurum Privée Edit,138.00,,,,,,,3,FALSE,,,c6e56961-12d6-4563-91ae-df4d1540950a,,,,,,,,,,,,,,,,,,,,,,,,,,,,,,,,,,,,,,,,,,,,,,,,,,,,,,,,,,,,,,,,,,,,,,,,,,
ap-c6e56961-12d6-4563-91ae-df4d1540950a,MEDIA,,,,,,https://aurumprivee.com/product-images/catalog-v2/fd30be70-199e-4996-8d58-6b423de7054a.webp,Narciso Rodriguez- Narciso Fleur Musc / EDP Spray 1.6 oz product image,,,,,,,,,,,,,,,,,,,,,,,,,,,,,,,,,,,,,,,,,,,,,,,,,,,,,,,,,,,,,,,,,,,,,,,,,,,,,,,,,,,,,,,,
ap-6b74bf01-4ebe-4ccc-b3d2-a7a83cdcc906,PRODUCT,Nautica Classic,TRUE,An authentic men’s fragrance collection selected for the Aurum Privée collection.,all-fragrances;for-him;woody,all-fragrances,,,,Aurum Privée Edit,50.00,,,,,,,999999,FALSE,,,6b74bf01-4ebe-4ccc-b3d2-a7a83cdcc906,,,,,,,,,,,,,,,,,,,,,,,,,,,,,,,,,,,,,,,,,,,,,,,,,,,,,,,,,,,,,,,,,,,,,,,,,,
ap-6b74bf01-4ebe-4ccc-b3d2-a7a83cdcc906,MEDIA,,,,,,https://aurumprivee.com/product-images/catalog-v2/e8770381-a292-4d92-b88a-ee8fda4ec91f.webp,Nautica Classic Men 3.4 EDT SP product image,,,,,,,,,,,,,,,,,,,,,,,,,,,,,,,,,,,,,,,,,,,,,,,,,,,,,,,,,,,,,,,,,,,,,,,,,,,,,,,,,,,,,,,,
ap-ec04b980-9485-4d3c-b1f0-8d5826e16b06,PRODUCT,Nautica- Men's Voyage,TRUE,An authentic men’s fragrance collection selected for the Aurum Privée collection.,all-fragrances;for-him;woody,all-fragrances,,,,Aurum Privée Edit,95.00,,,,,,,999999,FALSE,,,ec04b980-9485-4d3c-b1f0-8d5826e16b06,,,,,,,,,,,,,,,,,,,,,,,,,,,,,,,,,,,,,,,,,,,,,,,,,,,,,,,,,,,,,,,,,,,,,,,,,,
ap-ec04b980-9485-4d3c-b1f0-8d5826e16b06,MEDIA,,,,,,https://aurumprivee.com/product-images/catalog-v2/341784d5-f150-4769-88e0-d61e02175da8.webp,Nautica- Men's Voyage EDT Spray 6.7 oz product image,,,,,,,,,,,,,,,,,,,,,,,,,,,,,,,,,,,,,,,,,,,,,,,,,,,,,,,,,,,,,,,,,,,,,,,,,,,,,,,,,,,,,,,,
ap-4184ad92-47e5-4422-85da-e3b11f943f3e,PRODUCT,Opium Black Glitters,TRUE,An authentic women's fragrance collection selected for the Aurum Privée collection.,all-fragrances;for-her;floral,all-fragrances,,,,Aurum Privée Edit,165.00,,,,,,,999999,FALSE,,,4184ad92-47e5-4422-85da-e3b11f943f3e,,,,,,,,,,,,,,,,,,,,,,,,,,,,,,,,,,,,,,,,,,,,,,,,,,,,,,,,,,,,,,,,,,,,,,,,,,
ap-4184ad92-47e5-4422-85da-e3b11f943f3e,MEDIA,,,,,,https://aurumprivee.com/product-images/catalog-v2/7117793f-b713-41d0-bb61-364979e73c7f.webp,Opium Black Glitters EDP 3.0oz product image,,,,,,,,,,,,,,,,,,,,,,,,,,,,,,,,,,,,,,,,,,,,,,,,,,,,,,,,,,,,,,,,,,,,,,,,,,,,,,,,,,,,,,,,
ap-e5d94f93-ce28-47e5-be20-252b9bc9e8a3,PRODUCT,Paco Rabanne Unisex Crazy Me,TRUE,An authentic men’s fragrance collection selected for the Aurum Privée collection.,all-fragrances;for-him;woody,all-fragrances,,,,Aurum Privée Edit,84.00,,,,,,,4,FALSE,,,e5d94f93-ce28-47e5-be20-252b9bc9e8a3,,,,,,,,,,,,,,,,,,,,,,,,,,,,,,,,,,,,,,,,,,,,,,,,,,,,,,,,,,,,,,,,,,,,,,,,,,
ap-e5d94f93-ce28-47e5-be20-252b9bc9e8a3,MEDIA,,,,,,https://aurumprivee.com/product-images/catalog-v2/555730bf-fdb2-448f-9bc9-d50cdc9ddcee.webp,Paco  Rabanne Unisex Crazy Me EDP Spray 2.1 oz product image,,,,,,,,,,,,,,,,,,,,,,,,,,,,,,,,,,,,,,,,,,,,,,,,,,,,,,,,,,,,,,,,,,,,,,,,,,,,,,,,,,,,,,,,
ap-bd3c6b75-1aba-49ca-aee3-3eb27682bfbf,PRODUCT,Paco Black XS,TRUE,An authentic men’s fragrance collection selected for the Aurum Privée collection.,all-fragrances;for-him;woody,all-fragrances,,,,Aurum Privée Edit,96.00,,,,,,,2,FALSE,,,bd3c6b75-1aba-49ca-aee3-3eb27682bfbf,,,,,,,,,,,,,,,,,,,,,,,,,,,,,,,,,,,,,,,,,,,,,,,,,,,,,,,,,,,,,,,,,,,,,,,,,,
ap-bd3c6b75-1aba-49ca-aee3-3eb27682bfbf,MEDIA,,,,,,https://aurumprivee.com/product-images/catalog-v2/f25bd7c2-cb37-42b6-98fe-c8e1bc4c1c3e.webp,Paco Black XS EDT sp 3.4oz product image,,,,,,,,,,,,,,,,,,,,,,,,,,,,,,,,,,,,,,,,,,,,,,,,,,,,,,,,,,,,,,,,,,,,,,,,,,,,,,,,,,,,,,,,
ap-184d0e82-e8c8-497a-9895-9d71921256ba,PRODUCT,Paco Invictus Aqua,TRUE,An authentic men’s fragrance collection selected for the Aurum Privée collection.,all-fragrances;for-him;woody,all-fragrances,,,,Aurum Privée Edit,125.00,,,,,,,1,FALSE,,,184d0e82-e8c8-497a-9895-9d71921256ba,,,,,,,,,,,,,,,,,,,,,,,,,,,,,,,,,,,,,,,,,,,,,,,,,,,,,,,,,,,,,,,,,,,,,,,,,,
ap-184d0e82-e8c8-497a-9895-9d71921256ba,MEDIA,,,,,,https://aurumprivee.com/product-images/catalog-v2/d4465743-f869-487b-bd6d-00e17fd891d0.webp,Paco Invictus Aqua Men 3.4 EDT SP product image,,,,,,,,,,,,,,,,,,,,,,,,,,,,,,,,,,,,,,,,,,,,,,,,,,,,,,,,,,,,,,,,,,,,,,,,,,,,,,,,,,,,,,,,
ap-c5e0572f-eadc-43ee-b759-b43863719270,PRODUCT,Paco Rabanne Men's Invictus Victory,TRUE,An authentic men’s fragrance collection selected for the Aurum Privée collection.,all-fragrances;for-him;woody,all-fragrances,,,,Aurum Privée Edit,150.00,,,,,,,4,FALSE,,,c5e0572f-eadc-43ee-b759-b43863719270,,,,,,,,,,,,,,,,,,,,,,,,,,,,,,,,,,,,,,,,,,,,,,,,,,,,,,,,,,,,,,,,,,,,,,,,,,
ap-c5e0572f-eadc-43ee-b759-b43863719270,MEDIA,,,,,,https://aurumprivee.com/product-images/catalog-v2/1c267566-e8f3-4994-98a6-bf59b72ee86e.webp,Paco Rabanne Men's Invictus Victory EDP Spray 3.4 oz product image,,,,,,,,,,,,,,,,,,,,,,,,,,,,,,,,,,,,,,,,,,,,,,,,,,,,,,,,,,,,,,,,,,,,,,,,,,,,,,,,,,,,,,,,
ap-c958b4dc-9ff2-4b06-a4ce-2b10146f1114,PRODUCT,Paco Rabanne- Olympea Solar Intense,TRUE,An authentic women’s fragrance collection selected for the Aurum Privée collection.,all-fragrances;for-her;floral,all-fragrances,,,,Aurum Privée Edit,74.99,,,,,,,3,FALSE,,,c958b4dc-9ff2-4b06-a4ce-2b10146f1114,,,,,,,,,,,,,,,,,,,,,,,,,,,,,,,,,,,,,,,,,,,,,,,,,,,,,,,,,,,,,,,,,,,,,,,,,,
ap-c958b4dc-9ff2-4b06-a4ce-2b10146f1114,MEDIA,,,,,,https://aurumprivee.com/product-images/catalog-v2/2f3bf382-d5db-447d-86e3-299cc3418f6a.webp,Paco Rabanne-  Olympea Solar Intense EDP Spray 2.7 oz Fragrances product image,,,,,,,,,,,,,,,,,,,,,,,,,,,,,,,,,,,,,,,,,,,,,,,,,,,,,,,,,,,,,,,,,,,,,,,,,,,,,,,,,,,,,,,,
ap-916ee6bf-ea10-4b73-ade3-bac312c744ba,PRODUCT,Paco Rabanne- Ladies Lady Million Royal,TRUE,An authentic women’s fragrance collection selected for the Aurum Privée collection.,all-fragrances;for-her;floral,all-fragrances,,,,Aurum Privée Edit,131.00,,,,,,,4,FALSE,,,916ee6bf-ea10-4b73-ade3-bac312c744ba,,,,,,,,,,,,,,,,,,,,,,,,,,,,,,,,,,,,,,,,,,,,,,,,,,,,,,,,,,,,,,,,,,,,,,,,,,
ap-916ee6bf-ea10-4b73-ade3-bac312c744ba,MEDIA,,,,,,https://aurumprivee.com/product-images/catalog-v2/a1906147-f100-4ea2-ba60-4372375d3a43.webp,Paco Rabanne- Ladies Lady Million Royal EDP Spray 2.7 oz product image,,,,,,,,,,,,,,,,,,,,,,,,,,,,,,,,,,,,,,,,,,,,,,,,,,,,,,,,,,,,,,,,,,,,,,,,,,,,,,,,,,,,,,,,
ap-22858c43-33e7-461f-bf0f-6a247e500594,PRODUCT,Paco Rabbane Men's Phantom,TRUE,An authentic men’s fragrance collection selected for the Aurum Privée collection.,all-fragrances;for-him;woody,all-fragrances,,,,Aurum Privée Edit,150.00,,,,,,,1,FALSE,,,22858c43-33e7-461f-bf0f-6a247e500594,,,,,,,,,,,,,,,,,,,,,,,,,,,,,,,,,,,,,,,,,,,,,,,,,,,,,,,,,,,,,,,,,,,,,,,,,,
ap-22858c43-33e7-461f-bf0f-6a247e500594,MEDIA,,,,,,https://aurumprivee.com/product-images/catalog-v2/f186ebab-6e1b-4316-a06b-e959bf59c737.webp,Paco Rabbane  Men's Phantom EDT Spray 3.4 oz product image,,,,,,,,,,,,,,,,,,,,,,,,,,,,,,,,,,,,,,,,,,,,,,,,,,,,,,,,,,,,,,,,,,,,,,,,,,,,,,,,,,,,,,,,
ap-ce91b419-57c8-4d0e-91ad-1eac9a6c6fec,PRODUCT,Paco Robanne Phantom,TRUE,An authentic men’s fragrance collection selected for the Aurum Privée collection.,all-fragrances;for-him;woody,all-fragrances,,,,Aurum Privée Edit,95.00,,,,,,,3,FALSE,,,ce91b419-57c8-4d0e-91ad-1eac9a6c6fec,,,,,,,,,,,,,,,,,,,,,,,,,,,,,,,,,,,,,,,,,,,,,,,,,,,,,,,,,,,,,,,,,,,,,,,,,,
ap-ce91b419-57c8-4d0e-91ad-1eac9a6c6fec,MEDIA,,,,,,https://aurumprivee.com/product-images/catalog-v2/fd535e42-e3ff-4131-8a43-9dc6ddbc8c39.webp,Paco Robanne Phantom Men 17 EDT SP product image,,,,,,,,,,,,,,,,,,,,,,,,,,,,,,,,,,,,,,,,,,,,,,,,,,,,,,,,,,,,,,,,,,,,,,,,,,,,,,,,,,,,,,,,
ap-e02656ea-87b5-436f-b76d-9c1c5b00d921,PRODUCT,Paris Hilton,TRUE,An authentic men’s fragrance collection selected for the Aurum Privée collection.,all-fragrances;for-him;woody,all-fragrances,,,,Aurum Privée Edit,65.00,,,,,,,1,FALSE,,,e02656ea-87b5-436f-b76d-9c1c5b00d921,,,,,,,,,,,,,,,,,,,,,,,,,,,,,,,,,,,,,,,,,,,,,,,,,,,,,,,,,,,,,,,,,,,,,,,,,,
ap-e02656ea-87b5-436f-b76d-9c1c5b00d921,MEDIA,,,,,,https://aurumprivee.com/product-images/catalog-v2/cf8ec8aa-29a3-41c3-a9ae-efaec948732a.webp,Paris Hilton product image,,,,,,,,,,,,,,,,,,,,,,,,,,,,,,,,,,,,,,,,,,,,,,,,,,,,,,,,,,,,,,,,,,,,,,,,,,,,,,,,,,,,,,,,
ap-1a45186c-8252-430b-aed8-b9375b87a2e8,PRODUCT,Paris Hilton Ladies Rose Rush,TRUE,An authentic women’s fragrance collection selected for the Aurum Privée collection.,all-fragrances;for-her;floral,all-fragrances,,,,Aurum Privée Edit,22.00,,,,,,,1,FALSE,,,1a45186c-8252-430b-aed8-b9375b87a2e8,,,,,,,,,,,,,,,,,,,,,,,,,,,,,,,,,,,,,,,,,,,,,,,,,,,,,,,,,,,,,,,,,,,,,,,,,,
ap-1a45186c-8252-430b-aed8-b9375b87a2e8,MEDIA,,,,,,https://aurumprivee.com/product-images/catalog-v2/7209b594-8e98-43fd-afc6-0bca758afb07.webp,Paris Hilton  Ladies Rose Rush 8 oz product image,,,,,,,,,,,,,,,,,,,,,,,,,,,,,,,,,,,,,,,,,,,,,,,,,,,,,,,,,,,,,,,,,,,,,,,,,,,,,,,,,,,,,,,,
ap-f1b7b72c-4400-4512-8356-edfb83cf7ebe,PRODUCT,Paris Hilton Can Can Burlesque,TRUE,An authentic women’s fragrance collection selected for the Aurum Privée collection.,all-fragrances;for-her;floral,all-fragrances,,,,Aurum Privée Edit,22.00,,,,,,,3,FALSE,,,f1b7b72c-4400-4512-8356-edfb83cf7ebe,,,,,,,,,,,,,,,,,,,,,,,,,,,,,,,,,,,,,,,,,,,,,,,,,,,,,,,,,,,,,,,,,,,,,,,,,,
ap-f1b7b72c-4400-4512-8356-edfb83cf7ebe,MEDIA,,,,,,https://aurumprivee.com/product-images/catalog-v2/29bf019d-5475-4237-89af-cb9ed4c2e83f.webp,Paris Hilton Can Can Burlesque product image,,,,,,,,,,,,,,,,,,,,,,,,,,,,,,,,,,,,,,,,,,,,,,,,,,,,,,,,,,,,,,,,,,,,,,,,,,,,,,,,,,,,,,,,
ap-1c4c01fc-ac7f-4215-a920-15c39a498689,PRODUCT,Paris Hilton Dazzle EDP 4.2,TRUE,An authentic women’s fragrance collection selected for the Aurum Privée collection.,all-fragrances;for-her;floral,all-fragrances,,,,Aurum Privée Edit,60.00,,,,,,,2,FALSE,,,1c4c01fc-ac7f-4215-a920-15c39a498689,,,,,,,,,,,,,,,,,,,,,,,,,,,,,,,,,,,,,,,,,,,,,,,,,,,,,,,,,,,,,,,,,,,,,,,,,,
ap-1c4c01fc-ac7f-4215-a920-15c39a498689,MEDIA,,,,,,https://aurumprivee.com/product-images/catalog-v2/1e700452-de6b-4457-b5b0-df1fa0e202f5.webp,Paris Hilton Dazzle EDP 4.2 product image,,,,,,,,,,,,,,,,,,,,,,,,,,,,,,,,,,,,,,,,,,,,,,,,,,,,,,,,,,,,,,,,,,,,,,,,,,,,,,,,,,,,,,,,
ap-d42b00fe-b920-46e1-a91b-504447fd5d3d,PRODUCT,Paris Hilton Electrify EDP 3.4,TRUE,An authentic women’s fragrance collection selected for the Aurum Privée collection.,all-fragrances;for-her;floral,all-fragrances,,,,Aurum Privée Edit,65.00,,,,,,,4,FALSE,,,d42b00fe-b920-46e1-a91b-504447fd5d3d,,,,,,,,,,,,,,,,,,,,,,,,,,,,,,,,,,,,,,,,,,,,,,,,,,,,,,,,,,,,,,,,,,,,,,,,,,
ap-d42b00fe-b920-46e1-a91b-504447fd5d3d,MEDIA,,,,,,https://aurumprivee.com/product-images/catalog-v2/e4515c2e-4d69-447f-8990-aff091a00a7c.webp,Paris Hilton Electrify EDP 3.4 product image,,,,,,,,,,,,,,,,,,,,,,,,,,,,,,,,,,,,,,,,,,,,,,,,,,,,,,,,,,,,,,,,,,,,,,,,,,,,,,,,,,,,,,,,
ap-4c8f600d-8669-4f0f-8f4c-2dadfff7f4ba,PRODUCT,Paris Hilton Gold Rush /,TRUE,An authentic women’s fragrance collection selected for the Aurum Privée collection.,all-fragrances;for-her;floral,all-fragrances,,,,Aurum Privée Edit,70.00,,,,,,,4,FALSE,,,4c8f600d-8669-4f0f-8f4c-2dadfff7f4ba,,,,,,,,,,,,,,,,,,,,,,,,,,,,,,,,,,,,,,,,,,,,,,,,,,,,,,,,,,,,,,,,,,,,,,,,,,
ap-4c8f600d-8669-4f0f-8f4c-2dadfff7f4ba,MEDIA,,,,,,https://aurumprivee.com/product-images/catalog-v2/b3404d72-1cc3-4d92-aa7e-8225784c29e5.webp,Paris Hilton Gold Rush / EDP Spray 3.4 oz product image,,,,,,,,,,,,,,,,,,,,,,,,,,,,,,,,,,,,,,,,,,,,,,,,,,,,,,,,,,,,,,,,,,,,,,,,,,,,,,,,,,,,,,,,
ap-45199a08-c5fe-42d9-8e77-e0dc6beaecfb,PRODUCT,Paris Hilton Heiress by,TRUE,An authentic women’s fragrance collection selected for the Aurum Privée collection.,all-fragrances;for-her;floral,all-fragrances,,,,Aurum Privée Edit,65.00,,,,,,,1,FALSE,,,45199a08-c5fe-42d9-8e77-e0dc6beaecfb,,,,,,,,,,,,,,,,,,,,,,,,,,,,,,,,,,,,,,,,,,,,,,,,,,,,,,,,,,,,,,,,,,,,,,,,,,
ap-45199a08-c5fe-42d9-8e77-e0dc6beaecfb,MEDIA,,,,,,https://aurumprivee.com/product-images/catalog-v2/86e3e452-325f-4a86-b9e9-e6b29fe892e3.webp,Paris Hilton Heiress by EDP Spray 3.4 oz product image,,,,,,,,,,,,,,,,,,,,,,,,,,,,,,,,,,,,,,,,,,,,,,,,,,,,,,,,,,,,,,,,,,,,,,,,,,,,,,,,,,,,,,,,
ap-5aa239c6-6c47-46c4-a47d-03cfd859fe39,PRODUCT,Paris Hilton Siren EDP 3.4,TRUE,An authentic women’s fragrance collection selected for the Aurum Privée collection.,all-fragrances;for-her;floral,all-fragrances,,,,Aurum Privée Edit,55.00,,,,,,,3,FALSE,,,5aa239c6-6c47-46c4-a47d-03cfd859fe39,,,,,,,,,,,,,,,,,,,,,,,,,,,,,,,,,,,,,,,,,,,,,,,,,,,,,,,,,,,,,,,,,,,,,,,,,,
ap-5aa239c6-6c47-46c4-a47d-03cfd859fe39,MEDIA,,,,,,https://aurumprivee.com/product-images/catalog-v2/2e1b6f9b-d753-4313-ac34-31cd49adbc0e.webp,Paris Hilton Siren EDP 3.4 product image,,,,,,,,,,,,,,,,,,,,,,,,,,,,,,,,,,,,,,,,,,,,,,,,,,,,,,,,,,,,,,,,,,,,,,,,,,,,,,,,,,,,,,,,
ap-d42068e0-d504-4ff1-a9dd-c02d42b07b2f,PRODUCT,Paris Hilton- Can Can Burlesque by,TRUE,An authentic women’s fragrance collection selected for the Aurum Privée collection.,all-fragrances;for-her;floral,all-fragrances,,,,Aurum Privée Edit,65.00,,,,,,,7,FALSE,,,d42068e0-d504-4ff1-a9dd-c02d42b07b2f,,,,,,,,,,,,,,,,,,,,,,,,,,,,,,,,,,,,,,,,,,,,,,,,,,,,,,,,,,,,,,,,,,,,,,,,,,
ap-d42068e0-d504-4ff1-a9dd-c02d42b07b2f,MEDIA,,,,,,https://aurumprivee.com/product-images/catalog-v2/354ade9a-0e42-41e7-9245-f8038b2c2a7b.webp,Paris Hilton-  Can Can Burlesque by EDP Spray 3.4 oz product image,,,,,,,,,,,,,,,,,,,,,,,,,,,,,,,,,,,,,,,,,,,,,,,,,,,,,,,,,,,,,,,,,,,,,,,,,,,,,,,,,,,,,,,,
ap-851ea084-742c-4d16-b9ce-4f096d90f743,PRODUCT,Paris Hilton- Can Can /,TRUE,An authentic women’s fragrance collection selected for the Aurum Privée collection.,all-fragrances;for-her;floral,all-fragrances,,,,Aurum Privée Edit,65.00,,,,,,,4,FALSE,,,851ea084-742c-4d16-b9ce-4f096d90f743,,,,,,,,,,,,,,,,,,,,,,,,,,,,,,,,,,,,,,,,,,,,,,,,,,,,,,,,,,,,,,,,,,,,,,,,,,
ap-851ea084-742c-4d16-b9ce-4f096d90f743,MEDIA,,,,,,https://aurumprivee.com/product-images/catalog-v2/93ccef2a-eb6f-452e-877a-4d1b57590097.webp,Paris Hilton- Can Can / EDP Spray 3.4 oz product image,,,,,,,,,,,,,,,,,,,,,,,,,,,,,,,,,,,,,,,,,,,,,,,,,,,,,,,,,,,,,,,,,,,,,,,,,,,,,,,,,,,,,,,,
ap-555e0e97-7a28-4ae3-a847-2fc3aa33e1ce,PRODUCT,Paris Hilton/,TRUE,An authentic women’s fragrance collection selected for the Aurum Privée collection.,all-fragrances;for-her;floral,all-fragrances,,,,Aurum Privée Edit,55.00,,,,,,,4,FALSE,,,555e0e97-7a28-4ae3-a847-2fc3aa33e1ce,,,,,,,,,,,,,,,,,,,,,,,,,,,,,,,,,,,,,,,,,,,,,,,,,,,,,,,,,,,,,,,,,,,,,,,,,,
ap-555e0e97-7a28-4ae3-a847-2fc3aa33e1ce,MEDIA,,,,,,https://aurumprivee.com/product-images/catalog-v2/4b4faa0d-cbe0-4bd1-a80c-53116e8d5ebf.webp,Paris Hilton/ EDP Spray 3.4 oz product image,,,,,,,,,,,,,,,,,,,,,,,,,,,,,,,,,,,,,,,,,,,,,,,,,,,,,,,,,,,,,,,,,,,,,,,,,,,,,,,,,,,,,,,,
ap-d562ee53-5595-4199-a42d-de4277980cc7,PRODUCT,Perry Ellis- Aqua Extreme /,TRUE,An authentic men’s fragrance collection selected for the Aurum Privée collection.,all-fragrances;for-him;woody,all-fragrances,,,,Aurum Privée Edit,65.00,,,,,,,3,FALSE,,,d562ee53-5595-4199-a42d-de4277980cc7,,,,,,,,,,,,,,,,,,,,,,,,,,,,,,,,,,,,,,,,,,,,,,,,,,,,,,,,,,,,,,,,,,,,,,,,,,
ap-d562ee53-5595-4199-a42d-de4277980cc7,MEDIA,,,,,,https://aurumprivee.com/product-images/catalog-v2/8e8a7433-53fc-42be-bee6-3cd8a6b9b688.webp,Perry Ellis- Aqua Extreme / EDT Spray 3.4 oz product image,,,,,,,,,,,,,,,,,,,,,,,,,,,,,,,,,,,,,,,,,,,,,,,,,,,,,,,,,,,,,,,,,,,,,,,,,,,,,,,,,,,,,,,,
ap-7a29771d-592a-4b59-acdc-485398e4a404,PRODUCT,Platinum Rush Paris Hilton Lotion,TRUE,An authentic women’s fragrance collection selected for the Aurum Privée collection.,all-fragrances;for-her;floral,all-fragrances,,,,Aurum Privée Edit,16.00,,,,,,,2,FALSE,,,7a29771d-592a-4b59-acdc-485398e4a404,,,,,,,,,,,,,,,,,,,,,,,,,,,,,,,,,,,,,,,,,,,,,,,,,,,,,,,,,,,,,,,,,,,,,,,,,,
ap-7a29771d-592a-4b59-acdc-485398e4a404,MEDIA,,,,,,https://aurumprivee.com/product-images/catalog-v2/f91ffb63-dada-41c5-bca9-ed26c4361325.webp,Platinum Rush Paris Hilton Lotion 6.7 Fl Oz product image,,,,,,,,,,,,,,,,,,,,,,,,,,,,,,,,,,,,,,,,,,,,,,,,,,,,,,,,,,,,,,,,,,,,,,,,,,,,,,,,,,,,,,,,
ap-f3e0334a-fc95-45bd-a5af-1d66c5a7d4a4,PRODUCT,Ralph Lauren Polo /,TRUE,An authentic men’s fragrance collection selected for the Aurum Privée collection.,all-fragrances;for-him;woody,all-fragrances,,,,Aurum Privée Edit,98.00,,,,,,,1,FALSE,,,f3e0334a-fc95-45bd-a5af-1d66c5a7d4a4,,,,,,,,,,,,,,,,,,,,,,,,,,,,,,,,,,,,,,,,,,,,,,,,,,,,,,,,,,,,,,,,,,,,,,,,,,
ap-f3e0334a-fc95-45bd-a5af-1d66c5a7d4a4,MEDIA,,,,,,https://aurumprivee.com/product-images/catalog-v2/830e493d-4393-44cc-8e34-b6ba81ab18b4.webp,Ralph Lauren  Polo / EDT Spray 4.0 oz product image,,,,,,,,,,,,,,,,,,,,,,,,,,,,,,,,,,,,,,,,,,,,,,,,,,,,,,,,,,,,,,,,,,,,,,,,,,,,,,,,,,,,,,,,
ap-7b870f91-3e9a-4f49-b483-8a2b6dde7d9b,PRODUCT,Ralph Lauren- Polo Blue /,TRUE,An authentic men’s fragrance collection selected for the Aurum Privée collection.,all-fragrances;for-him;woody,all-fragrances,,,,Aurum Privée Edit,99.00,,,,,,,4,FALSE,,,7b870f91-3e9a-4f49-b483-8a2b6dde7d9b,,,,,,,,,,,,,,,,,,,,,,,,,,,,,,,,,,,,,,,,,,,,,,,,,,,,,,,,,,,,,,,,,,,,,,,,,,
ap-7b870f91-3e9a-4f49-b483-8a2b6dde7d9b,MEDIA,,,,,,https://aurumprivee.com/product-images/catalog-v2/657befee-849f-4c57-b3c2-3db4b55017a0.webp,Ralph Lauren- Polo Blue / EDT Spray 4.2 oz product image,,,,,,,,,,,,,,,,,,,,,,,,,,,,,,,,,,,,,,,,,,,,,,,,,,,,,,,,,,,,,,,,,,,,,,,,,,,,,,,,,,,,,,,,
ap-513bef85-4cb8-49b1-9b79-43c873e5d638,PRODUCT,Ralph Lauren- Polo Blue / Set,TRUE,An authentic men’s fragrance collection selected for the Aurum Privée collection.,all-fragrances;for-him;woody,all-fragrances,,,,Aurum Privée Edit,120.00,,,,,,,1,FALSE,,,513bef85-4cb8-49b1-9b79-43c873e5d638,,,,,,,,,,,,,,,,,,,,,,,,,,,,,,,,,,,,,,,,,,,,,,,,,,,,,,,,,,,,,,,,,,,,,,,,,,
ap-513bef85-4cb8-49b1-9b79-43c873e5d638,MEDIA,,,,,,https://aurumprivee.com/product-images/catalog-v2/ee17b8c0-e053-4f72-b309-fc1438bd816c.webp,Ralph Lauren- Polo Blue / Set product image,,,,,,,,,,,,,,,,,,,,,,,,,,,,,,,,,,,,,,,,,,,,,,,,,,,,,,,,,,,,,,,,,,,,,,,,,,,,,,,,,,,,,,,,
ap-ad7d1a8f-d6aa-4219-86b0-5d75717eb1c5,PRODUCT,Salvatore Ferragamo Emozione,TRUE,An authentic women’s fragrance collection selected for the Aurum Privée collection.,all-fragrances;for-her;floral,all-fragrances,,,,Aurum Privée Edit,119.00,,,,,,,1,FALSE,,,ad7d1a8f-d6aa-4219-86b0-5d75717eb1c5,,,,,,,,,,,,,,,,,,,,,,,,,,,,,,,,,,,,,,,,,,,,,,,,,,,,,,,,,,,,,,,,,,,,,,,,,,
ap-ad7d1a8f-d6aa-4219-86b0-5d75717eb1c5,MEDIA,,,,,,https://aurumprivee.com/product-images/catalog-v2/8ef00105-5b1d-4a80-a1d4-18cacee93aed.webp,Salvatore Ferragamo Emozione product image,,,,,,,,,,,,,,,,,,,,,,,,,,,,,,,,,,,,,,,,,,,,,,,,,,,,,,,,,,,,,,,,,,,,,,,,,,,,,,,,,,,,,,,,
ap-79ae7cab-4dfe-4d2b-9771-1267a638b94e,PRODUCT,Ted Lapidus Fantasme /,TRUE,An authentic women’s fragrance collection selected for the Aurum Privée collection.,all-fragrances;for-her;floral,all-fragrances,,,,Aurum Privée Edit,63.00,,,,,,,2,FALSE,,,79ae7cab-4dfe-4d2b-9771-1267a638b94e,,,,,,,,,,,,,,,,,,,,,,,,,,,,,,,,,,,,,,,,,,,,,,,,,,,,,,,,,,,,,,,,,,,,,,,,,,
ap-79ae7cab-4dfe-4d2b-9771-1267a638b94e,MEDIA,,,,,,https://aurumprivee.com/product-images/catalog-v2/f34f546b-c323-4694-b8bf-829531a20306.webp,Ted Lapidus Fantasme / EDT Spray 3.3 oz product image,,,,,,,,,,,,,,,,,,,,,,,,,,,,,,,,,,,,,,,,,,,,,,,,,,,,,,,,,,,,,,,,,,,,,,,,,,,,,,,,,,,,,,,,
ap-e50bd5a5-8d70-4896-b70c-18273fff7596,PRODUCT,Tiffany & Co. Ladies Rose Gold,TRUE,An authentic women’s fragrance collection selected for the Aurum Privée collection.,all-fragrances;for-her;floral,all-fragrances,,,,Aurum Privée Edit,160.00,,,,,,,2,FALSE,,,e50bd5a5-8d70-4896-b70c-18273fff7596,,,,,,,,,,,,,,,,,,,,,,,,,,,,,,,,,,,,,,,,,,,,,,,,,,,,,,,,,,,,,,,,,,,,,,,,,,
ap-e50bd5a5-8d70-4896-b70c-18273fff7596,MEDIA,,,,,,https://aurumprivee.com/product-images/catalog-v2/b3253c4f-1aee-454b-8e46-81c3db3debfe.webp,Tiffany & Co. Ladies Rose Gold EDP Spray 2.5 oz product image,,,,,,,,,,,,,,,,,,,,,,,,,,,,,,,,,,,,,,,,,,,,,,,,,,,,,,,,,,,,,,,,,,,,,,,,,,,,,,,,,,,,,,,,
ap-9ae86ef1-a9ea-4d03-b9bd-89c2ceebef1f,PRODUCT,Tom Eau De Soleil Blanc,TRUE,An authentic men’s fragrance collection selected for the Aurum Privée collection.,all-fragrances;for-him;woody,all-fragrances,,,,Aurum Privée Edit,150.00,,,,,,,1,FALSE,,,9ae86ef1-a9ea-4d03-b9bd-89c2ceebef1f,,,,,,,,,,,,,,,,,,,,,,,,,,,,,,,,,,,,,,,,,,,,,,,,,,,,,,,,,,,,,,,,,,,,,,,,,,
ap-9ae86ef1-a9ea-4d03-b9bd-89c2ceebef1f,MEDIA,,,,,,https://aurumprivee.com/product-images/catalog-v2/b54b21a8-e8d3-400a-b004-17dbfbb64b65.webp,Tom Eau De Soleil Blanc 1.7 EDT SP product image,,,,,,,,,,,,,,,,,,,,,,,,,,,,,,,,,,,,,,,,,,,,,,,,,,,,,,,,,,,,,,,,,,,,,,,,,,,,,,,,,,,,,,,,
ap-13ddee74-fb93-4527-ae10-f037e39a3bd1,PRODUCT,Tom Ford Black Orchid,TRUE,An authentic unisex fragrance selected for the Aurum Privée collection.,all-fragrances;unisex;fresh,all-fragrances,,,,Aurum Privée Edit,295.00,,,,,,,2,FALSE,,,13ddee74-fb93-4527-ae10-f037e39a3bd1,,,,,,,,,,,,,,,,,,,,,,,,,,,,,,,,,,,,,,,,,,,,,,,,,,,,,,,,,,,,,,,,,,,,,,,,,,
ap-13ddee74-fb93-4527-ae10-f037e39a3bd1,MEDIA,,,,,,https://aurumprivee.com/product-images/catalog-v2/f5b985ac-2546-41d1-b1c1-2b0f4d595bc8.webp,Tom Ford Black Orchid Parfum 3.4 EDP product image,,,,,,,,,,,,,,,,,,,,,,,,,,,,,,,,,,,,,,,,,,,,,,,,,,,,,,,,,,,,,,,,,,,,,,,,,,,,,,,,,,,,,,,,
ap-9a389809-ba1f-4809-b390-0c92b3626d1c,PRODUCT,Tom Ford Noir Extreme by,TRUE,An authentic men’s fragrance collection selected for the Aurum Privée collection.,all-fragrances;for-him;woody,all-fragrances,,,,Aurum Privée Edit,150.00,,,,,,,2,FALSE,,,9a389809-ba1f-4809-b390-0c92b3626d1c,,,,,,,,,,,,,,,,,,,,,,,,,,,,,,,,,,,,,,,,,,,,,,,,,,,,,,,,,,,,,,,,,,,,,,,,,,
ap-9a389809-ba1f-4809-b390-0c92b3626d1c,MEDIA,,,,,,https://aurumprivee.com/product-images/catalog-v2/74b58050-8ade-4bc6-b134-e54375990507.webp,Tom Ford Noir Extreme by EDP Spray 1.7 oz product image,,,,,,,,,,,,,,,,,,,,,,,,,,,,,,,,,,,,,,,,,,,,,,,,,,,,,,,,,,,,,,,,,,,,,,,,,,,,,,,,,,,,,,,,
ap-c469cece-8646-4b00-8fca-4b241cd3c7a7,PRODUCT,Tom Ford Ombre Leather,TRUE,An authentic unisex fragrance selected for the Aurum Privée collection.,all-fragrances;unisex;fresh,all-fragrances,,,,Aurum Privée Edit,215.00,,,,,,,1,FALSE,,,c469cece-8646-4b00-8fca-4b241cd3c7a7,,,,,,,,,,,,,,,,,,,,,,,,,,,,,,,,,,,,,,,,,,,,,,,,,,,,,,,,,,,,,,,,,,,,,,,,,,
ap-c469cece-8646-4b00-8fca-4b241cd3c7a7,MEDIA,,,,,,https://aurumprivee.com/product-images/catalog-v2/aeebcc98-7faf-4f38-8f72-757c803436f4.webp,Tom Ford Ombre Leather Eau de Parfum Spray 3.4 oz product image,,,,,,,,,,,,,,,,,,,,,,,,,,,,,,,,,,,,,,,,,,,,,,,,,,,,,,,,,,,,,,,,,,,,,,,,,,,,,,,,,,,,,,,,
ap-baa50a74-6f02-4161-b435-d29b7c5d81d1,PRODUCT,Tom Ford Unisex Oud Wood,TRUE,An authentic unisex fragrance selected for the Aurum Privée collection.,all-fragrances;unisex;fresh,all-fragrances,,,,Aurum Privée Edit,295.00,,,,,,,2,FALSE,,,baa50a74-6f02-4161-b435-d29b7c5d81d1,,,,,,,,,,,,,,,,,,,,,,,,,,,,,,,,,,,,,,,,,,,,,,,,,,,,,,,,,,,,,,,,,,,,,,,,,,
ap-baa50a74-6f02-4161-b435-d29b7c5d81d1,MEDIA,,,,,,https://aurumprivee.com/product-images/catalog-v2/01162d89-71a0-4abd-afa2-e6bb147d571a.webp,Tom Ford Unisex Oud Wood EDP Spray 1.7 oz product image,,,,,,,,,,,,,,,,,,,,,,,,,,,,,,,,,,,,,,,,,,,,,,,,,,,,,,,,,,,,,,,,,,,,,,,,,,,,,,,,,,,,,,,,
ap-e2a43a1d-071a-445c-a94a-e6cc26b71b82,PRODUCT,Valentino Garavani Ladies Donna,TRUE,An authentic women’s fragrance collection selected for the Aurum Privée collection.,all-fragrances;for-her;floral,all-fragrances,,,,Aurum Privée Edit,155.00,,,,,,,6,FALSE,,,e2a43a1d-071a-445c-a94a-e6cc26b71b82,,,,,,,,,,,,,,,,,,,,,,,,,,,,,,,,,,,,,,,,,,,,,,,,,,,,,,,,,,,,,,,,,,,,,,,,,,
ap-e2a43a1d-071a-445c-a94a-e6cc26b71b82,MEDIA,,,,,,https://aurumprivee.com/product-images/catalog-v2/31fc01c2-0a9c-45fb-8462-382a70f46c86.webp,Valentino Garavani  Ladies Donna EDP Spray 3.4 oz product image,,,,,,,,,,,,,,,,,,,,,,,,,,,,,,,,,,,,,,,,,,,,,,,,,,,,,,,,,,,,,,,,,,,,,,,,,,,,,,,,,,,,,,,,
ap-19334064-ed08-4de0-840a-c7d00632f396,PRODUCT,Valentino Voce Viva,TRUE,An authentic women’s fragrance collection selected for the Aurum Privée collection.,all-fragrances;for-her;floral,all-fragrances,,,,Aurum Privée Edit,135.00,,,,,,,1,FALSE,,,19334064-ed08-4de0-840a-c7d00632f396,,,,,,,,,,,,,,,,,,,,,,,,,,,,,,,,,,,,,,,,,,,,,,,,,,,,,,,,,,,,,,,,,,,,,,,,,,
ap-19334064-ed08-4de0-840a-c7d00632f396,MEDIA,,,,,,https://aurumprivee.com/product-images/catalog-v2/13c92705-5da7-40f0-9571-3419e877814b.webp,Valentino Voce Viva 1.7 EDP SP product image,,,,,,,,,,,,,,,,,,,,,,,,,,,,,,,,,,,,,,,,,,,,,,,,,,,,,,,,,,,,,,,,,,,,,,,,,,,,,,,,,,,,,,,,
ap-4d6086db-0659-40e9-96c9-774044bf1b60,PRODUCT,Valentino Voce Viva,TRUE,An authentic women’s fragrance collection selected for the Aurum Privée collection.,all-fragrances;for-her;floral,all-fragrances,,,,Aurum Privée Edit,165.00,,,,,,,4,FALSE,,,4d6086db-0659-40e9-96c9-774044bf1b60,,,,,,,,,,,,,,,,,,,,,,,,,,,,,,,,,,,,,,,,,,,,,,,,,,,,,,,,,,,,,,,,,,,,,,,,,,
ap-4d6086db-0659-40e9-96c9-774044bf1b60,MEDIA,,,,,,https://aurumprivee.com/product-images/catalog-v2/b8f360bb-9e80-4874-8736-16b53b7f5141.webp,Valentino Voce Viva Woman 3.3 EDP product image,,,,,,,,,,,,,,,,,,,,,,,,,,,,,,,,,,,,,,,,,,,,,,,,,,,,,,,,,,,,,,,,,,,,,,,,,,,,,,,,,,,,,,,,
ap-54013bcb-a3ba-44bd-ad56-821f0c7e55da,PRODUCT,Versace Bright Crystal Absolu,TRUE,An authentic women’s fragrance collection selected for the Aurum Privée collection.,all-fragrances;for-her;floral,all-fragrances,,,,Aurum Privée Edit,120.00,,,,,,,4,FALSE,,,54013bcb-a3ba-44bd-ad56-821f0c7e55da,,,,,,,,,,,,,,,,,,,,,,,,,,,,,,,,,,,,,,,,,,,,,,,,,,,,,,,,,,,,,,,,,,,,,,,,,,
ap-54013bcb-a3ba-44bd-ad56-821f0c7e55da,MEDIA,,,,,,https://aurumprivee.com/product-images/catalog-v2/5dc5f53c-574a-45eb-b412-7fea8bdc18e0.webp,Versace Bright Crystal Absolu 3.0 EDP SP product image,,,,,,,,,,,,,,,,,,,,,,,,,,,,,,,,,,,,,,,,,,,,,,,,,,,,,,,,,,,,,,,,,,,,,,,,,,,,,,,,,,,,,,,,
ap-24c5abf9-37bc-4cfa-92d6-9b5af0488049,PRODUCT,Versace Ladies Bright Crystal,TRUE,An authentic women’s fragrance collection selected for the Aurum Privée collection.,all-fragrances;for-her;floral,all-fragrances,,,,Aurum Privée Edit,140.00,,,,,,,2,FALSE,,,24c5abf9-37bc-4cfa-92d6-9b5af0488049,,,,,,,,,,,,,,,,,,,,,,,,,,,,,,,,,,,,,,,,,,,,,,,,,,,,,,,,,,,,,,,,,,,,,,,,,,
ap-24c5abf9-37bc-4cfa-92d6-9b5af0488049,MEDIA,,,,,,https://aurumprivee.com/product-images/catalog-v2/b686aee7-84ff-4354-9bfb-70444c2c7eaf.webp,Versace Ladies Bright Crystal EDT Spray 6.8 oz product image,,,,,,,,,,,,,,,,,,,,,,,,,,,,,,,,,,,,,,,,,,,,,,,,,,,,,,,,,,,,,,,,,,,,,,,,,,,,,,,,,,,,,,,,
ap-23c2a873-5ded-409a-8aae-3d74f1d3bbcd,PRODUCT,Versace Signature Homme by EDT Spray (blue / Silver),TRUE,An authentic men’s fragrance collection selected for the Aurum Privée collection.,all-fragrances;for-him;woody,all-fragrances,,,,Aurum Privée Edit,92.00,,,,,,,3,FALSE,,,23c2a873-5ded-409a-8aae-3d74f1d3bbcd,,,,,,,,,,,,,,,,,,,,,,,,,,,,,,,,,,,,,,,,,,,,,,,,,,,,,,,,,,,,,,,,,,,,,,,,,,
ap-23c2a873-5ded-409a-8aae-3d74f1d3bbcd,MEDIA,,,,,,https://aurumprivee.com/product-images/catalog-v2/2b9807cc-ae8e-4f11-b776-c8db7f6dbc9d.webp,Versace Signature Homme by EDT Spray (blue / Silver) 3.3 oz product image,,,,,,,,,,,,,,,,,,,,,,,,,,,,,,,,,,,,,,,,,,,,,,,,,,,,,,,,,,,,,,,,,,,,,,,,,,,,,,,,,,,,,,,,
ap-a6571972-5c5b-4289-ab37-1e5ce854c1fc,PRODUCT,Versace- Eros by,TRUE,An authentic men’s fragrance collection selected for the Aurum Privée collection.,all-fragrances;for-him;woody,all-fragrances,,,,Aurum Privée Edit,125.00,,,,,,,3,FALSE,,,a6571972-5c5b-4289-ab37-1e5ce854c1fc,,,,,,,,,,,,,,,,,,,,,,,,,,,,,,,,,,,,,,,,,,,,,,,,,,,,,,,,,,,,,,,,,,,,,,,,,,
ap-a6571972-5c5b-4289-ab37-1e5ce854c1fc,MEDIA,,,,,,https://aurumprivee.com/product-images/catalog-v2/3e2cb8ea-8986-44a5-8439-8eb7047d339d.webp,Versace- Eros by EDP Spray 3.4 oz product image,,,,,,,,,,,,,,,,,,,,,,,,,,,,,,,,,,,,,,,,,,,,,,,,,,,,,,,,,,,,,,,,,,,,,,,,,,,,,,,,,,,,,,,,
ap-664682be-1009-4d1d-b67b-b8ce0e40bc7a,PRODUCT,Versace- Man Eau Fraiche / EDT Spray (blue),TRUE,An authentic men’s fragrance collection selected for the Aurum Privée collection.,all-fragrances;for-him;woody,all-fragrances,,,,Aurum Privée Edit,92.00,,,,,,,3,FALSE,,,664682be-1009-4d1d-b67b-b8ce0e40bc7a,,,,,,,,,,,,,,,,,,,,,,,,,,,,,,,,,,,,,,,,,,,,,,,,,,,,,,,,,,,,,,,,,,,,,,,,,,
ap-664682be-1009-4d1d-b67b-b8ce0e40bc7a,MEDIA,,,,,,https://aurumprivee.com/product-images/catalog-v2/698c4f6c-19d2-4547-a834-9e8c3be76b55.webp,Versace- Man Eau Fraiche / EDT Spray (blue) 3.3 oz product image,,,,,,,,,,,,,,,,,,,,,,,,,,,,,,,,,,,,,,,,,,,,,,,,,,,,,,,,,,,,,,,,,,,,,,,,,,,,,,,,,,,,,,,,
ap-d815d019-f400-4cce-8269-846bf7265031,PRODUCT,Versace- Man Eau Fraiche / Travel Set,TRUE,An authentic men’s fragrance collection selected for the Aurum Privée collection.,all-fragrances;for-him;woody,all-fragrances,,,,Aurum Privée Edit,90.00,,,,,,,2,FALSE,,,d815d019-f400-4cce-8269-846bf7265031,,,,,,,,,,,,,,,,,,,,,,,,,,,,,,,,,,,,,,,,,,,,,,,,,,,,,,,,,,,,,,,,,,,,,,,,,,
ap-d815d019-f400-4cce-8269-846bf7265031,MEDIA,,,,,,https://aurumprivee.com/product-images/catalog-v2/07d02a8f-2500-4b55-974a-e132760ba0aa.webp,Versace- Man Eau Fraiche / Travel Set product image,,,,,,,,,,,,,,,,,,,,,,,,,,,,,,,,,,,,,,,,,,,,,,,,,,,,,,,,,,,,,,,,,,,,,,,,,,,,,,,,,,,,,,,,
ap-c7c8d2fb-3445-4cd5-a75b-149ac4268014,PRODUCT,Vicky Tiel- Sirene /,TRUE,An authentic women’s fragrance collection selected for the Aurum Privée collection.,all-fragrances;for-her;floral,all-fragrances,,,,Aurum Privée Edit,90.00,,,,,,,1,FALSE,,,c7c8d2fb-3445-4cd5-a75b-149ac4268014,,,,,,,,,,,,,,,,,,,,,,,,,,,,,,,,,,,,,,,,,,,,,,,,,,,,,,,,,,,,,,,,,,,,,,,,,,
ap-c7c8d2fb-3445-4cd5-a75b-149ac4268014,MEDIA,,,,,,https://aurumprivee.com/product-images/catalog-v2/2effec89-b22a-4084-9ceb-21b72fd16c5e.webp,Vicky Tiel- Sirene / EDP Spray 3.3 oz product image,,,,,,,,,,,,,,,,,,,,,,,,,,,,,,,,,,,,,,,,,,,,,,,,,,,,,,,,,,,,,,,,,,,,,,,,,,,,,,,,,,,,,,,,
ap-4e119f17-e0e7-4a59-ba9a-e62542b61a17,PRODUCT,Viktor & Rolf Flowerbomb,TRUE,An authentic women’s fragrance collection selected for the Aurum Privée collection.,all-fragrances;for-her;floral,all-fragrances,,,,Aurum Privée Edit,96.00,,,,,,,2,FALSE,,,4e119f17-e0e7-4a59-ba9a-e62542b61a17,,,,,,,,,,,,,,,,,,,,,,,,,,,,,,,,,,,,,,,,,,,,,,,,,,,,,,,,,,,,,,,,,,,,,,,,,,
ap-4e119f17-e0e7-4a59-ba9a-e62542b61a17,MEDIA,,,,,,https://aurumprivee.com/product-images/catalog-v2/de7c3333-cbf4-4e27-a67b-b01b5b091c1d.webp,Viktor & Rolf Flowerbomb 1.0 oz product image,,,,,,,,,,,,,,,,,,,,,,,,,,,,,,,,,,,,,,,,,,,,,,,,,,,,,,,,,,,,,,,,,,,,,,,,,,,,,,,,,,,,,,,,
ap-4bf58b16-33a7-403c-9213-8bcca3be7012,PRODUCT,Viktor & Rolf Good Fortune EDP 3.0,TRUE,An authentic women’s fragrance collection selected for the Aurum Privée collection.,all-fragrances;for-her;floral,all-fragrances,,,,Aurum Privée Edit,168.00,,,,,,,2,FALSE,,,4bf58b16-33a7-403c-9213-8bcca3be7012,,,,,,,,,,,,,,,,,,,,,,,,,,,,,,,,,,,,,,,,,,,,,,,,,,,,,,,,,,,,,,,,,,,,,,,,,,
ap-4bf58b16-33a7-403c-9213-8bcca3be7012,MEDIA,,,,,,https://aurumprivee.com/product-images/catalog-v2/50da38bc-93b9-41b2-84bb-18d94f5e2015.webp,Viktor & Rolf Good Fortune EDP 3.0 product image,,,,,,,,,,,,,,,,,,,,,,,,,,,,,,,,,,,,,,,,,,,,,,,,,,,,,,,,,,,,,,,,,,,,,,,,,,,,,,,,,,,,,,,,
ap-82129e82-aec2-4f66-8372-6e22599db22d,PRODUCT,"Wallflowers- Japanese Cherry Blossom Refills, 2-Pack",TRUE,An authentic home fragrance refills selected for the Aurum Privée collection.,all-fragrances;unisex;floral,all-fragrances,,,,Aurum Privée Edit,20.00,,,,,,,2,FALSE,,,82129e82-aec2-4f66-8372-6e22599db22d,,,,,,,,,,,,,,,,,,,,,,,,,,,,,,,,,,,,,,,,,,,,,,,,,,,,,,,,,,,,,,,,,,,,,,,,,,
ap-82129e82-aec2-4f66-8372-6e22599db22d,MEDIA,,,,,,https://aurumprivee.com/product-images/catalog-v2/22a341ca-777f-4a8d-b2b6-ef5c623c10fc.webp,"Wallflowers- Japanese Cherry Blossom Refills, 2-Pack product image",,,,,,,,,,,,,,,,,,,,,,,,,,,,,,,,,,,,,,,,,,,,,,,,,,,,,,,,,,,,,,,,,,,,,,,,,,,,,,,,,,,,,,,,
ap-ae0fc07b-7f3c-4b2c-928a-e17cf303ce6e,PRODUCT,"Wallflowers- Lavender Vanilla Refills, 2-Pack",TRUE,An authentic home fragrance refills selected for the Aurum Privée collection.,all-fragrances;unisex;floral,all-fragrances,,,,Aurum Privée Edit,20.00,,,,,,,1,FALSE,,,ae0fc07b-7f3c-4b2c-928a-e17cf303ce6e,,,,,,,,,,,,,,,,,,,,,,,,,,,,,,,,,,,,,,,,,,,,,,,,,,,,,,,,,,,,,,,,,,,,,,,,,,
ap-ae0fc07b-7f3c-4b2c-928a-e17cf303ce6e,MEDIA,,,,,,https://aurumprivee.com/product-images/catalog-v2/83a5231f-7718-4427-bb36-27f033c33cf1.webp,"Wallflowers- Lavender Vanilla Refills, 2-Pack product image",,,,,,,,,,,,,,,,,,,,,,,,,,,,,,,,,,,,,,,,,,,,,,,,,,,,,,,,,,,,,,,,,,,,,,,,,,,,,,,,,,,,,,,,
ap-b5670a5a-f560-467e-8533-90b7ed2235c6,PRODUCT,Yacht Master 1,TRUE,An authentic men’s fragrance collection selected for the Aurum Privée collection.,all-fragrances;for-him;woody,all-fragrances,,,,Aurum Privée Edit,40.00,,,,,,,1,FALSE,,,b5670a5a-f560-467e-8533-90b7ed2235c6,,,,,,,,,,,,,,,,,,,,,,,,,,,,,,,,,,,,,,,,,,,,,,,,,,,,,,,,,,,,,,,,,,,,,,,,,,
ap-b5670a5a-f560-467e-8533-90b7ed2235c6,MEDIA,,,,,,https://aurumprivee.com/product-images/catalog-v2/5b5da585-5b83-4a52-a053-0ce932a335d5.webp,Yacht Master 1 Men 3.4 EDT product image,,,,,,,,,,,,,,,,,,,,,,,,,,,,,,,,,,,,,,,,,,,,,,,,,,,,,,,,,,,,,,,,,,,,,,,,,,,,,,,,,,,,,,,,
ap-8637a4e7-3179-41e0-9426-c8e2eba03a16,PRODUCT,Yacht Master 2,TRUE,An authentic men’s fragrance collection selected for the Aurum Privée collection.,all-fragrances;for-him;woody,all-fragrances,,,,Aurum Privée Edit,40.00,,,,,,,1,FALSE,,,8637a4e7-3179-41e0-9426-c8e2eba03a16,,,,,,,,,,,,,,,,,,,,,,,,,,,,,,,,,,,,,,,,,,,,,,,,,,,,,,,,,,,,,,,,,,,,,,,,,,
ap-8637a4e7-3179-41e0-9426-c8e2eba03a16,MEDIA,,,,,,https://aurumprivee.com/product-images/catalog-v2/5e39a900-8851-4567-a453-1ee3da124162.webp,Yacht Master 2 Men 3.4 EDT product image,,,,,,,,,,,,,,,,,,,,,,,,,,,,,,,,,,,,,,,,,,,,,,,,,,,,,,,,,,,,,,,,,,,,,,,,,,,,,,,,,,,,,,,,
ap-21cd3446-a392-4cb3-96be-776e6bfb83ae,PRODUCT,Yacht Master 4 Meb,TRUE,An authentic men’s fragrance collection selected for the Aurum Privée collection.,all-fragrances;for-him;woody,all-fragrances,,,,Aurum Privée Edit,40.00,,,,,,,1,FALSE,,,21cd3446-a392-4cb3-96be-776e6bfb83ae,,,,,,,,,,,,,,,,,,,,,,,,,,,,,,,,,,,,,,,,,,,,,,,,,,,,,,,,,,,,,,,,,,,,,,,,,,
ap-21cd3446-a392-4cb3-96be-776e6bfb83ae,MEDIA,,,,,,https://aurumprivee.com/product-images/catalog-v2/958b7803-1b0d-4b85-9af7-b0cc7c9b1860.webp,Yacht Master 4 Meb 3.4 EDT product image,,,,,,,,,,,,,,,,,,,,,,,,,,,,,,,,,,,,,,,,,,,,,,,,,,,,,,,,,,,,,,,,,,,,,,,,,,,,,,,,,,,,,,,,
ap-0df3ecc6-a317-43d1-9de3-7082f1a839f2,PRODUCT,Yves Saint Laurent- Black Opium / Ysl,TRUE,An authentic women's fragrance collection selected for the Aurum Privée collection.,all-fragrances;for-her;floral,all-fragrances,,,,Aurum Privée Edit,172.50,,,,,,,3,FALSE,,,0df3ecc6-a317-43d1-9de3-7082f1a839f2,,,,,,,,,,,,,,,,,,,,,,,,,,,,,,,,,,,,,,,,,,,,,,,,,,,,,,,,,,,,,,,,,,,,,,,,,,
ap-0df3ecc6-a317-43d1-9de3-7082f1a839f2,MEDIA,,,,,,https://aurumprivee.com/product-images/catalog-v2/cbc1f5fe-92e1-45a9-a940-058b7b52cd1d.webp,Yves Saint Laurent- Black Opium / Ysl EDP Spray 3.0 oz product image,,,,,,,,,,,,,,,,,,,,,,,,,,,,,,,,,,,,,,,,,,,,,,,,,,,,,,,,,,,,,,,,,,,,,,,,,,,,,,,,,,,,,,,,
ap-55c3da54-9880-45be-a52d-38a40febde60,PRODUCT,Yves Saint Laurent- Paris / Ysl,TRUE,An authentic women’s fragrance collection selected for the Aurum Privée collection.,all-fragrances;for-her;floral,all-fragrances,,,,Aurum Privée Edit,120.00,,,,,,,4,FALSE,,,55c3da54-9880-45be-a52d-38a40febde60,,,,,,,,,,,,,,,,,,,,,,,,,,,,,,,,,,,,,,,,,,,,,,,,,,,,,,,,,,,,,,,,,,,,,,,,,,
ap-55c3da54-9880-45be-a52d-38a40febde60,MEDIA,,,,,,https://aurumprivee.com/product-images/catalog-v2/43cc60cb-a433-4023-8d41-1dab5de16567.webp,Yves Saint Laurent- Paris / Ysl EDT Spray 4.2 oz product image,,,,,,,,,,,,,,,,,,,,,,,,,,,,,,,,,,,,,,,,,,,,,,,,,,,,,,,,,,,,,,,,,,,,,,,,,,,,,,,,,,,,,,,,
ap-fc21def9-1c8f-4a48-9ced-55bf1c2b9df4,PRODUCT,Leau,TRUE,An authentic men’s fragrance collection selected for the Aurum Privée collection.,all-fragrances;for-him;woody,all-fragrances,,,,Azzaro,76.00,,,,,,,5,FALSE,,,fc21def9-1c8f-4a48-9ced-55bf1c2b9df4,,,,,,,,,,,,,,,,,,,,,,,,,,,,,,,,,,,,,,,,,,,,,,,,,,,,,,,,,,,,,,,,,,,,,,,,,,
ap-fc21def9-1c8f-4a48-9ced-55bf1c2b9df4,MEDIA,,,,,,https://aurumprivee.com/product-images/catalog-v2/e7b54351-af59-48bf-adfe-2ec30aaeb919.webp,Azzaro - Leau Pour Homme 3.4  EDT  SP product image,,,,,,,,,,,,,,,,,,,,,,,,,,,,,,,,,,,,,,,,,,,,,,,,,,,,,,,,,,,,,,,,,,,,,,,,,,,,,,,,,,,,,,,,
ap-badf0c59-1f09-4759-8876-9f15ace73aa4,PRODUCT,Men's Wanted,TRUE,An authentic men’s fragrance collection selected for the Aurum Privée collection.,all-fragrances;for-him;woody,all-fragrances,,,,Azzaro,110.00,,,,,,,4,FALSE,,,badf0c59-1f09-4759-8876-9f15ace73aa4,,,,,,,,,,,,,,,,,,,,,,,,,,,,,,,,,,,,,,,,,,,,,,,,,,,,,,,,,,,,,,,,,,,,,,,,,,
ap-badf0c59-1f09-4759-8876-9f15ace73aa4,MEDIA,,,,,,https://aurumprivee.com/product-images/catalog-v2/5d135392-21b0-477d-a8f2-77d9271307de.webp,Azzaro - Men's Wanted Eau de Parfum  3.4 EDP product image,,,,,,,,,,,,,,,,,,,,,,,,,,,,,,,,,,,,,,,,,,,,,,,,,,,,,,,,,,,,,,,,,,,,,,,,,,,,,,,,,,,,,,,,
ap-f68b7423-33ff-44e5-8853-3ebcfc53c75c,PRODUCT,Pour Homme,TRUE,An authentic men’s fragrance collection selected for the Aurum Privée collection.,all-fragrances;for-him;woody,all-fragrances,,,,Azzaro,65.00,,,,,,,2,FALSE,,,f68b7423-33ff-44e5-8853-3ebcfc53c75c,,,,,,,,,,,,,,,,,,,,,,,,,,,,,,,,,,,,,,,,,,,,,,,,,,,,,,,,,,,,,,,,,,,,,,,,,,
ap-f68b7423-33ff-44e5-8853-3ebcfc53c75c,MEDIA,,,,,,https://aurumprivee.com/product-images/catalog-v2/7d6d2c86-e6c7-4082-be86-b7810a4018de.webp,Azzaro - Pour  Homme  1.7  EDT  SP product image,,,,,,,,,,,,,,,,,,,,,,,,,,,,,,,,,,,,,,,,,,,,,,,,,,,,,,,,,,,,,,,,,,,,,,,,,,,,,,,,,,,,,,,,
ap-b932ead6-cf8e-4698-a53b-160940ee1926,PRODUCT,The Most Wanted Intense,TRUE,An authentic men’s fragrance collection selected for the Aurum Privée collection.,all-fragrances;for-him;woody,all-fragrances,,,,Azzaro,155.00,,,,,,,2,FALSE,,,b932ead6-cf8e-4698-a53b-160940ee1926,,,,,,,,,,,,,,,,,,,,,,,,,,,,,,,,,,,,,,,,,,,,,,,,,,,,,,,,,,,,,,,,,,,,,,,,,,
ap-b932ead6-cf8e-4698-a53b-160940ee1926,MEDIA,,,,,,https://aurumprivee.com/product-images/catalog-v2/43e07d3f-08f1-4532-b5c5-c6e29d60d4b5.webp,Azzaro - The Most Wanted Intense 3.4oz EDP SP product image,,,,,,,,,,,,,,,,,,,,,,,,,,,,,,,,,,,,,,,,,,,,,,,,,,,,,,,,,,,,,,,,,,,,,,,,,,,,,,,,,,,,,,,,
ap-49c96e42-f7a3-4b85-9b89-b799741f0c3f,PRODUCT,Twin,TRUE,An authentic women’s fragrance collection selected for the Aurum Privée collection.,all-fragrances;for-her;floral,all-fragrances,,,,Azzaro,65.00,,,,,,,1,FALSE,,,49c96e42-f7a3-4b85-9b89-b799741f0c3f,,,,,,,,,,,,,,,,,,,,,,,,,,,,,,,,,,,,,,,,,,,,,,,,,,,,,,,,,,,,,,,,,,,,,,,,,,
ap-49c96e42-f7a3-4b85-9b89-b799741f0c3f,MEDIA,,,,,,https://aurumprivee.com/product-images/catalog-v2/f89ca6f9-f577-49d8-b10f-5aa6fd3f9f49.webp,Azzaro - Twin Woman  2.7  EDT  SP product image,,,,,,,,,,,,,,,,,,,,,,,,,,,,,,,,,,,,,,,,,,,,,,,,,,,,,,,,,,,,,,,,,,,,,,,,,,,,,,,,,,,,,,,,
ap-82fd953b-4aee-424f-b62c-b4ac999f7e34,PRODUCT,Wanted,TRUE,An authentic men’s fragrance collection selected for the Aurum Privée collection.,all-fragrances;for-him;woody,all-fragrances,,,,Azzaro,110.00,,,,,,,1,FALSE,,,82fd953b-4aee-424f-b62c-b4ac999f7e34,,,,,,,,,,,,,,,,,,,,,,,,,,,,,,,,,,,,,,,,,,,,,,,,,,,,,,,,,,,,,,,,,,,,,,,,,,
ap-82fd953b-4aee-424f-b62c-b4ac999f7e34,MEDIA,,,,,,https://aurumprivee.com/product-images/catalog-v2/7c76d7a6-78e7-4f6d-b412-278381f55936.webp,Azzaro - Wanted Men 3.4 EDP SP product image,,,,,,,,,,,,,,,,,,,,,,,,,,,,,,,,,,,,,,,,,,,,,,,,,,,,,,,,,,,,,,,,,,,,,,,,,,,,,,,,,,,,,,,,
ap-0d4e8def-1505-478f-97a7-94afca75c1f8,PRODUCT,Waikiki Beach Coconut Wallflowers fragrance Refill 0.8 fl,TRUE,An authentic home fragrance refills selected for the Aurum Privée collection.,all-fragrances;unisex;floral,all-fragrances,,,,BBW,12.95,,,,,,,2,FALSE,,,0d4e8def-1505-478f-97a7-94afca75c1f8,,,,,,,,,,,,,,,,,,,,,,,,,,,,,,,,,,,,,,,,,,,,,,,,,,,,,,,,,,,,,,,,,,,,,,,,,,
ap-0d4e8def-1505-478f-97a7-94afca75c1f8,MEDIA,,,,,,https://aurumprivee.com/product-images/catalog-v2/f1b59334-7785-461a-82ba-f8d4fa49aeed.webp,BBW - Waikiki Beach Coconut Wallflowers fragrance Refill 0.8 fl product image,,,,,,,,,,,,,,,,,,,,,,,,,,,,,,,,,,,,,,,,,,,,,,,,,,,,,,,,,,,,,,,,,,,,,,,,,,,,,,,,,,,,,,,,
ap-b4c245a4-f8cf-49d4-a805-a5c2235d2b1a,PRODUCT,Your Turn,TRUE,An authentic unisex fragrance selected for the Aurum Privée collection.,all-fragrances;unisex;fresh,all-fragrances,,,,Billie Eilish,116.00,,,,,,,4,FALSE,,,b4c245a4-f8cf-49d4-a805-a5c2235d2b1a,,,,,,,,,,,,,,,,,,,,,,,,,,,,,,,,,,,,,,,,,,,,,,,,,,,,,,,,,,,,,,,,,,,,,,,,,,
ap-b4c245a4-f8cf-49d4-a805-a5c2235d2b1a,MEDIA,,,,,,https://aurumprivee.com/product-images/catalog-v2/d92262d1-05ae-4338-b8bb-832d0e58730c.webp,Billie Eilish - Your Turn EDP SP 3.4oz product image,,,,,,,,,,,,,,,,,,,,,,,,,,,,,,,,,,,,,,,,,,,,,,,,,,,,,,,,,,,,,,,,,,,,,,,,,,,,,,,,,,,,,,,,
ap-905dfe78-5928-45ff-8927-44ff7dd0d61f,PRODUCT,Fantasy Intense,TRUE,An authentic women’s fragrance collection selected for the Aurum Privée collection.,all-fragrances;for-her;floral,all-fragrances,,,,Britney Spears,60.00,,,,,,,5,FALSE,,,905dfe78-5928-45ff-8927-44ff7dd0d61f,,,,,,,,,,,,,,,,,,,,,,,,,,,,,,,,,,,,,,,,,,,,,,,,,,,,,,,,,,,,,,,,,,,,,,,,,,
ap-905dfe78-5928-45ff-8927-44ff7dd0d61f,MEDIA,,,,,,https://aurumprivee.com/product-images/catalog-v2/abbd9349-fb44-488d-9764-119c92625151.webp,Britney Spears - Fantasy Intense 3.4 EDP product image,,,,,,,,,,,,,,,,,,,,,,,,,,,,,,,,,,,,,,,,,,,,,,,,,,,,,,,,,,,,,,,,,,,,,,,,,,,,,,,,,,,,,,,,
ap-ae90c571-3424-4735-8b6c-bdbd6721ded2,PRODUCT,Fantasy Intimate,TRUE,An authentic women’s fragrance collection selected for the Aurum Privée collection.,all-fragrances;for-her;floral,all-fragrances,,,,Britney Spears,58.50,,,,,,,5,FALSE,,,ae90c571-3424-4735-8b6c-bdbd6721ded2,,,,,,,,,,,,,,,,,,,,,,,,,,,,,,,,,,,,,,,,,,,,,,,,,,,,,,,,,,,,,,,,,,,,,,,,,,
ap-ae90c571-3424-4735-8b6c-bdbd6721ded2,MEDIA,,,,,,https://aurumprivee.com/product-images/catalog-v2/0814fefe-c21f-49bb-b2ae-846470e3e98f.webp,Britney Spears - Fantasy Intimate 3.4 EDP product image,,,,,,,,,,,,,,,,,,,,,,,,,,,,,,,,,,,,,,,,,,,,,,,,,,,,,,,,,,,,,,,,,,,,,,,,,,,,,,,,,,,,,,,,
ap-944d155a-6aad-4660-bc08-0dddbd3d8cb0,PRODUCT,Prerogative,TRUE,An authentic women’s fragrance collection selected for the Aurum Privée collection.,all-fragrances;for-her;floral,all-fragrances,,,,Britney Spears,25.00,,,,,,,5,FALSE,,,944d155a-6aad-4660-bc08-0dddbd3d8cb0,,,,,,,,,,,,,,,,,,,,,,,,,,,,,,,,,,,,,,,,,,,,,,,,,,,,,,,,,,,,,,,,,,,,,,,,,,
ap-944d155a-6aad-4660-bc08-0dddbd3d8cb0,MEDIA,,,,,,https://aurumprivee.com/product-images/catalog-v2/b68a62e1-900a-4cc7-8df0-84ffae9c9779.webp,Britney Spears - Prerogative  1.0  EDP product image,,,,,,,,,,,,,,,,,,,,,,,,,,,,,,,,,,,,,,,,,,,,,,,,,,,,,,,,,,,,,,,,,,,,,,,,,,,,,,,,,,,,,,,,
ap-dcd7db0a-5cd4-4c68-9072-9608784e0d9f,PRODUCT,Brit Sheer /,TRUE,An authentic women’s fragrance collection selected for the Aurum Privée collection.,all-fragrances;for-her;floral,all-fragrances,,,,Burberry,119.00,,,,,,,6,FALSE,,,dcd7db0a-5cd4-4c68-9072-9608784e0d9f,,,,,,,,,,,,,,,,,,,,,,,,,,,,,,,,,,,,,,,,,,,,,,,,,,,,,,,,,,,,,,,,,,,,,,,,,,
ap-dcd7db0a-5cd4-4c68-9072-9608784e0d9f,MEDIA,,,,,,https://aurumprivee.com/product-images/catalog-v2/51623096-8919-4486-a619-cbb50fa34069.webp,Burberry - Brit Sheer / EDT Spray 3.3 oz product image,,,,,,,,,,,,,,,,,,,,,,,,,,,,,,,,,,,,,,,,,,,,,,,,,,,,,,,,,,,,,,,,,,,,,,,,,,,,,,,,,,,,,,,,
ap-95986cc3-725d-42b6-8e54-e3590f22660f,PRODUCT,Classic,TRUE,An authentic women’s fragrance collection selected for the Aurum Privée collection.,all-fragrances;for-her;floral,all-fragrances,,,,Burberry,130.00,,,,,,,3,FALSE,,,95986cc3-725d-42b6-8e54-e3590f22660f,,,,,,,,,,,,,,,,,,,,,,,,,,,,,,,,,,,,,,,,,,,,,,,,,,,,,,,,,,,,,,,,,,,,,,,,,,
ap-95986cc3-725d-42b6-8e54-e3590f22660f,MEDIA,,,,,,https://aurumprivee.com/product-images/catalog-v2/d667830b-c41c-409f-8f3c-abb28c4e3927.webp,Burberry - Classic Woman 3.3 oz EDP SP product image,,,,,,,,,,,,,,,,,,,,,,,,,,,,,,,,,,,,,,,,,,,,,,,,,,,,,,,,,,,,,,,,,,,,,,,,,,,,,,,,,,,,,,,,
ap-15ddf5a4-173a-4ee7-9e67-efe0152b64a1,PRODUCT,Her,TRUE,An authentic women’s fragrance collection selected for the Aurum Privée collection.,all-fragrances;for-her;floral,all-fragrances,,,,Burberry,133.00,,,,,,,1,FALSE,,,15ddf5a4-173a-4ee7-9e67-efe0152b64a1,,,,,,,,,,,,,,,,,,,,,,,,,,,,,,,,,,,,,,,,,,,,,,,,,,,,,,,,,,,,,,,,,,,,,,,,,,
ap-15ddf5a4-173a-4ee7-9e67-efe0152b64a1,MEDIA,,,,,,https://aurumprivee.com/product-images/catalog-v2/49d6abd4-a782-41f5-80e9-d98b91c50ed0.webp,Burberry - Her 3.4 EDT SP product image,,,,,,,,,,,,,,,,,,,,,,,,,,,,,,,,,,,,,,,,,,,,,,,,,,,,,,,,,,,,,,,,,,,,,,,,,,,,,,,,,,,,,,,,
ap-11db407a-b798-43eb-885f-4f7162b05925,PRODUCT,Her EDP Intense,TRUE,An authentic women's fragrance collection selected for the Aurum Privée collection.,all-fragrances;for-her;floral,all-fragrances,,,,Burberry,160.00,,,,,,,1,FALSE,,,11db407a-b798-43eb-885f-4f7162b05925,,,,,,,,,,,,,,,,,,,,,,,,,,,,,,,,,,,,,,,,,,,,,,,,,,,,,,,,,,,,,,,,,,,,,,,,,,
ap-11db407a-b798-43eb-885f-4f7162b05925,MEDIA,,,,,,https://aurumprivee.com/product-images/catalog-v2/e2efdc63-0243-4387-aeff-afac8e3302e7.webp,Burberry - Her EDP Intense SP 3.30z product image,,,,,,,,,,,,,,,,,,,,,,,,,,,,,,,,,,,,,,,,,,,,,,,,,,,,,,,,,,,,,,,,,,,,,,,,,,,,,,,,,,,,,,,,
ap-6d2b35a1-7925-4e20-a8d4-907b4793000d,PRODUCT,Her Elixir,TRUE,An authentic women’s fragrance collection selected for the Aurum Privée collection.,all-fragrances;for-her;floral,all-fragrances,,,,Burberry,105.99,,,,,,,1,FALSE,,,6d2b35a1-7925-4e20-a8d4-907b4793000d,,,,,,,,,,,,,,,,,,,,,,,,,,,,,,,,,,,,,,,,,,,,,,,,,,,,,,,,,,,,,,,,,,,,,,,,,,
ap-6d2b35a1-7925-4e20-a8d4-907b4793000d,MEDIA,,,,,,https://aurumprivee.com/product-images/catalog-v2/472761c0-6b01-44de-84f1-e6bd202792dc.webp,Burberry - Her Elixir  1.7 EDP SP product image,,,,,,,,,,,,,,,,,,,,,,,,,,,,,,,,,,,,,,,,,,,,,,,,,,,,,,,,,,,,,,,,,,,,,,,,,,,,,,,,,,,,,,,,
ap-230f99ef-16aa-4439-8208-887b1b3c3c28,PRODUCT,Her Gift Set,TRUE,An authentic women’s fragrance collection selected for the Aurum Privée collection.,all-fragrances;for-her;floral,all-fragrances,,,,Burberry,170.00,,,,,,,1,FALSE,,,230f99ef-16aa-4439-8208-887b1b3c3c28,,,,,,,,,,,,,,,,,,,,,,,,,,,,,,,,,,,,,,,,,,,,,,,,,,,,,,,,,,,,,,,,,,,,,,,,,,
ap-230f99ef-16aa-4439-8208-887b1b3c3c28,MEDIA,,,,,,https://aurumprivee.com/product-images/catalog-v2/19b8dee2-89ef-40dc-ac83-40e933f98cd1.webp,Burberry - Her Gift Set product image,,,,,,,,,,,,,,,,,,,,,,,,,,,,,,,,,,,,,,,,,,,,,,,,,,,,,,,,,,,,,,,,,,,,,,,,,,,,,,,,,,,,,,,,
ap-6ee1f972-9330-424f-a283-acfa156be05a,PRODUCT,Hero Man,TRUE,An authentic women’s fragrance collection selected for the Aurum Privée collection.,all-fragrances;for-her;floral,all-fragrances,,,,Burberry,167.00,,,,,,,2,FALSE,,,6ee1f972-9330-424f-a283-acfa156be05a,,,,,,,,,,,,,,,,,,,,,,,,,,,,,,,,,,,,,,,,,,,,,,,,,,,,,,,,,,,,,,,,,,,,,,,,,,
ap-6ee1f972-9330-424f-a283-acfa156be05a,MEDIA,,,,,,https://aurumprivee.com/product-images/catalog-v2/ee1d2860-2d50-428b-8413-5b7f890da611.webp,Burberry - Hero Man 5.0 EDT SP product image,,,,,,,,,,,,,,,,,,,,,,,,,,,,,,,,,,,,,,,,,,,,,,,,,,,,,,,,,,,,,,,,,,,,,,,,,,,,,,,,,,,,,,,,
ap-4e5355c9-8d4a-4518-90a1-b04bac96122e,PRODUCT,London Fabric,TRUE,An authentic men’s fragrance collection selected for the Aurum Privée collection.,all-fragrances;for-him;woody,all-fragrances,,,,Burberry,112.00,,,,,,,1,FALSE,,,4e5355c9-8d4a-4518-90a1-b04bac96122e,,,,,,,,,,,,,,,,,,,,,,,,,,,,,,,,,,,,,,,,,,,,,,,,,,,,,,,,,,,,,,,,,,,,,,,,,,
ap-4e5355c9-8d4a-4518-90a1-b04bac96122e,MEDIA,,,,,,https://aurumprivee.com/product-images/catalog-v2/4d47dd43-3e44-4f14-a51e-c72409070764.webp,Burberry - London Fabric Men 3.3 oz EDP SP product image,,,,,,,,,,,,,,,,,,,,,,,,,,,,,,,,,,,,,,,,,,,,,,,,,,,,,,,,,,,,,,,,,,,,,,,,,,,,,,,,,,,,,,,,
ap-e8dd421c-38f2-4022-b186-02d64c71b102,PRODUCT,London Fabric,TRUE,An authentic women’s fragrance collection selected for the Aurum Privée collection.,all-fragrances;for-her;floral,all-fragrances,,,,Burberry,112.00,,,,,,,2,FALSE,,,e8dd421c-38f2-4022-b186-02d64c71b102,,,,,,,,,,,,,,,,,,,,,,,,,,,,,,,,,,,,,,,,,,,,,,,,,,,,,,,,,,,,,,,,,,,,,,,,,,
ap-e8dd421c-38f2-4022-b186-02d64c71b102,MEDIA,,,,,,https://aurumprivee.com/product-images/catalog-v2/64f04bd3-090e-427c-95cd-7f1dd28b25cc.webp,Burberry - London Fabric Woman 3.4 oz EDP SP product image,,,,,,,,,,,,,,,,,,,,,,,,,,,,,,,,,,,,,,,,,,,,,,,,,,,,,,,,,,,,,,,,,,,,,,,,,,,,,,,,,,,,,,,,
ap-5021719a-e044-4726-86bd-2a86aa700c81,PRODUCT,"Men's ""Mr.""",TRUE,An authentic men’s fragrance collection selected for the Aurum Privée collection.,all-fragrances;for-him;woody,all-fragrances,,,,Burberry,140.00,,,,,,,3,FALSE,,,5021719a-e044-4726-86bd-2a86aa700c81,,,,,,,,,,,,,,,,,,,,,,,,,,,,,,,,,,,,,,,,,,,,,,,,,,,,,,,,,,,,,,,,,,,,,,,,,,
ap-5021719a-e044-4726-86bd-2a86aa700c81,MEDIA,,,,,,https://aurumprivee.com/product-images/catalog-v2/202f400b-d1e0-4f1d-a337-3424a2e9cd68.webp,"Burberry - Men's ""Mr."" EDP Spray 3.4 oz product image",,,,,,,,,,,,,,,,,,,,,,,,,,,,,,,,,,,,,,,,,,,,,,,,,,,,,,,,,,,,,,,,,,,,,,,,,,,,,,,,,,,,,,,,
ap-952a65d2-b29b-4e43-bf84-db1511bc0840,PRODUCT,Men's Hero,TRUE,An authentic men’s fragrance collection selected for the Aurum Privée collection.,all-fragrances;for-him;woody,all-fragrances,,,,Burberry,117.00,,,,,,,2,FALSE,,,952a65d2-b29b-4e43-bf84-db1511bc0840,,,,,,,,,,,,,,,,,,,,,,,,,,,,,,,,,,,,,,,,,,,,,,,,,,,,,,,,,,,,,,,,,,,,,,,,,,
ap-952a65d2-b29b-4e43-bf84-db1511bc0840,MEDIA,,,,,,https://aurumprivee.com/product-images/catalog-v2/8928b060-43e4-4f77-9689-905c1cc0b553.webp,Burberry - Men's Hero EDT SP 3.3 oz product image,,,,,,,,,,,,,,,,,,,,,,,,,,,,,,,,,,,,,,,,,,,,,,,,,,,,,,,,,,,,,,,,,,,,,,,,,,,,,,,,,,,,,,,,
ap-361e303b-9766-4f4a-a0a4-497714068d7c,PRODUCT,Mr. Burberry,TRUE,An authentic men’s fragrance collection selected for the Aurum Privée collection.,all-fragrances;for-him;woody,all-fragrances,,,,Burberry,110.00,,,,,,,1,FALSE,,,361e303b-9766-4f4a-a0a4-497714068d7c,,,,,,,,,,,,,,,,,,,,,,,,,,,,,,,,,,,,,,,,,,,,,,,,,,,,,,,,,,,,,,,,,,,,,,,,,,
ap-361e303b-9766-4f4a-a0a4-497714068d7c,MEDIA,,,,,,https://aurumprivee.com/product-images/catalog-v2/8936d4a9-a3ec-4fe2-91a6-ae3db4088d8c.webp,Burberry - Mr. Burberry 1.6 oz product image,,,,,,,,,,,,,,,,,,,,,,,,,,,,,,,,,,,,,,,,,,,,,,,,,,,,,,,,,,,,,,,,,,,,,,,,,,,,,,,,,,,,,,,,
ap-c8cc7125-2200-43c5-bcb7-028ab3e3676c,PRODUCT,Mr. Burberry Indigo,TRUE,An authentic men’s fragrance collection selected for the Aurum Privée collection.,all-fragrances;for-him;woody,all-fragrances,,,,Burberry,75.00,,,,,,,1,FALSE,,,c8cc7125-2200-43c5-bcb7-028ab3e3676c,,,,,,,,,,,,,,,,,,,,,,,,,,,,,,,,,,,,,,,,,,,,,,,,,,,,,,,,,,,,,,,,,,,,,,,,,,
ap-c8cc7125-2200-43c5-bcb7-028ab3e3676c,MEDIA,,,,,,https://aurumprivee.com/product-images/catalog-v2/44e12d9c-ab4d-45ea-8aff-9e3653622e68.webp,Burberry - Mr. Burberry Indigo Men 1.6 EDT SP product image,,,,,,,,,,,,,,,,,,,,,,,,,,,,,,,,,,,,,,,,,,,,,,,,,,,,,,,,,,,,,,,,,,,,,,,,,,,,,,,,,,,,,,,,
ap-eae13325-521e-45e7-bb5c-3d950bb5fab3,PRODUCT,My Burberry,TRUE,An authentic women’s fragrance collection selected for the Aurum Privée collection.,all-fragrances;for-her;floral,all-fragrances,,,,Burberry,155.00,,,,,,,1,FALSE,,,eae13325-521e-45e7-bb5c-3d950bb5fab3,,,,,,,,,,,,,,,,,,,,,,,,,,,,,,,,,,,,,,,,,,,,,,,,,,,,,,,,,,,,,,,,,,,,,,,,,,
ap-eae13325-521e-45e7-bb5c-3d950bb5fab3,MEDIA,,,,,,https://aurumprivee.com/product-images/catalog-v2/9bb50f9d-fa4d-4c10-9f7a-7e5934be9de8.webp,Burberry - My Burberry 3.0 EDP product image,,,,,,,,,,,,,,,,,,,,,,,,,,,,,,,,,,,,,,,,,,,,,,,,,,,,,,,,,,,,,,,,,,,,,,,,,,,,,,,,,,,,,,,,
ap-866cc69b-6230-4c67-b7ab-5e7f3ce0026e,PRODUCT,Man Glacial Essence Eau De Parfum Spray 100 ml/3.4 oz,TRUE,An authentic men’s fragrance collection selected for the Aurum Privée collection.,all-fragrances;for-him;woody,all-fragrances,,,,Bvlgari,125.00,,,,,,,2,FALSE,,,866cc69b-6230-4c67-b7ab-5e7f3ce0026e,,,,,,,,,,,,,,,,,,,,,,,,,,,,,,,,,,,,,,,,,,,,,,,,,,,,,,,,,,,,,,,,,,,,,,,,,,
ap-866cc69b-6230-4c67-b7ab-5e7f3ce0026e,MEDIA,,,,,,https://aurumprivee.com/product-images/catalog-v2/cc7befef-5dcf-4e0f-8e53-f34b6baa44b6.webp,Bvlgari - Man Glacial Essence Eau De Parfum Spray 100 ml/3.4 oz product image,,,,,,,,,,,,,,,,,,,,,,,,,,,,,,,,,,,,,,,,,,,,,,,,,,,,,,,,,,,,,,,,,,,,,,,,,,,,,,,,,,,,,,,,
ap-b568ad56-a1ac-4557-8b5e-4430da52dbc3,PRODUCT,Omnia Coral,TRUE,An authentic women's fragrance collection selected for the Aurum Privée collection.,all-fragrances;for-her;floral,all-fragrances,,,,Bvlgari,145.00,,,,,,,1,FALSE,,,b568ad56-a1ac-4557-8b5e-4430da52dbc3,,,,,,,,,,,,,,,,,,,,,,,,,,,,,,,,,,,,,,,,,,,,,,,,,,,,,,,,,,,,,,,,,,,,,,,,,,
ap-b568ad56-a1ac-4557-8b5e-4430da52dbc3,MEDIA,,,,,,https://aurumprivee.com/product-images/catalog-v2/c906bec4-604d-4c08-a65a-c45c6d05b715.webp,Bvlgari - Omnia Coral 3.4 EDT SP product image,,,,,,,,,,,,,,,,,,,,,,,,,,,,,,,,,,,,,,,,,,,,,,,,,,,,,,,,,,,,,,,,,,,,,,,,,,,,,,,,,,,,,,,,
ap-d2ed8702-1997-40f3-ab51-07b44cf86adb,PRODUCT,Omnia Floral,TRUE,An authentic women’s fragrance collection selected for the Aurum Privée collection.,all-fragrances;for-her;floral,all-fragrances,,,,Bvlgari,105.00,,,,,,,3,FALSE,,,d2ed8702-1997-40f3-ab51-07b44cf86adb,,,,,,,,,,,,,,,,,,,,,,,,,,,,,,,,,,,,,,,,,,,,,,,,,,,,,,,,,,,,,,,,,,,,,,,,,,
ap-d2ed8702-1997-40f3-ab51-07b44cf86adb,MEDIA,,,,,,https://aurumprivee.com/product-images/catalog-v2/887fabe6-96a9-4312-8762-6e1bb5e14922.webp,Bvlgari - Omnia Floral EDP 2.2oz product image,,,,,,,,,,,,,,,,,,,,,,,,,,,,,,,,,,,,,,,,,,,,,,,,,,,,,,,,,,,,,,,,,,,,,,,,,,,,,,,,,,,,,,,,
ap-bbbb0f29-355c-49d0-ace2-f202c875de13,PRODUCT,Rose Goldea Blossom Delight,TRUE,An authentic women’s fragrance collection selected for the Aurum Privée collection.,all-fragrances;for-her;floral,all-fragrances,,,,Bvlgari,120.00,,,,,,,1,FALSE,,,bbbb0f29-355c-49d0-ace2-f202c875de13,,,,,,,,,,,,,,,,,,,,,,,,,,,,,,,,,,,,,,,,,,,,,,,,,,,,,,,,,,,,,,,,,,,,,,,,,,
ap-bbbb0f29-355c-49d0-ace2-f202c875de13,MEDIA,,,,,,https://aurumprivee.com/product-images/catalog-v2/cc8349c6-c5e4-4a5e-8d2f-a1f042fce8e4.webp,Bvlgari - Rose Goldea Blossom Delight EDP Spray 1.7 oz product image,,,,,,,,,,,,,,,,,,,,,,,,,,,,,,,,,,,,,,,,,,,,,,,,,,,,,,,,,,,,,,,,,,,,,,,,,,,,,,,,,,,,,,,,
ap-733b260d-9c3a-465b-af69-f190f862165e,PRODUCT,Splendida Patchouli Tenati on,TRUE,An authentic women’s fragrance collection selected for the Aurum Privée collection.,all-fragrances;for-her;floral,all-fragrances,,,,Bvlgari,105.00,,,,,,,3,FALSE,,,733b260d-9c3a-465b-af69-f190f862165e,,,,,,,,,,,,,,,,,,,,,,,,,,,,,,,,,,,,,,,,,,,,,,,,,,,,,,,,,,,,,,,,,,,,,,,,,,
ap-733b260d-9c3a-465b-af69-f190f862165e,MEDIA,,,,,,https://aurumprivee.com/product-images/catalog-v2/04090064-beff-498f-8dbf-302ea07ee17f.webp,Bvlgari - Splendida Patchouli Tenati on Woman 1.7 EDP SP product image,,,,,,,,,,,,,,,,,,,,,,,,,,,,,,,,,,,,,,,,,,,,,,,,,,,,,,,,,,,,,,,,,,,,,,,,,,,,,,,,,,,,,,,,
ap-7eaaa2d2-3975-4439-be31-0ba068d34783,PRODUCT,Splendida Tubereuse Mystique,TRUE,An authentic women’s fragrance collection selected for the Aurum Privée collection.,all-fragrances;for-her;floral,all-fragrances,,,,Bvlgari,105.00,,,,,,,4,FALSE,,,7eaaa2d2-3975-4439-be31-0ba068d34783,,,,,,,,,,,,,,,,,,,,,,,,,,,,,,,,,,,,,,,,,,,,,,,,,,,,,,,,,,,,,,,,,,,,,,,,,,
ap-7eaaa2d2-3975-4439-be31-0ba068d34783,MEDIA,,,,,,https://aurumprivee.com/product-images/catalog-v2/52d16c2f-fab0-4dda-aad1-752efd73195d.webp,Bvlgari - Splendida Tubereuse Mystique Woman 1.7 EDP SP product image,,,,,,,,,,,,,,,,,,,,,,,,,,,,,,,,,,,,,,,,,,,,,,,,,,,,,,,,,,,,,,,,,,,,,,,,,,,,,,,,,,,,,,,,
ap-d1ec43d4-1484-47d0-a17a-ba65da6a1106,PRODUCT,Terrae Essence,TRUE,An authentic men’s fragrance collection selected for the Aurum Privée collection.,all-fragrances;for-him;woody,all-fragrances,,,,Bvlgari,125.00,,,,,,,2,FALSE,,,d1ec43d4-1484-47d0-a17a-ba65da6a1106,,,,,,,,,,,,,,,,,,,,,,,,,,,,,,,,,,,,,,,,,,,,,,,,,,,,,,,,,,,,,,,,,,,,,,,,,,
ap-d1ec43d4-1484-47d0-a17a-ba65da6a1106,MEDIA,,,,,,https://aurumprivee.com/product-images/catalog-v2/6bc8924b-752b-4957-b685-b128d476c80e.webp,Bvlgari - Terrae Essence 3.4 oz EDP SP product image,,,,,,,,,,,,,,,,,,,,,,,,,,,,,,,,,,,,,,,,,,,,,,,,,,,,,,,,,,,,,,,,,,,,,,,,,,,,,,,,,,,,,,,,
ap-845594cf-721f-44d9-9a64-1b7bb063ac1a,PRODUCT,Amor Amor,TRUE,An authentic women’s fragrance collection selected for the Aurum Privée collection.,all-fragrances;for-her;floral,all-fragrances,,,,Cacharel,102.00,,,,,,,8,FALSE,,,845594cf-721f-44d9-9a64-1b7bb063ac1a,,,,,,,,,,,,,,,,,,,,,,,,,,,,,,,,,,,,,,,,,,,,,,,,,,,,,,,,,,,,,,,,,,,,,,,,,,
ap-845594cf-721f-44d9-9a64-1b7bb063ac1a,MEDIA,,,,,,https://aurumprivee.com/product-images/catalog-v2/28d8a3be-8d80-4ca3-81e5-5d99dd7754bc.webp,Cacharel - Amor Amor 3.3oz EDT SP product image,,,,,,,,,,,,,,,,,,,,,,,,,,,,,,,,,,,,,,,,,,,,,,,,,,,,,,,,,,,,,,,,,,,,,,,,,,,,,,,,,,,,,,,,
ap-0f3a54da-da9d-4d8f-8f96-d5ecc6210557,PRODUCT,Be,TRUE,An authentic men’s fragrance collection selected for the Aurum Privée collection.,all-fragrances;for-him;woody,all-fragrances,,,,Calvin Klein,75.00,,,,,,,1,FALSE,,,0f3a54da-da9d-4d8f-8f96-d5ecc6210557,,,,,,,,,,,,,,,,,,,,,,,,,,,,,,,,,,,,,,,,,,,,,,,,,,,,,,,,,,,,,,,,,,,,,,,,,,
ap-0f3a54da-da9d-4d8f-8f96-d5ecc6210557,MEDIA,,,,,,https://aurumprivee.com/product-images/catalog-v2/0ecea89e-a99a-4a01-b9ab-eb35b7e83104.webp,Calvin Klein - Be 3.4 EDT SP product image,,,,,,,,,,,,,,,,,,,,,,,,,,,,,,,,,,,,,,,,,,,,,,,,,,,,,,,,,,,,,,,,,,,,,,,,,,,,,,,,,,,,,,,,
ap-c54dcac9-5232-4547-b47f-069f31244069,PRODUCT,Escape,TRUE,An authentic women's fragrance collection selected for the Aurum Privée collection.,all-fragrances;for-her;floral,all-fragrances,,,,Calvin Klein,40.45,,,,,,,2,FALSE,,,c54dcac9-5232-4547-b47f-069f31244069,,,,,,,,,,,,,,,,,,,,,,,,,,,,,,,,,,,,,,,,,,,,,,,,,,,,,,,,,,,,,,,,,,,,,,,,,,
ap-c54dcac9-5232-4547-b47f-069f31244069,MEDIA,,,,,,https://aurumprivee.com/product-images/catalog-v2/5b4a3168-6907-4cb8-a426-b9122f1f012f.webp,Calvin Klein - Escape 3.4 EDP SP product image,,,,,,,,,,,,,,,,,,,,,,,,,,,,,,,,,,,,,,,,,,,,,,,,,,,,,,,,,,,,,,,,,,,,,,,,,,,,,,,,,,,,,,,,
ap-ad3c3ba6-b407-478d-a3ab-03c99c17370d,PRODUCT,One Shock Him,TRUE,An authentic men’s fragrance collection selected for the Aurum Privée collection.,all-fragrances;for-him;woody,all-fragrances,,,,Calvin Klein,52.00,,,,,,,1,FALSE,,,ad3c3ba6-b407-478d-a3ab-03c99c17370d,,,,,,,,,,,,,,,,,,,,,,,,,,,,,,,,,,,,,,,,,,,,,,,,,,,,,,,,,,,,,,,,,,,,,,,,,,
ap-ad3c3ba6-b407-478d-a3ab-03c99c17370d,MEDIA,,,,,,https://aurumprivee.com/product-images/catalog-v2/4ab94abb-f2ed-463d-82d1-4aa59be694e8.webp,Calvin Klein - One Shock Him 3.4 EDT SP product image,,,,,,,,,,,,,,,,,,,,,,,,,,,,,,,,,,,,,,,,,,,,,,,,,,,,,,,,,,,,,,,,,,,,,,,,,,,,,,,,,,,,,,,,
ap-f6c3a60c-a77e-499d-965c-b04669fc059e,PRODUCT,"""CH""",TRUE,An authentic men’s fragrance collection selected for the Aurum Privée collection.,all-fragrances;for-him;woody,all-fragrances,,,,Carolina Herrera,125.00,,,,,,,2,FALSE,,,f6c3a60c-a77e-499d-965c-b04669fc059e,,,,,,,,,,,,,,,,,,,,,,,,,,,,,,,,,,,,,,,,,,,,,,,,,,,,,,,,,,,,,,,,,,,,,,,,,,
ap-f6c3a60c-a77e-499d-965c-b04669fc059e,MEDIA,,,,,,https://aurumprivee.com/product-images/catalog-v2/a5b438cf-143f-420c-af05-9d6ddb52500d.webp,"Carolina Herrera - ""CH"" Men 6.7 EDT SP product image",,,,,,,,,,,,,,,,,,,,,,,,,,,,,,,,,,,,,,,,,,,,,,,,,,,,,,,,,,,,,,,,,,,,,,,,,,,,,,,,,,,,,,,,
ap-c0ade387-005a-4613-8ad3-e376f05344c0,PRODUCT,212 VIP Rose,TRUE,An authentic women’s fragrance collection selected for the Aurum Privée collection.,all-fragrances;for-her;floral,all-fragrances,,,,Carolina Herrera,122.00,,,,,,,1,FALSE,,,c0ade387-005a-4613-8ad3-e376f05344c0,,,,,,,,,,,,,,,,,,,,,,,,,,,,,,,,,,,,,,,,,,,,,,,,,,,,,,,,,,,,,,,,,,,,,,,,,,
ap-c0ade387-005a-4613-8ad3-e376f05344c0,MEDIA,,,,,,https://aurumprivee.com/product-images/catalog-v2/9e1a4cdb-73fd-443e-bb11-4b3449bacc65.webp,Carolina Herrera - 212  VIP Rose 2.7  EDP product image,,,,,,,,,,,,,,,,,,,,,,,,,,,,,,,,,,,,,,,,,,,,,,,,,,,,,,,,,,,,,,,,,,,,,,,,,,,,,,,,,,,,,,,,
ap-31e1fb31-bc49-49c8-b43c-1c13ad6ca9e1,PRODUCT,212 Heroes Forever,TRUE,An authentic women’s fragrance collection selected for the Aurum Privée collection.,all-fragrances;for-her;floral,all-fragrances,,,,Carolina Herrera,145.00,,,,,,,1,FALSE,,,31e1fb31-bc49-49c8-b43c-1c13ad6ca9e1,,,,,,,,,,,,,,,,,,,,,,,,,,,,,,,,,,,,,,,,,,,,,,,,,,,,,,,,,,,,,,,,,,,,,,,,,,
ap-31e1fb31-bc49-49c8-b43c-1c13ad6ca9e1,MEDIA,,,,,,https://aurumprivee.com/product-images/catalog-v2/8ae943d1-7fec-4774-be1d-faee47da1954.webp,Carolina Herrera - 212 Heroes Forever  EDP SP 2.7 oz product image,,,,,,,,,,,,,,,,,,,,,,,,,,,,,,,,,,,,,,,,,,,,,,,,,,,,,,,,,,,,,,,,,,,,,,,,,,,,,,,,,,,,,,,,
ap-80b4bc9b-f6be-41db-9a7a-b8a4bb219a02,PRODUCT,212 Heroes Forever Young,TRUE,An authentic men’s fragrance collection selected for the Aurum Privée collection.,all-fragrances;for-him;woody,all-fragrances,,,,Carolina Herrera,110.00,,,,,,,2,FALSE,,,80b4bc9b-f6be-41db-9a7a-b8a4bb219a02,,,,,,,,,,,,,,,,,,,,,,,,,,,,,,,,,,,,,,,,,,,,,,,,,,,,,,,,,,,,,,,,,,,,,,,,,,
ap-80b4bc9b-f6be-41db-9a7a-b8a4bb219a02,MEDIA,,,,,,https://aurumprivee.com/product-images/catalog-v2/39ff5e08-19ca-412b-a8b8-bc4496c95d18.webp,Carolina Herrera - 212 Heroes Forever Young 3.0 oz EDT product image,,,,,,,,,,,,,,,,,,,,,,,,,,,,,,,,,,,,,,,,,,,,,,,,,,,,,,,,,,,,,,,,,,,,,,,,,,,,,,,,,,,,,,,,
ap-eaa906b5-9a21-4f49-ba2e-190475792f9c,PRODUCT,212 VIP Rose,TRUE,An authentic women's fragrance collection selected for the Aurum Privée collection.,all-fragrances;for-her;floral,all-fragrances,,,,Carolina Herrera,127.00,,,,,,,1,FALSE,,,eaa906b5-9a21-4f49-ba2e-190475792f9c,,,,,,,,,,,,,,,,,,,,,,,,,,,,,,,,,,,,,,,,,,,,,,,,,,,,,,,,,,,,,,,,,,,,,,,,,,
ap-eaa906b5-9a21-4f49-ba2e-190475792f9c,MEDIA,,,,,,https://aurumprivee.com/product-images/catalog-v2/94c27369-d313-410f-935a-cb46e8342a75.webp,Carolina Herrera - 212 VIP Rose 2.7 oz EDP SP product image,,,,,,,,,,,,,,,,,,,,,,,,,,,,,,,,,,,,,,,,,,,,,,,,,,,,,,,,,,,,,,,,,,,,,,,,,,,,,,,,,,,,,,,,
ap-9d4133c7-a6d5-4d60-89d8-c6b1e2fe4864,PRODUCT,Bad Boy,TRUE,An authentic men's fragrance collection selected for the Aurum Privée collection.,all-fragrances;for-him;woody,all-fragrances,,,,Carolina Herrera,125.00,,,,,,,2,FALSE,,,9d4133c7-a6d5-4d60-89d8-c6b1e2fe4864,,,,,,,,,,,,,,,,,,,,,,,,,,,,,,,,,,,,,,,,,,,,,,,,,,,,,,,,,,,,,,,,,,,,,,,,,,
ap-9d4133c7-a6d5-4d60-89d8-c6b1e2fe4864,MEDIA,,,,,,https://aurumprivee.com/product-images/catalog-v2/60c8c2c6-036e-483b-99d9-93157b3e5787.webp,Carolina Herrera - Bad Boy 3.4 EDT SP product image,,,,,,,,,,,,,,,,,,,,,,,,,,,,,,,,,,,,,,,,,,,,,,,,,,,,,,,,,,,,,,,,,,,,,,,,,,,,,,,,,,,,,,,,
ap-683ff1de-f6b9-42ec-9d69-4906a3248573,PRODUCT,Bad Boy Cobalt,TRUE,An authentic men's fragrance collection selected for the Aurum Privée collection.,all-fragrances;for-him;woody,all-fragrances,,,,Carolina Herrera,138.00,,,,,,,5,FALSE,,,683ff1de-f6b9-42ec-9d69-4906a3248573,,,,,,,,,,,,,,,,,,,,,,,,,,,,,,,,,,,,,,,,,,,,,,,,,,,,,,,,,,,,,,,,,,,,,,,,,,
ap-683ff1de-f6b9-42ec-9d69-4906a3248573,MEDIA,,,,,,https://aurumprivee.com/product-images/catalog-v2/d34be6d2-00e5-49a7-9acd-69d4a3522a08.webp,Carolina Herrera - Bad Boy Cobalt 3.4 oz/100 ml EDP SP product image,,,,,,,,,,,,,,,,,,,,,,,,,,,,,,,,,,,,,,,,,,,,,,,,,,,,,,,,,,,,,,,,,,,,,,,,,,,,,,,,,,,,,,,,
ap-857581af-c23c-452f-ac05-fb8b9f853839,PRODUCT,Bad Boy Cobalt Elixir 3.4 EDPSP,TRUE,An authentic men's fragrance collection selected for the Aurum Privée collection.,all-fragrances;for-him;woody,all-fragrances,,,,Carolina Herrera,148.00,,,,,,,1,FALSE,,,857581af-c23c-452f-ac05-fb8b9f853839,,,,,,,,,,,,,,,,,,,,,,,,,,,,,,,,,,,,,,,,,,,,,,,,,,,,,,,,,,,,,,,,,,,,,,,,,,
ap-857581af-c23c-452f-ac05-fb8b9f853839,MEDIA,,,,,,https://aurumprivee.com/product-images/catalog-v2/e3574f71-a617-4d47-8cff-fbfabaf4da9d.webp,Carolina Herrera - Bad Boy Cobalt Elixir 3.4 EDPSP product image,,,,,,,,,,,,,,,,,,,,,,,,,,,,,,,,,,,,,,,,,,,,,,,,,,,,,,,,,,,,,,,,,,,,,,,,,,,,,,,,,,,,,,,,
ap-dd82b3d9-77ee-49aa-8f1b-2309bf087ec6,PRODUCT,Bad Boy Gold Fantasy,TRUE,An authentic men’s fragrance collection selected for the Aurum Privée collection.,all-fragrances;for-him;woody,all-fragrances,,,,Carolina Herrera,125.00,,,,,,,1,FALSE,,,dd82b3d9-77ee-49aa-8f1b-2309bf087ec6,,,,,,,,,,,,,,,,,,,,,,,,,,,,,,,,,,,,,,,,,,,,,,,,,,,,,,,,,,,,,,,,,,,,,,,,,,
ap-dd82b3d9-77ee-49aa-8f1b-2309bf087ec6,MEDIA,,,,,,https://aurumprivee.com/product-images/catalog-v2/441b2390-5811-4cb8-a238-b396e7d96601.webp,Carolina Herrera - Bad Boy Gold Fantasy 3.4 EDT SP product image,,,,,,,,,,,,,,,,,,,,,,,,,,,,,,,,,,,,,,,,,,,,,,,,,,,,,,,,,,,,,,,,,,,,,,,,,,,,,,,,,,,,,,,,
ap-6b296844-ee8c-4886-a8fd-46da41c85dcd,PRODUCT,Bad Boy Power Up,TRUE,An authentic men’s fragrance collection selected for the Aurum Privée collection.,all-fragrances;for-him;woody,all-fragrances,,,,Carolina Herrera,79.00,,,,,,,2,FALSE,,,6b296844-ee8c-4886-a8fd-46da41c85dcd,,,,,,,,,,,,,,,,,,,,,,,,,,,,,,,,,,,,,,,,,,,,,,,,,,,,,,,,,,,,,,,,,,,,,,,,,,
ap-6b296844-ee8c-4886-a8fd-46da41c85dcd,MEDIA,,,,,,https://aurumprivee.com/product-images/catalog-v2/44681a42-4caf-46c1-b76f-343ca39867f0.webp,Carolina Herrera - Bad Boy Power Up Men 3.3 EDT SP product image,,,,,,,,,,,,,,,,,,,,,,,,,,,,,,,,,,,,,,,,,,,,,,,,,,,,,,,,,,,,,,,,,,,,,,,,,,,,,,,,,,,,,,,,
ap-b9d9eb97-ad41-489c-bad0-5a9f1391fad2,PRODUCT,Good Girl,TRUE,An authentic women’s fragrance collection selected for the Aurum Privée collection.,all-fragrances;for-her;floral,all-fragrances,,,,Carolina Herrera,125.00,,,,,,,2,FALSE,,,b9d9eb97-ad41-489c-bad0-5a9f1391fad2,,,,,,,,,,,,,,,,,,,,,,,,,,,,,,,,,,,,,,,,,,,,,,,,,,,,,,,,,,,,,,,,,,,,,,,,,,
ap-b9d9eb97-ad41-489c-bad0-5a9f1391fad2,MEDIA,,,,,,https://aurumprivee.com/product-images/catalog-v2/a59e7866-f111-4af5-9c80-276108d95362.webp,Carolina Herrera - Good Girl 2.7 EDP Gift Set product image,,,,,,,,,,,,,,,,,,,,,,,,,,,,,,,,,,,,,,,,,,,,,,,,,,,,,,,,,,,,,,,,,,,,,,,,,,,,,,,,,,,,,,,,
ap-ff1f6857-568a-469d-adca-f2add793d503,PRODUCT,Good Girl 3x20 EDP Travel Spray,TRUE,An authentic women’s fragrance collection selected for the Aurum Privée collection.,all-fragrances;for-her;floral,all-fragrances,,,,Carolina Herrera,125.00,,,,,,,5,FALSE,,,ff1f6857-568a-469d-adca-f2add793d503,,,,,,,,,,,,,,,,,,,,,,,,,,,,,,,,,,,,,,,,,,,,,,,,,,,,,,,,,,,,,,,,,,,,,,,,,,
ap-ff1f6857-568a-469d-adca-f2add793d503,MEDIA,,,,,,https://aurumprivee.com/product-images/catalog-v2/c4f25638-1a47-4be4-bb0d-064da186c33c.webp,Carolina Herrera - Good Girl 3x20 EDP Travel Spray product image,,,,,,,,,,,,,,,,,,,,,,,,,,,,,,,,,,,,,,,,,,,,,,,,,,,,,,,,,,,,,,,,,,,,,,,,,,,,,,,,,,,,,,,,
ap-0ca41bd1-3dc7-4c6b-8c49-706968062b2e,PRODUCT,Good Girl Blush,TRUE,An authentic women’s fragrance collection selected for the Aurum Privée collection.,all-fragrances;for-her;floral,all-fragrances,,,,Carolina Herrera,140.00,,,,,,,4,FALSE,,,0ca41bd1-3dc7-4c6b-8c49-706968062b2e,,,,,,,,,,,,,,,,,,,,,,,,,,,,,,,,,,,,,,,,,,,,,,,,,,,,,,,,,,,,,,,,,,,,,,,,,,
ap-0ca41bd1-3dc7-4c6b-8c49-706968062b2e,MEDIA,,,,,,https://aurumprivee.com/product-images/catalog-v2/234fd148-2851-4307-a9cc-1c65ea49ae09.webp,Carolina Herrera - Good Girl Blush 1.7 oz EDP SP product image,,,,,,,,,,,,,,,,,,,,,,,,,,,,,,,,,,,,,,,,,,,,,,,,,,,,,,,,,,,,,,,,,,,,,,,,,,,,,,,,,,,,,,,,
ap-632a4934-2d95-41a3-a37e-72fc2e7dd514,PRODUCT,Good Girl Blush Elixir,TRUE,An authentic women's fragrance collection selected for the Aurum Privée collection.,all-fragrances;for-her;floral,all-fragrances,,,,Carolina Herrera,170.00,,,,,,,2,FALSE,,,632a4934-2d95-41a3-a37e-72fc2e7dd514,,,,,,,,,,,,,,,,,,,,,,,,,,,,,,,,,,,,,,,,,,,,,,,,,,,,,,,,,,,,,,,,,,,,,,,,,,
ap-632a4934-2d95-41a3-a37e-72fc2e7dd514,MEDIA,,,,,,https://aurumprivee.com/product-images/catalog-v2/10219179-b53d-4e20-bbfe-f736606a8e38.webp,Carolina Herrera - Good Girl Blush Elixir 2.7 EDP SP product image,,,,,,,,,,,,,,,,,,,,,,,,,,,,,,,,,,,,,,,,,,,,,,,,,,,,,,,,,,,,,,,,,,,,,,,,,,,,,,,,,,,,,,,,
ap-67775782-ee46-4a12-8f3b-f1c0812572f0,PRODUCT,Good Girl,TRUE,An authentic women’s fragrance collection selected for the Aurum Privée collection.,all-fragrances;for-her;floral,all-fragrances,,,,Carolina Herrera,145.00,,,,,,,1,FALSE,,,67775782-ee46-4a12-8f3b-f1c0812572f0,,,,,,,,,,,,,,,,,,,,,,,,,,,,,,,,,,,,,,,,,,,,,,,,,,,,,,,,,,,,,,,,,,,,,,,,,,
ap-67775782-ee46-4a12-8f3b-f1c0812572f0,MEDIA,,,,,,https://aurumprivee.com/product-images/catalog-v2/4f5c71f9-b87e-4cf7-a4ac-d9d01d9f0c8f.webp,Carolina Herrera - Good Girl EDP 2.7oz product image,,,,,,,,,,,,,,,,,,,,,,,,,,,,,,,,,,,,,,,,,,,,,,,,,,,,,,,,,,,,,,,,,,,,,,,,,,,,,,,,,,,,,,,,
ap-866724de-cb41-4a0b-be06-3721d4603dd1,PRODUCT,Good Girl Gift Set 2.7,TRUE,An authentic women’s fragrance collection selected for the Aurum Privée collection.,all-fragrances;for-her;floral,all-fragrances,,,,Carolina Herrera,135.00,,,,,,,2,FALSE,,,866724de-cb41-4a0b-be06-3721d4603dd1,,,,,,,,,,,,,,,,,,,,,,,,,,,,,,,,,,,,,,,,,,,,,,,,,,,,,,,,,,,,,,,,,,,,,,,,,,
ap-866724de-cb41-4a0b-be06-3721d4603dd1,MEDIA,,,,,,https://aurumprivee.com/product-images/catalog-v2/fa93716c-625d-4f15-a8df-7dfec8b72546.webp,Carolina Herrera - Good Girl Gift Set 2.7 product image,,,,,,,,,,,,,,,,,,,,,,,,,,,,,,,,,,,,,,,,,,,,,,,,,,,,,,,,,,,,,,,,,,,,,,,,,,,,,,,,,,,,,,,,
ap-8d51952e-3a82-40d3-a427-10710a81c9bd,PRODUCT,Good Girl Legere,TRUE,An authentic women’s fragrance collection selected for the Aurum Privée collection.,all-fragrances;for-her;floral,all-fragrances,,,,Carolina Herrera,155.00,,,,,,,1,FALSE,,,8d51952e-3a82-40d3-a427-10710a81c9bd,,,,,,,,,,,,,,,,,,,,,,,,,,,,,,,,,,,,,,,,,,,,,,,,,,,,,,,,,,,,,,,,,,,,,,,,,,
ap-8d51952e-3a82-40d3-a427-10710a81c9bd,MEDIA,,,,,,https://aurumprivee.com/product-images/catalog-v2/0f03541f-5699-414a-92ff-eedd2283b18c.webp,Carolina Herrera - Good Girl Legere 2.7oz EDP SP product image,,,,,,,,,,,,,,,,,,,,,,,,,,,,,,,,,,,,,,,,,,,,,,,,,,,,,,,,,,,,,,,,,,,,,,,,,,,,,,,,,,,,,,,,
ap-51a47d2d-1855-447d-b58e-7a93793cd0cd,PRODUCT,Men's 212 VIP Black,TRUE,An authentic men’s fragrance collection selected for the Aurum Privée collection.,all-fragrances;for-him;woody,all-fragrances,,,,Carolina Herrera,114.00,,,,,,,3,FALSE,,,51a47d2d-1855-447d-b58e-7a93793cd0cd,,,,,,,,,,,,,,,,,,,,,,,,,,,,,,,,,,,,,,,,,,,,,,,,,,,,,,,,,,,,,,,,,,,,,,,,,,
ap-51a47d2d-1855-447d-b58e-7a93793cd0cd,MEDIA,,,,,,https://aurumprivee.com/product-images/catalog-v2/575ff369-e3d0-467e-875a-079d5dde29e7.webp,Carolina Herrera - Men's 212 VIP Black EDP Spray 3.4 oz product image,,,,,,,,,,,,,,,,,,,,,,,,,,,,,,,,,,,,,,,,,,,,,,,,,,,,,,,,,,,,,,,,,,,,,,,,,,,,,,,,,,,,,,,,
ap-8605bf1a-c632-4920-8756-11767b62c4a7,PRODUCT,Very Good Girl,TRUE,An authentic women’s fragrance collection selected for the Aurum Privée collection.,all-fragrances;for-her;floral,all-fragrances,,,,Carolina Herrera,130.00,,,,,,,1,FALSE,,,8605bf1a-c632-4920-8756-11767b62c4a7,,,,,,,,,,,,,,,,,,,,,,,,,,,,,,,,,,,,,,,,,,,,,,,,,,,,,,,,,,,,,,,,,,,,,,,,,,
ap-8605bf1a-c632-4920-8756-11767b62c4a7,MEDIA,,,,,,https://aurumprivee.com/product-images/catalog-v2/dac7a903-71ac-4325-af48-a4898837b261.webp,Carolina Herrera - Very Good Girl 1.7 oz EDP SP product image,,,,,,,,,,,,,,,,,,,,,,,,,,,,,,,,,,,,,,,,,,,,,,,,,,,,,,,,,,,,,,,,,,,,,,,,,,,,,,,,,,,,,,,,
ap-04462931-f842-4192-94d1-9e07a3cae86d,PRODUCT,Very Good Girl Elixir,TRUE,An authentic women's fragrance collection selected for the Aurum Privée collection.,all-fragrances;for-her;floral,all-fragrances,,,,Carolina Herrera,182.00,,,,,,,5,FALSE,,,04462931-f842-4192-94d1-9e07a3cae86d,,,,,,,,,,,,,,,,,,,,,,,,,,,,,,,,,,,,,,,,,,,,,,,,,,,,,,,,,,,,,,,,,,,,,,,,,,
ap-04462931-f842-4192-94d1-9e07a3cae86d,MEDIA,,,,,,https://aurumprivee.com/product-images/catalog-v2/8c715f50-f1d1-4afc-afef-130aa0a5b16d.webp,Carolina Herrera - Very Good Girl Elixir 2.7 EDP SP product image,,,,,,,,,,,,,,,,,,,,,,,,,,,,,,,,,,,,,,,,,,,,,,,,,,,,,,,,,,,,,,,,,,,,,,,,,,,,,,,,,,,,,,,,
ap-11910c04-d35c-4a87-aedb-c0ea7477e6a8,PRODUCT,Very Good Girl Glam,TRUE,An authentic women’s fragrance collection selected for the Aurum Privée collection.,all-fragrances;for-her;floral,all-fragrances,,,,Carolina Herrera,114.00,,,,,,,2,FALSE,,,11910c04-d35c-4a87-aedb-c0ea7477e6a8,,,,,,,,,,,,,,,,,,,,,,,,,,,,,,,,,,,,,,,,,,,,,,,,,,,,,,,,,,,,,,,,,,,,,,,,,,
ap-11910c04-d35c-4a87-aedb-c0ea7477e6a8,MEDIA,,,,,,https://aurumprivee.com/product-images/catalog-v2/e79c246d-45f9-4f19-be4e-2da4aab3fd9b.webp,Carolina Herrera - Very Good Girl Glam Woman 1.7 Parfum SP product image,,,,,,,,,,,,,,,,,,,,,,,,,,,,,,,,,,,,,,,,,,,,,,,,,,,,,,,,,,,,,,,,,,,,,,,,,,,,,,,,,,,,,,,,
ap-c97247b5-75f0-4e7d-80c5-eb70fdc0d649,PRODUCT,Very Good Girl Glam,TRUE,An authentic women’s fragrance collection selected for the Aurum Privée collection.,all-fragrances;for-her;floral,all-fragrances,,,,Carolina Herrera,135.00,,,,,,,5,FALSE,,,c97247b5-75f0-4e7d-80c5-eb70fdc0d649,,,,,,,,,,,,,,,,,,,,,,,,,,,,,,,,,,,,,,,,,,,,,,,,,,,,,,,,,,,,,,,,,,,,,,,,,,
ap-c97247b5-75f0-4e7d-80c5-eb70fdc0d649,MEDIA,,,,,,https://aurumprivee.com/product-images/catalog-v2/88af4237-a285-4bef-941a-e41b31910c5e.webp,Carolina Herrera - Very Good Girl Glam Woman 2.7 EDP SP product image,,,,,,,,,,,,,,,,,,,,,,,,,,,,,,,,,,,,,,,,,,,,,,,,,,,,,,,,,,,,,,,,,,,,,,,,,,,,,,,,,,,,,,,,
ap-52ef1d66-bbc2-4cfa-8101-c27ddca2408e,PRODUCT,Homme Sport,TRUE,An authentic men's fragrance collection selected for the Aurum Privée collection.,all-fragrances;for-him;woody,all-fragrances,,,,Chanel Allure,174.00,,,,,,,999999,FALSE,,,52ef1d66-bbc2-4cfa-8101-c27ddca2408e,,,,,,,,,,,,,,,,,,,,,,,,,,,,,,,,,,,,,,,,,,,,,,,,,,,,,,,,,,,,,,,,,,,,,,,,,,
ap-52ef1d66-bbc2-4cfa-8101-c27ddca2408e,MEDIA,,,,,,https://aurumprivee.com/product-images/catalog-v2/57696d15-5763-4186-8f8f-2e655741efd9.webp,Chanel Allure  - Homme Sport 5.0 EDT product image,,,,,,,,,,,,,,,,,,,,,,,,,,,,,,,,,,,,,,,,,,,,,,,,,,,,,,,,,,,,,,,,,,,,,,,,,,,,,,,,,,,,,,,,
ap-5a2fa825-1fc0-4d0d-a1d6-3c935bc59cc4,PRODUCT,Love Story,TRUE,An authentic women’s fragrance collection selected for the Aurum Privée collection.,all-fragrances;for-her;floral,all-fragrances,,,,Chloe,135.00,,,,,,,5,FALSE,,,5a2fa825-1fc0-4d0d-a1d6-3c935bc59cc4,,,,,,,,,,,,,,,,,,,,,,,,,,,,,,,,,,,,,,,,,,,,,,,,,,,,,,,,,,,,,,,,,,,,,,,,,,
ap-5a2fa825-1fc0-4d0d-a1d6-3c935bc59cc4,MEDIA,,,,,,https://aurumprivee.com/product-images/catalog-v2/8bd35cb1-a05d-458b-b710-b76190a672eb.webp,Chloe - Love Story Woman EDP Spray 2.5 oz (75 ml) product image,,,,,,,,,,,,,,,,,,,,,,,,,,,,,,,,,,,,,,,,,,,,,,,,,,,,,,,,,,,,,,,,,,,,,,,,,,,,,,,,,,,,,,,,
ap-bce1a747-314e-42bc-a14c-6a4024d8307f,PRODUCT,Nomade,TRUE,An authentic women’s fragrance collection selected for the Aurum Privée collection.,all-fragrances;for-her;floral,all-fragrances,,,,Chloe,147.00,,,,,,,1,FALSE,,,bce1a747-314e-42bc-a14c-6a4024d8307f,,,,,,,,,,,,,,,,,,,,,,,,,,,,,,,,,,,,,,,,,,,,,,,,,,,,,,,,,,,,,,,,,,,,,,,,,,
ap-bce1a747-314e-42bc-a14c-6a4024d8307f,MEDIA,,,,,,https://aurumprivee.com/product-images/catalog-v2/f2da8b60-1493-4eec-8660-aa4d613270e5.webp,Chloe - Nomade 2.5 oz EDP SP product image,,,,,,,,,,,,,,,,,,,,,,,,,,,,,,,,,,,,,,,,,,,,,,,,,,,,,,,,,,,,,,,,,,,,,,,,,,,,,,,,,,,,,,,,
ap-3bd8e6ba-6aa0-4a87-8005-55f1eda767d1,PRODUCT,Nomade Naturelle,TRUE,An authentic women’s fragrance collection selected for the Aurum Privée collection.,all-fragrances;for-her;floral,all-fragrances,,,,Chloe,132.00,,,,,,,3,FALSE,,,3bd8e6ba-6aa0-4a87-8005-55f1eda767d1,,,,,,,,,,,,,,,,,,,,,,,,,,,,,,,,,,,,,,,,,,,,,,,,,,,,,,,,,,,,,,,,,,,,,,,,,,
ap-3bd8e6ba-6aa0-4a87-8005-55f1eda767d1,MEDIA,,,,,,https://aurumprivee.com/product-images/catalog-v2/e6162861-a1ec-4ba1-9abf-9eb44f718098.webp,Chloe - Nomade Naturelle Woman 2.5 EDP SP product image,,,,,,,,,,,,,,,,,,,,,,,,,,,,,,,,,,,,,,,,,,,,,,,,,,,,,,,,,,,,,,,,,,,,,,,,,,,,,,,,,,,,,,,,
ap-d31dfc2e-4a60-4109-8527-8ea5b51da9b6,PRODUCT,Addict,TRUE,An authentic women’s fragrance collection selected for the Aurum Privée collection.,all-fragrances;for-her;floral,all-fragrances,,,,Dior,145.00,,,,,,,2,FALSE,,,d31dfc2e-4a60-4109-8527-8ea5b51da9b6,,,,,,,,,,,,,,,,,,,,,,,,,,,,,,,,,,,,,,,,,,,,,,,,,,,,,,,,,,,,,,,,,,,,,,,,,,
ap-d31dfc2e-4a60-4109-8527-8ea5b51da9b6,MEDIA,,,,,,https://aurumprivee.com/product-images/catalog-v2/378416e9-c033-4eee-a712-9d70f4a6913f.webp,Christian Dior - Addict 3.4 oz EDT SP product image,,,,,,,,,,,,,,,,,,,,,,,,,,,,,,,,,,,,,,,,,,,,,,,,,,,,,,,,,,,,,,,,,,,,,,,,,,,,,,,,,,,,,,,,
ap-86695d68-6d5f-46ee-a6ff-13aeaaba72f9,PRODUCT,Eau Sauvage,TRUE,An authentic men’s fragrance collection selected for the Aurum Privée collection.,all-fragrances;for-him;woody,all-fragrances,,,,Dior,165.00,,,,,,,2,FALSE,,,86695d68-6d5f-46ee-a6ff-13aeaaba72f9,,,,,,,,,,,,,,,,,,,,,,,,,,,,,,,,,,,,,,,,,,,,,,,,,,,,,,,,,,,,,,,,,,,,,,,,,,
ap-86695d68-6d5f-46ee-a6ff-13aeaaba72f9,MEDIA,,,,,,https://aurumprivee.com/product-images/catalog-v2/e589dccf-d8f6-42c4-93e2-e64ce10522f8.webp,Christian Dior - Dior Eau Sauvage 3.4 EDP SP product image,,,,,,,,,,,,,,,,,,,,,,,,,,,,,,,,,,,,,,,,,,,,,,,,,,,,,,,,,,,,,,,,,,,,,,,,,,,,,,,,,,,,,,,,
ap-ad01283d-0b23-4b11-ab11-906921ac345a,PRODUCT,Poison,TRUE,An authentic women’s fragrance collection selected for the Aurum Privée collection.,all-fragrances;for-her;floral,all-fragrances,,,,Dior,165.00,,,,,,,2,FALSE,,,ad01283d-0b23-4b11-ab11-906921ac345a,,,,,,,,,,,,,,,,,,,,,,,,,,,,,,,,,,,,,,,,,,,,,,,,,,,,,,,,,,,,,,,,,,,,,,,,,,
ap-ad01283d-0b23-4b11-ab11-906921ac345a,MEDIA,,,,,,https://aurumprivee.com/product-images/catalog-v2/e44dee25-5b93-46ba-a78e-4600a3c21eb7.webp,Christian Dior - Poison 3.3 oz EDT SP product image,,,,,,,,,,,,,,,,,,,,,,,,,,,,,,,,,,,,,,,,,,,,,,,,,,,,,,,,,,,,,,,,,,,,,,,,,,,,,,,,,,,,,,,,
ap-7bee9ee5-9d71-4267-848d-4216d5694032,PRODUCT,Blue,TRUE,An authentic men's fragrance collection selected for the Aurum Privée collection.,all-fragrances;for-him;woody,all-fragrances,,,,Coach,46.99,,,,,,,1,FALSE,,,7bee9ee5-9d71-4267-848d-4216d5694032,,,,,,,,,,,,,,,,,,,,,,,,,,,,,,,,,,,,,,,,,,,,,,,,,,,,,,,,,,,,,,,,,,,,,,,,,,
ap-7bee9ee5-9d71-4267-848d-4216d5694032,MEDIA,,,,,,https://aurumprivee.com/product-images/catalog-v2/ea0fa039-e3b6-4f36-9cad-de6069f5a422.webp,Coach - Blue  1.3 EDT SP product image,,,,,,,,,,,,,,,,,,,,,,,,,,,,,,,,,,,,,,,,,,,,,,,,,,,,,,,,,,,,,,,,,,,,,,,,,,,,,,,,,,,,,,,,
ap-191d5275-fd02-4154-9dad-079022b5153d,PRODUCT,Blue,TRUE,An authentic men's fragrance collection selected for the Aurum Privée collection.,all-fragrances;for-him;woody,all-fragrances,,,,Coach,105.00,,,,,,,5,FALSE,,,191d5275-fd02-4154-9dad-079022b5153d,,,,,,,,,,,,,,,,,,,,,,,,,,,,,,,,,,,,,,,,,,,,,,,,,,,,,,,,,,,,,,,,,,,,,,,,,,
ap-191d5275-fd02-4154-9dad-079022b5153d,MEDIA,,,,,,https://aurumprivee.com/product-images/catalog-v2/05132270-4d2d-491a-b238-a85f2ffc76f5.webp,Coach - Blue Men 3.3 EDT SP product image,,,,,,,,,,,,,,,,,,,,,,,,,,,,,,,,,,,,,,,,,,,,,,,,,,,,,,,,,,,,,,,,,,,,,,,,,,,,,,,,,,,,,,,,
ap-e6caa0b9-b887-4806-b433-25aca14daebc,PRODUCT,Dreams Moonlight,TRUE,An authentic women's fragrance collection selected for the Aurum Privée collection.,all-fragrances;for-her;floral,all-fragrances,,,,Coach,112.00,,,,,,,1,FALSE,,,e6caa0b9-b887-4806-b433-25aca14daebc,,,,,,,,,,,,,,,,,,,,,,,,,,,,,,,,,,,,,,,,,,,,,,,,,,,,,,,,,,,,,,,,,,,,,,,,,,
ap-e6caa0b9-b887-4806-b433-25aca14daebc,MEDIA,,,,,,https://aurumprivee.com/product-images/catalog-v2/28663ade-b517-4570-ad92-93d5d891f014.webp,Coach - Dreams Moonlight Woman 3.0 EDP SP product image,,,,,,,,,,,,,,,,,,,,,,,,,,,,,,,,,,,,,,,,,,,,,,,,,,,,,,,,,,,,,,,,,,,,,,,,,,,,,,,,,,,,,,,,
ap-9dc9fd64-6e1f-454f-842d-0ca88d281c31,PRODUCT,New York,TRUE,An authentic men’s fragrance collection selected for the Aurum Privée collection.,all-fragrances;for-him;woody,all-fragrances,,,,Coach,175.00,,,,,,,1,FALSE,,,9dc9fd64-6e1f-454f-842d-0ca88d281c31,,,,,,,,,,,,,,,,,,,,,,,,,,,,,,,,,,,,,,,,,,,,,,,,,,,,,,,,,,,,,,,,,,,,,,,,,,
ap-9dc9fd64-6e1f-454f-842d-0ca88d281c31,MEDIA,,,,,,https://aurumprivee.com/product-images/catalog-v2/459940bb-6e32-47ea-9521-389f2d122c5f.webp,Coach - New York EDT SP 6.7 oz (200ml) product image,,,,,,,,,,,,,,,,,,,,,,,,,,,,,,,,,,,,,,,,,,,,,,,,,,,,,,,,,,,,,,,,,,,,,,,,,,,,,,,,,,,,,,,,
ap-4636f3cd-5b05-4cf7-b7b1-c484a1d28872,PRODUCT,Platinum,TRUE,An authentic men's fragrance collection selected for the Aurum Privée collection.,all-fragrances;for-him;woody,all-fragrances,,,,Coach,110.00,,,,,,,4,FALSE,,,4636f3cd-5b05-4cf7-b7b1-c484a1d28872,,,,,,,,,,,,,,,,,,,,,,,,,,,,,,,,,,,,,,,,,,,,,,,,,,,,,,,,,,,,,,,,,,,,,,,,,,
ap-4636f3cd-5b05-4cf7-b7b1-c484a1d28872,MEDIA,,,,,,https://aurumprivee.com/product-images/catalog-v2/dce350f5-59e4-4600-afde-8229a2eadb8d.webp,Coach - Platinum 3.4 EDP SP product image,,,,,,,,,,,,,,,,,,,,,,,,,,,,,,,,,,,,,,,,,,,,,,,,,,,,,,,,,,,,,,,,,,,,,,,,,,,,,,,,,,,,,,,,
ap-66c09dc0-cc21-4cbd-a9f9-c475a1137486,PRODUCT,Aventus Her,TRUE,An authentic men’s fragrance collection selected for the Aurum Privée collection.,all-fragrances;for-her;woody,all-fragrances,,,,Creed,425.00,,,,,,,999999,FALSE,,,66c09dc0-cc21-4cbd-a9f9-c475a1137486,,,,,,,,,,,,,,,,,,,,,,,,,,,,,,,,,,,,,,,,,,,,,,,,,,,,,,,,,,,,,,,,,,,,,,,,,,
ap-66c09dc0-cc21-4cbd-a9f9-c475a1137486,MEDIA,,,,,,https://aurumprivee.com/product-images/catalog-v2/1eaedcf9-7a72-4f05-bbed-4654b112f2eb.webp,Creed - Aventus Her 2.5 oz EDP SP product image,,,,,,,,,,,,,,,,,,,,,,,,,,,,,,,,,,,,,,,,,,,,,,,,,,,,,,,,,,,,,,,,,,,,,,,,,,,,,,,,,,,,,,,,
ap-8c7f0ed0-e964-4fd6-ab4b-1689f89b41c4,PRODUCT,Hypnotic Poison,TRUE,An authentic women’s fragrance collection selected for the Aurum Privée collection.,all-fragrances;for-her;floral,all-fragrances,,,,Dior,130.00,,,,,,,4,FALSE,,,8c7f0ed0-e964-4fd6-ab4b-1689f89b41c4,,,,,,,,,,,,,,,,,,,,,,,,,,,,,,,,,,,,,,,,,,,,,,,,,,,,,,,,,,,,,,,,,,,,,,,,,,
ap-8c7f0ed0-e964-4fd6-ab4b-1689f89b41c4,MEDIA,,,,,,https://aurumprivee.com/product-images/catalog-v2/8c73eb91-b545-4a0a-9fa7-d4ef3c053a7c.webp,Dior - Hypnotic Poison Woman 3.3 EDT SP product image,,,,,,,,,,,,,,,,,,,,,,,,,,,,,,,,,,,,,,,,,,,,,,,,,,,,,,,,,,,,,,,,,,,,,,,,,,,,,,,,,,,,,,,,
ap-2c284022-e716-4daa-86fc-65b44d67b137,PRODUCT,Devotion,TRUE,An authentic women’s fragrance collection selected for the Aurum Privée collection.,all-fragrances;for-her;floral,all-fragrances,,,,Dolce & Gabbana,160.00,,,,,,,1,FALSE,,,2c284022-e716-4daa-86fc-65b44d67b137,,,,,,,,,,,,,,,,,,,,,,,,,,,,,,,,,,,,,,,,,,,,,,,,,,,,,,,,,,,,,,,,,,,,,,,,,,
ap-2c284022-e716-4daa-86fc-65b44d67b137,MEDIA,,,,,,https://aurumprivee.com/product-images/catalog-v2/1afac37c-ff41-430f-9b4d-5ef62ffc79e4.webp,Dolce & Gabbana - Devotion EDP SP 3.4 oz product image,,,,,,,,,,,,,,,,,,,,,,,,,,,,,,,,,,,,,,,,,,,,,,,,,,,,,,,,,,,,,,,,,,,,,,,,,,,,,,,,,,,,,,,,
ap-1a2f9bec-c0ad-4011-82e8-ec7f4c253ab5,PRODUCT,Intenso,TRUE,An authentic men's fragrance collection selected for the Aurum Privée collection.,all-fragrances;for-him;woody,all-fragrances,,,,Dolce & Gabbana,110.00,,,,,,,7,FALSE,,,1a2f9bec-c0ad-4011-82e8-ec7f4c253ab5,,,,,,,,,,,,,,,,,,,,,,,,,,,,,,,,,,,,,,,,,,,,,,,,,,,,,,,,,,,,,,,,,,,,,,,,,,
ap-1a2f9bec-c0ad-4011-82e8-ec7f4c253ab5,MEDIA,,,,,,https://aurumprivee.com/product-images/catalog-v2/48462e7f-6fc5-47fc-a7ce-cf2d580acfa9.webp,Dolce & Gabbana - Intenso 4.23 oz EDP SP product image,,,,,,,,,,,,,,,,,,,,,,,,,,,,,,,,,,,,,,,,,,,,,,,,,,,,,,,,,,,,,,,,,,,,,,,,,,,,,,,,,,,,,,,,
ap-b0b2d28c-3382-428d-a904-5b1353c31c0e,PRODUCT,L'Imperatrice,TRUE,An authentic women's fragrance collection selected for the Aurum Privée collection.,all-fragrances;for-her;floral,all-fragrances,,,,Dolce & Gabbana,85.00,,,,,,,4,FALSE,,,b0b2d28c-3382-428d-a904-5b1353c31c0e,,,,,,,,,,,,,,,,,,,,,,,,,,,,,,,,,,,,,,,,,,,,,,,,,,,,,,,,,,,,,,,,,,,,,,,,,,
ap-b0b2d28c-3382-428d-a904-5b1353c31c0e,MEDIA,,,,,,https://aurumprivee.com/product-images/catalog-v2/80b94b49-ee58-42a3-8abc-10eef93a5cd0.webp,Dolce & Gabbana - L'Imperatrice 3.4 oz EDT SP product image,,,,,,,,,,,,,,,,,,,,,,,,,,,,,,,,,,,,,,,,,,,,,,,,,,,,,,,,,,,,,,,,,,,,,,,,,,,,,,,,,,,,,,,,
ap-8d2b1289-a6fc-4f7a-8a21-90ee7aa176d0,PRODUCT,The One,TRUE,An authentic men’s fragrance collection selected for the Aurum Privée collection.,all-fragrances;for-him;woody,all-fragrances,,,,Dolce & Gabbana,106.00,,,,,,,1,FALSE,,,8d2b1289-a6fc-4f7a-8a21-90ee7aa176d0,,,,,,,,,,,,,,,,,,,,,,,,,,,,,,,,,,,,,,,,,,,,,,,,,,,,,,,,,,,,,,,,,,,,,,,,,,
ap-8d2b1289-a6fc-4f7a-8a21-90ee7aa176d0,MEDIA,,,,,,https://aurumprivee.com/product-images/catalog-v2/b481e0bc-f97e-4fc8-af9a-bf69e1ce5ffc.webp,Dolce & Gabbana - The One EDT 3.4oz product image,,,,,,,,,,,,,,,,,,,,,,,,,,,,,,,,,,,,,,,,,,,,,,,,,,,,,,,,,,,,,,,,,,,,,,,,,,,,,,,,,,,,,,,,
ap-09536687-cdb4-4770-b173-e61383087a5d,PRODUCT,The Only One,TRUE,An authentic women's fragrance collection selected for the Aurum Privée collection.,all-fragrances;for-her;floral,all-fragrances,,,,Dolce & Gabbana,130.00,,,,,,,4,FALSE,,,09536687-cdb4-4770-b173-e61383087a5d,,,,,,,,,,,,,,,,,,,,,,,,,,,,,,,,,,,,,,,,,,,,,,,,,,,,,,,,,,,,,,,,,,,,,,,,,,
ap-09536687-cdb4-4770-b173-e61383087a5d,MEDIA,,,,,,https://aurumprivee.com/product-images/catalog-v2/3325e517-ba08-401c-ba94-649a278e4b79.webp,Dolce & Gabbana - The Only One 3.4 oz EDP SP product image,,,,,,,,,,,,,,,,,,,,,,,,,,,,,,,,,,,,,,,,,,,,,,,,,,,,,,,,,,,,,,,,,,,,,,,,,,,,,,,,,,,,,,,,
ap-b16d2142-1bda-428b-8205-7febd84f6907,PRODUCT,Le Parfum in White ED,TRUE,An authentic women's fragrance collection selected for the Aurum Privée collection.,all-fragrances;for-her;floral,all-fragrances,,,,Elie Saab,120.00,,,,,,,1,FALSE,,,b16d2142-1bda-428b-8205-7febd84f6907,,,,,,,,,,,,,,,,,,,,,,,,,,,,,,,,,,,,,,,,,,,,,,,,,,,,,,,,,,,,,,,,,,,,,,,,,,
ap-b16d2142-1bda-428b-8205-7febd84f6907,MEDIA,,,,,,https://aurumprivee.com/product-images/catalog-v2/51fea765-9c28-4234-8987-17fd0f1664a2.webp,Elie Saab - Le Parfum in White ED SP 3.0oz product image,,,,,,,,,,,,,,,,,,,,,,,,,,,,,,,,,,,,,,,,,,,,,,,,,,,,,,,,,,,,,,,,,,,,,,,,,,,,,,,,,,,,,,,,
ap-bbc761b6-e436-45d5-955e-0a1a590f9831,PRODUCT,Le Parfum Royal,TRUE,An authentic women's fragrance collection selected for the Aurum Privée collection.,all-fragrances;for-her;floral,all-fragrances,,,,Elie Saab,132.00,,,,,,,4,FALSE,,,bbc761b6-e436-45d5-955e-0a1a590f9831,,,,,,,,,,,,,,,,,,,,,,,,,,,,,,,,,,,,,,,,,,,,,,,,,,,,,,,,,,,,,,,,,,,,,,,,,,
ap-bbc761b6-e436-45d5-955e-0a1a590f9831,MEDIA,,,,,,https://aurumprivee.com/product-images/catalog-v2/b3df38e9-0855-4fd2-9ced-b9451ef3fc8c.webp,Elie Saab - Le Parfum Royal 3.0 oz EDP SP product image,,,,,,,,,,,,,,,,,,,,,,,,,,,,,,,,,,,,,,,,,,,,,,,,,,,,,,,,,,,,,,,,,,,,,,,,,,,,,,,,,,,,,,,,
ap-1ac7f96d-9e9b-4a5a-91fd-140fe0e7edcd,PRODUCT,Forever Elizabeth by,TRUE,An authentic women’s fragrance collection selected for the Aurum Privée collection.,all-fragrances;for-her;floral,all-fragrances,,,,Elizabeth Taylor,60.00,,,,,,,999999,FALSE,,,1ac7f96d-9e9b-4a5a-91fd-140fe0e7edcd,,,,,,,,,,,,,,,,,,,,,,,,,,,,,,,,,,,,,,,,,,,,,,,,,,,,,,,,,,,,,,,,,,,,,,,,,,
ap-1ac7f96d-9e9b-4a5a-91fd-140fe0e7edcd,MEDIA,,,,,,https://aurumprivee.com/product-images/catalog-v2/9a595dee-06c4-47bd-a9b2-211b48279add.webp,Elizabeth Taylor - Forever Elizabeth by EDP Spray 3.3oz product image,,,,,,,,,,,,,,,,,,,,,,,,,,,,,,,,,,,,,,,,,,,,,,,,,,,,,,,,,,,,,,,,,,,,,,,,,,,,,,,,,,,,,,,,
ap-1265dc12-f173-44a0-a8f7-2085078439f2,PRODUCT,White Diamond,TRUE,An authentic women's fragrance collection collection selected for the Aurum Privée collection.,all-fragrances;for-her;floral,all-fragrances,,,,Elizabeth Taylor,42.50,,,,,,,4,FALSE,,,1265dc12-f173-44a0-a8f7-2085078439f2,,,,,,,,,,,,,,,,,,,,,,,,,,,,,,,,,,,,,,,,,,,,,,,,,,,,,,,,,,,,,,,,,,,,,,,,,,
ap-1265dc12-f173-44a0-a8f7-2085078439f2,MEDIA,,,,,,https://aurumprivee.com/product-images/catalog-v2/006d2777-e368-4770-b2be-137c1b2bd4dc.webp,Elizabeth Taylor - White Diamond 3.3 EDT SP Gift Set product image,,,,,,,,,,,,,,,,,,,,,,,,,,,,,,,,,,,,,,,,,,,,,,,,,,,,,,,,,,,,,,,,,,,,,,,,,,,,,,,,,,,,,,,,
ap-dbada49b-a13d-4e65-b076-bd92f16258e7,PRODUCT,Magnetism,TRUE,An authentic women’s fragrance collection selected for the Aurum Privée collection.,all-fragrances;for-her;floral,all-fragrances,,,,Escada,95.00,,,,,,,1,FALSE,,,dbada49b-a13d-4e65-b076-bd92f16258e7,,,,,,,,,,,,,,,,,,,,,,,,,,,,,,,,,,,,,,,,,,,,,,,,,,,,,,,,,,,,,,,,,,,,,,,,,,
ap-dbada49b-a13d-4e65-b076-bd92f16258e7,MEDIA,,,,,,https://aurumprivee.com/product-images/catalog-v2/5e4fde97-d6c5-497d-9467-57fc1f6b47d1.webp,Escada - Magnetism 2.5oz EDP SP product image,,,,,,,,,,,,,,,,,,,,,,,,,,,,,,,,,,,,,,,,,,,,,,,,,,,,,,,,,,,,,,,,,,,,,,,,,,,,,,,,,,,,,,,,
ap-f4f88504-156b-4de8-b1d7-355e56b7f07d,PRODUCT,2 x,TRUE,An authentic men’s fragrance collection selected for the Aurum Privée collection.,all-fragrances;for-him;woody,all-fragrances,,,,Ferrari Black Refill Hard Case,26.08,,,,,,,2,FALSE,,,f4f88504-156b-4de8-b1d7-355e56b7f07d,,,,,,,,,,,,,,,,,,,,,,,,,,,,,,,,,,,,,,,,,,,,,,,,,,,,,,,,,,,,,,,,,,,,,,,,,,
ap-f4f88504-156b-4de8-b1d7-355e56b7f07d,MEDIA,,,,,,https://aurumprivee.com/product-images/catalog-v2/fd3ded32-df1a-4239-977e-35e8b8fa119f.webp,Ferrari Black Refill Hard Case - 2 x 0.8 oz EDT Spray (Refill) product image,,,,,,,,,,,,,,,,,,,,,,,,,,,,,,,,,,,,,,,,,,,,,,,,,,,,,,,,,,,,,,,,,,,,,,,,,,,,,,,,,,,,,,,,
ap-b74fb545-ab12-4643-8aba-a40f2b0e722b,PRODUCT,Prive For King II Private Perfume,TRUE,An authentic men's fragrance collection selected for the Aurum Privée collection.,all-fragrances;for-him;woody,all-fragrances,,,,Geparlys,85.00,,,,,,,13,FALSE,,,b74fb545-ab12-4643-8aba-a40f2b0e722b,,,,,,,,,,,,,,,,,,,,,,,,,,,,,,,,,,,,,,,,,,,,,,,,,,,,,,,,,,,,,,,,,,,,,,,,,,
ap-b74fb545-ab12-4643-8aba-a40f2b0e722b,MEDIA,,,,,,https://aurumprivee.com/product-images/catalog-v2/d4854821-a913-4db4-9d2e-c365ab70bf08.webp,Geparlys - Prive For King II Private Perfume 3.4 EDP SP product image,,,,,,,,,,,,,,,,,,,,,,,,,,,,,,,,,,,,,,,,,,,,,,,,,,,,,,,,,,,,,,,,,,,,,,,,,,,,,,,,,,,,,,,,
ap-e322c2af-8e9b-4041-a421-a3939bd70a46,PRODUCT,Acqua Di Gio,TRUE,An authentic men's fragrance collection selected for the Aurum Privée collection.,all-fragrances;for-him;woody,all-fragrances,,,,Giorgio Armani,115.00,,,,,,,5,FALSE,,,e322c2af-8e9b-4041-a421-a3939bd70a46,,,,,,,,,,,,,,,,,,,,,,,,,,,,,,,,,,,,,,,,,,,,,,,,,,,,,,,,,,,,,,,,,,,,,,,,,,
ap-e322c2af-8e9b-4041-a421-a3939bd70a46,MEDIA,,,,,,https://aurumprivee.com/product-images/catalog-v2/2fcf1db9-69b5-4a65-a809-50871cfc3ec6.webp,Giorgio Armani - Acqua Di Gio 3.4 EDT SP product image,,,,,,,,,,,,,,,,,,,,,,,,,,,,,,,,,,,,,,,,,,,,,,,,,,,,,,,,,,,,,,,,,,,,,,,,,,,,,,,,,,,,,,,,
ap-53bdf8cc-898a-4865-bfd4-48a6022eec17,PRODUCT,Si Passione Intense,TRUE,An authentic women’s fragrance collection selected for the Aurum Privée collection.,all-fragrances;for-her;floral,all-fragrances,,,,Giorgio Armani,136.00,,,,,,,1,FALSE,,,53bdf8cc-898a-4865-bfd4-48a6022eec17,,,,,,,,,,,,,,,,,,,,,,,,,,,,,,,,,,,,,,,,,,,,,,,,,,,,,,,,,,,,,,,,,,,,,,,,,,
ap-53bdf8cc-898a-4865-bfd4-48a6022eec17,MEDIA,,,,,,https://aurumprivee.com/product-images/catalog-v2/27d5d192-ca4e-44c8-844b-6bd56eab1cb6.webp,Giorgio Armani - Armani Si  Passione Intense  3.4  EDP SP product image,,,,,,,,,,,,,,,,,,,,,,,,,,,,,,,,,,,,,,,,,,,,,,,,,,,,,,,,,,,,,,,,,,,,,,,,,,,,,,,,,,,,,,,,
ap-f079a3b5-642b-4c59-9687-2d0507cb4b01,PRODUCT,"Emporio ""She""",TRUE,An authentic women’s fragrance collection selected for the Aurum Privée collection.,all-fragrances;for-her;floral,all-fragrances,,,,Giorgio Armani,90.00,,,,,,,3,FALSE,,,f079a3b5-642b-4c59-9687-2d0507cb4b01,,,,,,,,,,,,,,,,,,,,,,,,,,,,,,,,,,,,,,,,,,,,,,,,,,,,,,,,,,,,,,,,,,,,,,,,,,
ap-f079a3b5-642b-4c59-9687-2d0507cb4b01,MEDIA,,,,,,https://aurumprivee.com/product-images/catalog-v2/bf8bb360-1d0f-458e-9cdf-6f5d8ac7a28c.webp,"Giorgio Armani - Emporio ""She"" 1.7 EDP SP product image",,,,,,,,,,,,,,,,,,,,,,,,,,,,,,,,,,,,,,,,,,,,,,,,,,,,,,,,,,,,,,,,,,,,,,,,,,,,,,,,,,,,,,,,
ap-9f81cb26-4884-412d-901c-7bf46b5039f0,PRODUCT,"Emporio Men ""He""",TRUE,An authentic men’s fragrance collection selected for the Aurum Privée collection.,all-fragrances;for-him;woody,all-fragrances,,,,Giorgio Armani,114.00,,,,,,,5,FALSE,,,9f81cb26-4884-412d-901c-7bf46b5039f0,,,,,,,,,,,,,,,,,,,,,,,,,,,,,,,,,,,,,,,,,,,,,,,,,,,,,,,,,,,,,,,,,,,,,,,,,,
ap-9f81cb26-4884-412d-901c-7bf46b5039f0,MEDIA,,,,,,https://aurumprivee.com/product-images/catalog-v2/bc8d74af-7a07-4148-91f8-9ee52a035b6c.webp,"Giorgio Armani - Emporio Men ""He"" EDT Spray 3.4 oz (50ml) product image",,,,,,,,,,,,,,,,,,,,,,,,,,,,,,,,,,,,,,,,,,,,,,,,,,,,,,,,,,,,,,,,,,,,,,,,,,,,,,,,,,,,,,,,
ap-2b65434a-f471-4bc2-b81c-8daad0152513,PRODUCT,Emporio Stronger with you EDT SP 1.7,TRUE,An authentic men's fragrance collection selected for the Aurum Privée collection.,all-fragrances;for-him;woody,all-fragrances,,,,Giorgio Armani,89.00,,,,,,,1,FALSE,,,2b65434a-f471-4bc2-b81c-8daad0152513,,,,,,,,,,,,,,,,,,,,,,,,,,,,,,,,,,,,,,,,,,,,,,,,,,,,,,,,,,,,,,,,,,,,,,,,,,
ap-2b65434a-f471-4bc2-b81c-8daad0152513,MEDIA,,,,,,https://aurumprivee.com/product-images/catalog-v2/381508f4-f068-4e9f-81e4-fe1c9fd69e26.webp,Giorgio Armani - Emporio Stronger with you EDT SP 1.7 product image,,,,,,,,,,,,,,,,,,,,,,,,,,,,,,,,,,,,,,,,,,,,,,,,,,,,,,,,,,,,,,,,,,,,,,,,,,,,,,,,,,,,,,,,
ap-fff6fd3a-00b4-4c08-aef6-27fceca64bc6,PRODUCT,Si Passione Eclat,TRUE,An authentic women’s fragrance collection selected for the Aurum Privée collection.,all-fragrances;for-her;floral,all-fragrances,,,,Giorgio Armani,120.00,,,,,,,4,FALSE,,,fff6fd3a-00b4-4c08-aef6-27fceca64bc6,,,,,,,,,,,,,,,,,,,,,,,,,,,,,,,,,,,,,,,,,,,,,,,,,,,,,,,,,,,,,,,,,,,,,,,,,,
ap-fff6fd3a-00b4-4c08-aef6-27fceca64bc6,MEDIA,,,,,,https://aurumprivee.com/product-images/catalog-v2/d5e1b9dc-f2d0-4cd8-82a6-22695d5d5981.webp,Giorgio Armani - Si Passione Eclat 1.7 oz EDP SP product image,,,,,,,,,,,,,,,,,,,,,,,,,,,,,,,,,,,,,,,,,,,,,,,,,,,,,,,,,,,,,,,,,,,,,,,,,,,,,,,,,,,,,,,,
ap-11c6b1da-984c-4726-b6ff-c25edca94ead,PRODUCT,Si Passione,TRUE,An authentic women’s fragrance collection selected for the Aurum Privée collection.,all-fragrances;for-her;floral,all-fragrances,,,,Giorgio Armani,158.00,,,,,,,2,FALSE,,,11c6b1da-984c-4726-b6ff-c25edca94ead,,,,,,,,,,,,,,,,,,,,,,,,,,,,,,,,,,,,,,,,,,,,,,,,,,,,,,,,,,,,,,,,,,,,,,,,,,
ap-11c6b1da-984c-4726-b6ff-c25edca94ead,MEDIA,,,,,,https://aurumprivee.com/product-images/catalog-v2/a5a1458c-2855-47f0-a422-eabaeb0c1975.webp,Giorgio Armani - Si Passione Woman 3.4 EDP SP product image,,,,,,,,,,,,,,,,,,,,,,,,,,,,,,,,,,,,,,,,,,,,,,,,,,,,,,,,,,,,,,,,,,,,,,,,,,,,,,,,,,,,,,,,
ap-ec898aff-3267-4afa-8dd9-e259236f79d7,PRODUCT,Stronger with you absolutely EDP 50ml,TRUE,<p>Emporio Armani Stronger with you absolutely EDP 50ml</p>,all-fragrances;unisex;woody,all-fragrances,,,,Giorgio Armani,120.00,,,,,,,1,FALSE,,,ec898aff-3267-4afa-8dd9-e259236f79d7,,,,,,,,,,,,,,,,,,,,,,,,,,,,,,,,,,,,,,,,,,,,,,,,,,,,,,,,,,,,,,,,,,,,,,,,,,
ap-ec898aff-3267-4afa-8dd9-e259236f79d7,MEDIA,,,,,,https://aurumprivee.com/product-images/catalog-v2/e3d41ae7-ecf9-46d6-8987-e2238e2a7e09.webp,Giorgio Armani - Stronger with you absolutely EDP 50ml product image,,,,,,,,,,,,,,,,,,,,,,,,,,,,,,,,,,,,,,,,,,,,,,,,,,,,,,,,,,,,,,,,,,,,,,,,,,,,,,,,,,,,,,,,
ap-256eb4e4-a976-4c83-9794-357e8de65319,PRODUCT,Wings,TRUE,An authentic men’s fragrance collection selected for the Aurum Privée collection.,all-fragrances;for-him;woody,all-fragrances,,,,Giorgio Beverly Hills,55.00,,,,,,,1,FALSE,,,256eb4e4-a976-4c83-9794-357e8de65319,,,,,,,,,,,,,,,,,,,,,,,,,,,,,,,,,,,,,,,,,,,,,,,,,,,,,,,,,,,,,,,,,,,,,,,,,,
ap-256eb4e4-a976-4c83-9794-357e8de65319,MEDIA,,,,,,https://aurumprivee.com/product-images/catalog-v2/f3c8a8db-eeaa-4250-a318-fe259b83223d.webp,Giorgio Beverly Hills - Wings Men 3.4 EDT SP product image,,,,,,,,,,,,,,,,,,,,,,,,,,,,,,,,,,,,,,,,,,,,,,,,,,,,,,,,,,,,,,,,,,,,,,,,,,,,,,,,,,,,,,,,
ap-9ce50ac9-1737-4576-9ec0-7160ddb4e24d,PRODUCT,"""Pi""",TRUE,An authentic men’s fragrance collection selected for the Aurum Privée collection.,all-fragrances;for-him;woody,all-fragrances,,,,Givenchy,108.00,,,,,,,3,FALSE,,,9ce50ac9-1737-4576-9ec0-7160ddb4e24d,,,,,,,,,,,,,,,,,,,,,,,,,,,,,,,,,,,,,,,,,,,,,,,,,,,,,,,,,,,,,,,,,,,,,,,,,,
ap-9ce50ac9-1737-4576-9ec0-7160ddb4e24d,MEDIA,,,,,,https://aurumprivee.com/product-images/catalog-v2/d5d2d851-b112-4340-8e62-fa700da31b5c.webp,"Givenchy - ""Pi"" Men 3.3 EDT SP product image",,,,,,,,,,,,,,,,,,,,,,,,,,,,,,,,,,,,,,,,,,,,,,,,,,,,,,,,,,,,,,,,,,,,,,,,,,,,,,,,,,,,,,,,
ap-fffc9164-f70c-4c1d-8a77-aa429b469a07,PRODUCT,Dahlia Divin Eau Initiale,TRUE,An authentic women’s fragrance collection selected for the Aurum Privée collection.,all-fragrances;for-her;floral,all-fragrances,,,,Givenchy,69.00,,,,,,,1,FALSE,,,fffc9164-f70c-4c1d-8a77-aa429b469a07,,,,,,,,,,,,,,,,,,,,,,,,,,,,,,,,,,,,,,,,,,,,,,,,,,,,,,,,,,,,,,,,,,,,,,,,,,
ap-fffc9164-f70c-4c1d-8a77-aa429b469a07,MEDIA,,,,,,https://aurumprivee.com/product-images/catalog-v2/2cece83d-154b-406a-a021-204592173ebb.webp,Givenchy - Dahlia Divin Eau Initiale 2.5 EDT SP product image,,,,,,,,,,,,,,,,,,,,,,,,,,,,,,,,,,,,,,,,,,,,,,,,,,,,,,,,,,,,,,,,,,,,,,,,,,,,,,,,,,,,,,,,
ap-69b89a41-9c60-4859-b78c-ce10b77242c1,PRODUCT,Dahlia Divin Nude,TRUE,An authentic women’s fragrance collection selected for the Aurum Privée collection.,all-fragrances;for-her;floral,all-fragrances,,,,Givenchy,115.00,,,,,,,3,FALSE,,,69b89a41-9c60-4859-b78c-ce10b77242c1,,,,,,,,,,,,,,,,,,,,,,,,,,,,,,,,,,,,,,,,,,,,,,,,,,,,,,,,,,,,,,,,,,,,,,,,,,
ap-69b89a41-9c60-4859-b78c-ce10b77242c1,MEDIA,,,,,,https://aurumprivee.com/product-images/catalog-v2/b14521f6-4ec3-48ee-ab1a-306d61aa5180.webp,Givenchy - Dahlia Divin Nude 2.5 EDP SP product image,,,,,,,,,,,,,,,,,,,,,,,,,,,,,,,,,,,,,,,,,,,,,,,,,,,,,,,,,,,,,,,,,,,,,,,,,,,,,,,,,,,,,,,,
ap-69e35d1d-7b4d-4c45-8c8d-c0d8bbb897e7,PRODUCT,Gentleman,TRUE,An authentic women’s fragrance collection selected for the Aurum Privée collection.,all-fragrances;for-her;floral,all-fragrances,,,,Givenchy,124.00,,,,,,,3,FALSE,,,69e35d1d-7b4d-4c45-8c8d-c0d8bbb897e7,,,,,,,,,,,,,,,,,,,,,,,,,,,,,,,,,,,,,,,,,,,,,,,,,,,,,,,,,,,,,,,,,,,,,,,,,,
ap-69e35d1d-7b4d-4c45-8c8d-c0d8bbb897e7,MEDIA,,,,,,https://aurumprivee.com/product-images/catalog-v2/b9d0f6ac-c3ec-4b21-a83c-66ecd610eefd.webp,Givenchy - Gentleman 3.3 EDP SP product image,,,,,,,,,,,,,,,,,,,,,,,,,,,,,,,,,,,,,,,,,,,,,,,,,,,,,,,,,,,,,,,,,,,,,,,,,,,,,,,,,,,,,,,,
ap-d0a60d9d-0223-4ad5-915c-a154274115fc,PRODUCT,Gentleman Boisee,TRUE,An authentic men’s fragrance collection selected for the Aurum Privée collection.,all-fragrances;for-him;woody,all-fragrances,,,,Givenchy,105.00,,,,,,,1,FALSE,,,d0a60d9d-0223-4ad5-915c-a154274115fc,,,,,,,,,,,,,,,,,,,,,,,,,,,,,,,,,,,,,,,,,,,,,,,,,,,,,,,,,,,,,,,,,,,,,,,,,,
ap-d0a60d9d-0223-4ad5-915c-a154274115fc,MEDIA,,,,,,https://aurumprivee.com/product-images/catalog-v2/18bcc205-f02a-4a5f-baa9-f030110776f9.webp,Givenchy - Gentleman Boisee Men 2.0 EDP SP product image,,,,,,,,,,,,,,,,,,,,,,,,,,,,,,,,,,,,,,,,,,,,,,,,,,,,,,,,,,,,,,,,,,,,,,,,,,,,,,,,,,,,,,,,
ap-2fef8cb6-ee44-4263-b546-cf22f036118a,PRODUCT,Gentleman Extreme,TRUE,An authentic men's fragrance collection selected for the Aurum Privée collection.,all-fragrances;for-him;woody,all-fragrances,,,,Givenchy,116.00,,,,,,,3,FALSE,,,2fef8cb6-ee44-4263-b546-cf22f036118a,,,,,,,,,,,,,,,,,,,,,,,,,,,,,,,,,,,,,,,,,,,,,,,,,,,,,,,,,,,,,,,,,,,,,,,,,,
ap-2fef8cb6-ee44-4263-b546-cf22f036118a,MEDIA,,,,,,https://aurumprivee.com/product-images/catalog-v2/0eab60cc-61b2-443e-831e-2ba5121ea3b2.webp,Givenchy - Gentleman Extreme 2.0 EDP SP product image,,,,,,,,,,,,,,,,,,,,,,,,,,,,,,,,,,,,,,,,,,,,,,,,,,,,,,,,,,,,,,,,,,,,,,,,,,,,,,,,,,,,,,,,
ap-38128e84-be67-444b-bdc1-c2615880cf08,PRODUCT,Gentlemen Only,TRUE,An authentic men’s fragrance collection selected for the Aurum Privée collection.,all-fragrances;for-him;woody,all-fragrances,,,,Givenchy,119.00,,,,,,,4,FALSE,,,38128e84-be67-444b-bdc1-c2615880cf08,,,,,,,,,,,,,,,,,,,,,,,,,,,,,,,,,,,,,,,,,,,,,,,,,,,,,,,,,,,,,,,,,,,,,,,,,,
ap-38128e84-be67-444b-bdc1-c2615880cf08,MEDIA,,,,,,https://aurumprivee.com/product-images/catalog-v2/acbfeaef-1840-4c52-ad80-4048540c76fc.webp,Givenchy - Gentlemen Only 3.3 oz EDT SP product image,,,,,,,,,,,,,,,,,,,,,,,,,,,,,,,,,,,,,,,,,,,,,,,,,,,,,,,,,,,,,,,,,,,,,,,,,,,,,,,,,,,,,,,,
ap-c19b3188-c6f3-4df0-89a7-b398374e15d4,PRODUCT,Irresistible Fraiche,TRUE,An authentic women’s fragrance collection selected for the Aurum Privée collection.,all-fragrances;for-her;floral,all-fragrances,,,,Givenchy,125.00,,,,,,,4,FALSE,,,c19b3188-c6f3-4df0-89a7-b398374e15d4,,,,,,,,,,,,,,,,,,,,,,,,,,,,,,,,,,,,,,,,,,,,,,,,,,,,,,,,,,,,,,,,,,,,,,,,,,
ap-c19b3188-c6f3-4df0-89a7-b398374e15d4,MEDIA,,,,,,https://aurumprivee.com/product-images/catalog-v2/e2512104-fca1-423d-8efe-51e185042b77.webp,Givenchy - Irresistible Fraiche Woman 2.5 EDP SP product image,,,,,,,,,,,,,,,,,,,,,,,,,,,,,,,,,,,,,,,,,,,,,,,,,,,,,,,,,,,,,,,,,,,,,,,,,,,,,,,,,,,,,,,,
ap-f1ad0583-6fa6-4140-be1e-efb69258d698,PRODUCT,L'Interdit,TRUE,An authentic women’s fragrance collection selected for the Aurum Privée collection.,all-fragrances;for-her;floral,all-fragrances,,,,Givenchy,95.00,,,,,,,2,FALSE,,,f1ad0583-6fa6-4140-be1e-efb69258d698,,,,,,,,,,,,,,,,,,,,,,,,,,,,,,,,,,,,,,,,,,,,,,,,,,,,,,,,,,,,,,,,,,,,,,,,,,
ap-f1ad0583-6fa6-4140-be1e-efb69258d698,MEDIA,,,,,,https://aurumprivee.com/product-images/catalog-v2/91ea1740-d637-4fa5-b771-5bb99db66d65.webp,Givenchy - L'Interdit 1.7 EDT product image,,,,,,,,,,,,,,,,,,,,,,,,,,,,,,,,,,,,,,,,,,,,,,,,,,,,,,,,,,,,,,,,,,,,,,,,,,,,,,,,,,,,,,,,
ap-9bed7206-1ecd-4f44-9491-76f6df321f4c,PRODUCT,L'Ínterdit Rouge Ultimate,TRUE,An authentic women's fragrance collection selected for the Aurum Privée collection.,all-fragrances;for-her;floral,all-fragrances,,,,Givenchy,135.00,,,,,,,2,FALSE,,,9bed7206-1ecd-4f44-9491-76f6df321f4c,,,,,,,,,,,,,,,,,,,,,,,,,,,,,,,,,,,,,,,,,,,,,,,,,,,,,,,,,,,,,,,,,,,,,,,,,,
ap-9bed7206-1ecd-4f44-9491-76f6df321f4c,MEDIA,,,,,,https://aurumprivee.com/product-images/catalog-v2/28440a5a-71df-4466-befb-a0bba3b6b117.webp,Givenchy - L'Ínterdit Rouge Ultimate 1.7 EDP SP product image,,,,,,,,,,,,,,,,,,,,,,,,,,,,,,,,,,,,,,,,,,,,,,,,,,,,,,,,,,,,,,,,,,,,,,,,,,,,,,,,,,,,,,,,
ap-3acba1ab-76ff-4e77-9de1-e92a9d99098f,PRODUCT,Pi,TRUE,An authentic men’s fragrance collection selected for the Aurum Privée collection.,all-fragrances;for-him;woody,all-fragrances,,,,Givenchy,85.00,,,,,,,6,FALSE,,,3acba1ab-76ff-4e77-9de1-e92a9d99098f,,,,,,,,,,,,,,,,,,,,,,,,,,,,,,,,,,,,,,,,,,,,,,,,,,,,,,,,,,,,,,,,,,,,,,,,,,
ap-3acba1ab-76ff-4e77-9de1-e92a9d99098f,MEDIA,,,,,,https://aurumprivee.com/product-images/catalog-v2/a2c5fd4d-54a3-4d9e-8e85-ee1cbc207bd5.webp,Givenchy - Pi EDT Spray 1.7oz product image,,,,,,,,,,,,,,,,,,,,,,,,,,,,,,,,,,,,,,,,,,,,,,,,,,,,,,,,,,,,,,,,,,,,,,,,,,,,,,,,,,,,,,,,
ap-57a5aa17-2a46-4709-86a2-8028349d8f83,PRODUCT,Pour Homme,TRUE,An authentic men’s fragrance collection selected for the Aurum Privée collection.,all-fragrances;for-him;woody,all-fragrances,,,,Givenchy,87.00,,,,,,,4,FALSE,,,57a5aa17-2a46-4709-86a2-8028349d8f83,,,,,,,,,,,,,,,,,,,,,,,,,,,,,,,,,,,,,,,,,,,,,,,,,,,,,,,,,,,,,,,,,,,,,,,,,,
ap-57a5aa17-2a46-4709-86a2-8028349d8f83,MEDIA,,,,,,https://aurumprivee.com/product-images/catalog-v2/d880f6ed-47f8-491c-983b-d1e1051e875e.webp,Givenchy - Pour Homme 3.3 EDT SP product image,,,,,,,,,,,,,,,,,,,,,,,,,,,,,,,,,,,,,,,,,,,,,,,,,,,,,,,,,,,,,,,,,,,,,,,,,,,,,,,,,,,,,,,,
ap-61a67202-74b1-4fbd-b691-e0413752f94d,PRODUCT,Absolute,TRUE,An authentic women’s fragrance collection selected for the Aurum Privée collection.,all-fragrances;for-her;floral,all-fragrances,,,,Gucci,155.00,,,,,,,3,FALSE,,,61a67202-74b1-4fbd-b691-e0413752f94d,,,,,,,,,,,,,,,,,,,,,,,,,,,,,,,,,,,,,,,,,,,,,,,,,,,,,,,,,,,,,,,,,,,,,,,,,,
ap-61a67202-74b1-4fbd-b691-e0413752f94d,MEDIA,,,,,,https://aurumprivee.com/product-images/catalog-v2/201cf31a-b5f8-48c9-a0b6-045144490f66.webp,Gucci - Absolute 3.0 EDP SP product image,,,,,,,,,,,,,,,,,,,,,,,,,,,,,,,,,,,,,,,,,,,,,,,,,,,,,,,,,,,,,,,,,,,,,,,,,,,,,,,,,,,,,,,,
ap-bff84b49-5296-47ac-b309-46b8ffaf9935,PRODUCT,Bloom,TRUE,An authentic women’s fragrance collection selected for the Aurum Privée collection.,all-fragrances;for-her;floral,all-fragrances,,,,Gucci,125.00,,,,,,,3,FALSE,,,bff84b49-5296-47ac-b309-46b8ffaf9935,,,,,,,,,,,,,,,,,,,,,,,,,,,,,,,,,,,,,,,,,,,,,,,,,,,,,,,,,,,,,,,,,,,,,,,,,,
ap-bff84b49-5296-47ac-b309-46b8ffaf9935,MEDIA,,,,,,https://aurumprivee.com/product-images/catalog-v2/10836a38-d303-43ab-b0ad-99c26fc7ae22.webp,Gucci - Bloom 1.7oz EDT SP product image,,,,,,,,,,,,,,,,,,,,,,,,,,,,,,,,,,,,,,,,,,,,,,,,,,,,,,,,,,,,,,,,,,,,,,,,,,,,,,,,,,,,,,,,
ap-10d9458b-061b-44de-bff6-4fc28de00bbd,PRODUCT,Bloom Intense,TRUE,An authentic women's fragrance collection selected for the Aurum Privée collection.,all-fragrances;for-her;floral,all-fragrances,,,,Gucci,185.00,,,,,,,10,FALSE,,,10d9458b-061b-44de-bff6-4fc28de00bbd,,,,,,,,,,,,,,,,,,,,,,,,,,,,,,,,,,,,,,,,,,,,,,,,,,,,,,,,,,,,,,,,,,,,,,,,,,
ap-10d9458b-061b-44de-bff6-4fc28de00bbd,MEDIA,,,,,,https://aurumprivee.com/product-images/catalog-v2/b1bb152c-9c43-478d-afa8-355f2788591e.webp,Gucci - Bloom Intense 3.4 oz EDP SP product image,,,,,,,,,,,,,,,,,,,,,,,,,,,,,,,,,,,,,,,,,,,,,,,,,,,,,,,,,,,,,,,,,,,,,,,,,,,,,,,,,,,,,,,,
ap-ac0fa032-97c2-4894-ae03-8d4cabfc6308,PRODUCT,Bloom Intense,TRUE,An authentic women’s fragrance collection selected for the Aurum Privée collection.,all-fragrances;for-her;floral,all-fragrances,,,,Gucci,131.00,,,,,,,4,FALSE,,,ac0fa032-97c2-4894-ae03-8d4cabfc6308,,,,,,,,,,,,,,,,,,,,,,,,,,,,,,,,,,,,,,,,,,,,,,,,,,,,,,,,,,,,,,,,,,,,,,,,,,
ap-ac0fa032-97c2-4894-ae03-8d4cabfc6308,MEDIA,,,,,,https://aurumprivee.com/product-images/catalog-v2/26bb551f-63ac-45d4-94cb-e580224a7893.webp,Gucci - Bloom Intense Woman 1.6 EDP SP product image,,,,,,,,,,,,,,,,,,,,,,,,,,,,,,,,,,,,,,,,,,,,,,,,,,,,,,,,,,,,,,,,,,,,,,,,,,,,,,,,,,,,,,,,
ap-b8c438c7-8c03-4bda-b007-f4ebfca282b1,PRODUCT,Flora Gorgeous Gardenia,TRUE,An authentic women’s fragrance collection selected for the Aurum Privée collection.,all-fragrances;for-her;floral,all-fragrances,,,,Gucci,165.00,,,,,,,2,FALSE,,,b8c438c7-8c03-4bda-b007-f4ebfca282b1,,,,,,,,,,,,,,,,,,,,,,,,,,,,,,,,,,,,,,,,,,,,,,,,,,,,,,,,,,,,,,,,,,,,,,,,,,
ap-b8c438c7-8c03-4bda-b007-f4ebfca282b1,MEDIA,,,,,,https://aurumprivee.com/product-images/catalog-v2/1b07f80a-7f33-48b2-805c-55ce499cbaa0.webp,Gucci - Flora Gorgeous Gardenia 3.3 oz EDP SP product image,,,,,,,,,,,,,,,,,,,,,,,,,,,,,,,,,,,,,,,,,,,,,,,,,,,,,,,,,,,,,,,,,,,,,,,,,,,,,,,,,,,,,,,,
ap-ef40c4c9-ebfa-4804-9ee4-1d4d71cfad94,PRODUCT,Guilty Absolute,TRUE,An authentic men’s fragrance collection selected for the Aurum Privée collection.,all-fragrances;for-him;woody,all-fragrances,,,,Gucci,155.00,,,,,,,5,FALSE,,,ef40c4c9-ebfa-4804-9ee4-1d4d71cfad94,,,,,,,,,,,,,,,,,,,,,,,,,,,,,,,,,,,,,,,,,,,,,,,,,,,,,,,,,,,,,,,,,,,,,,,,,,
ap-ef40c4c9-ebfa-4804-9ee4-1d4d71cfad94,MEDIA,,,,,,https://aurumprivee.com/product-images/catalog-v2/eb892088-fd9c-45ff-ba49-a4e02f731821.webp,Gucci - Guilty Absolute Men 3.0 EDP SP product image,,,,,,,,,,,,,,,,,,,,,,,,,,,,,,,,,,,,,,,,,,,,,,,,,,,,,,,,,,,,,,,,,,,,,,,,,,,,,,,,,,,,,,,,
ap-6fa34ae0-6c0d-4846-a21f-1f4f658c0f11,PRODUCT,Guilty Intense,TRUE,An authentic women’s fragrance collection selected for the Aurum Privée collection.,all-fragrances;for-her;floral,all-fragrances,,,,Gucci,115.00,,,,,,,2,FALSE,,,6fa34ae0-6c0d-4846-a21f-1f4f658c0f11,,,,,,,,,,,,,,,,,,,,,,,,,,,,,,,,,,,,,,,,,,,,,,,,,,,,,,,,,,,,,,,,,,,,,,,,,,
ap-6fa34ae0-6c0d-4846-a21f-1f4f658c0f11,MEDIA,,,,,,https://aurumprivee.com/product-images/catalog-v2/d6fcb202-917d-447b-8c9c-cd3355c53c01.webp,Gucci - Guilty Intense Woman 1.6 EDP SP product image,,,,,,,,,,,,,,,,,,,,,,,,,,,,,,,,,,,,,,,,,,,,,,,,,,,,,,,,,,,,,,,,,,,,,,,,,,,,,,,,,,,,,,,,
ap-324858b3-a703-4342-a9ae-f1669d4b0a81,PRODUCT,Guilty,TRUE,An authentic women’s fragrance collection selected for the Aurum Privée collection.,all-fragrances;for-her;floral,all-fragrances,,,,Gucci,101.00,,,,,,,5,FALSE,,,324858b3-a703-4342-a9ae-f1669d4b0a81,,,,,,,,,,,,,,,,,,,,,,,,,,,,,,,,,,,,,,,,,,,,,,,,,,,,,,,,,,,,,,,,,,,,,,,,,,
ap-324858b3-a703-4342-a9ae-f1669d4b0a81,MEDIA,,,,,,https://aurumprivee.com/product-images/catalog-v2/08a1d16e-2ec3-4479-90d8-0ffef889c09c.webp,Gucci - Guilty Pour Femme 1.6 EDT SP product image,,,,,,,,,,,,,,,,,,,,,,,,,,,,,,,,,,,,,,,,,,,,,,,,,,,,,,,,,,,,,,,,,,,,,,,,,,,,,,,,,,,,,,,,
ap-0622c072-7167-481f-94a6-504e940286c3,PRODUCT,Guilty Pour Homme Cologne 3.0,TRUE,An authentic men’s fragrance collection selected for the Aurum Privée collection.,all-fragrances;for-him;woody,all-fragrances,,,,Gucci,100.00,,,,,,,2,FALSE,,,0622c072-7167-481f-94a6-504e940286c3,,,,,,,,,,,,,,,,,,,,,,,,,,,,,,,,,,,,,,,,,,,,,,,,,,,,,,,,,,,,,,,,,,,,,,,,,,
ap-0622c072-7167-481f-94a6-504e940286c3,MEDIA,,,,,,https://aurumprivee.com/product-images/catalog-v2/23252797-e95b-4257-9965-00cefe217e9f.webp,Gucci - Guilty Pour Homme Cologne 3.0 SP product image,,,,,,,,,,,,,,,,,,,,,,,,,,,,,,,,,,,,,,,,,,,,,,,,,,,,,,,,,,,,,,,,,,,,,,,,,,,,,,,,,,,,,,,,
ap-13aa64c9-68c3-4742-995d-c09b614f4676,PRODUCT,Mini Set,TRUE,An authentic women's fragrance collection selected for the Aurum Privée collection.,all-fragrances;for-her;floral,all-fragrances,,,,Gucci,68.00,,,,,,,2,FALSE,,,13aa64c9-68c3-4742-995d-c09b614f4676,,,,,,,,,,,,,,,,,,,,,,,,,,,,,,,,,,,,,,,,,,,,,,,,,,,,,,,,,,,,,,,,,,,,,,,,,,
ap-13aa64c9-68c3-4742-995d-c09b614f4676,MEDIA,,,,,,https://aurumprivee.com/product-images/catalog-v2/65f1d36c-7989-4cd1-bdd0-1a69b31fbe87.webp,Gucci - Mini Set 0.16 oz EDP SP product image,,,,,,,,,,,,,,,,,,,,,,,,,,,,,,,,,,,,,,,,,,,,,,,,,,,,,,,,,,,,,,,,,,,,,,,,,,,,,,,,,,,,,,,,
ap-960df2dc-fd5e-4702-bb9a-443cb39cbc44,PRODUCT,Oud Intense,TRUE,An authentic unisex fragrance selected for the Aurum Privée collection.,all-fragrances;unisex;fresh,all-fragrances,,,,Gucci,250.00,,,,,,,2,FALSE,,,960df2dc-fd5e-4702-bb9a-443cb39cbc44,,,,,,,,,,,,,,,,,,,,,,,,,,,,,,,,,,,,,,,,,,,,,,,,,,,,,,,,,,,,,,,,,,,,,,,,,,
ap-960df2dc-fd5e-4702-bb9a-443cb39cbc44,MEDIA,,,,,,https://aurumprivee.com/product-images/catalog-v2/078aafc2-a69e-45ae-bf86-5cb074d590da.webp,Gucci - Oud Intense Unisex 3.0 EDP SP product image,,,,,,,,,,,,,,,,,,,,,,,,,,,,,,,,,,,,,,,,,,,,,,,,,,,,,,,,,,,,,,,,,,,,,,,,,,,,,,,,,,,,,,,,
ap-a3477de2-0031-4943-9566-f39bc46c65eb,PRODUCT,Ladies Bloom Gift Set,TRUE,An authentic women’s fragrance collection selected for the Aurum Privée collection.,all-fragrances;for-her;floral,all-fragrances,,,,GUCCI,140.00,,,,,,,2,FALSE,,,a3477de2-0031-4943-9566-f39bc46c65eb,,,,,,,,,,,,,,,,,,,,,,,,,,,,,,,,,,,,,,,,,,,,,,,,,,,,,,,,,,,,,,,,,,,,,,,,,,
ap-a3477de2-0031-4943-9566-f39bc46c65eb,MEDIA,,,,,,https://aurumprivee.com/product-images/catalog-v2/6bd10643-04a0-43e0-8684-a2c4df8a9455.webp,GUCCI - Ladies Bloom Gift Set product image,,,,,,,,,,,,,,,,,,,,,,,,,,,,,,,,,,,,,,,,,,,,,,,,,,,,,,,,,,,,,,,,,,,,,,,,,,,,,,,,,,,,,,,,
ap-0dd88452-e1d6-48f7-9a89-9808c55fbdf4,PRODUCT,Insolence,TRUE,An authentic women’s fragrance collection selected for the Aurum Privée collection.,all-fragrances;for-her;floral,all-fragrances,,,,Guerlain,125.00,,,,,,,2,FALSE,,,0dd88452-e1d6-48f7-9a89-9808c55fbdf4,,,,,,,,,,,,,,,,,,,,,,,,,,,,,,,,,,,,,,,,,,,,,,,,,,,,,,,,,,,,,,,,,,,,,,,,,,
ap-0dd88452-e1d6-48f7-9a89-9808c55fbdf4,MEDIA,,,,,,https://aurumprivee.com/product-images/catalog-v2/bc46ca49-199a-4c09-93c4-322242482d9c.webp,Guerlain - Insolence EDT SP 2.5oz product image,,,,,,,,,,,,,,,,,,,,,,,,,,,,,,,,,,,,,,,,,,,,,,,,,,,,,,,,,,,,,,,,,,,,,,,,,,,,,,,,,,,,,,,,
ap-75a59c86-e1b5-4111-a1f3-d81e3167d5ad,PRODUCT,Shalimar,TRUE,An authentic women’s fragrance collection selected for the Aurum Privée collection.,all-fragrances;for-her;floral,all-fragrances,,,,Guerlain,165.00,,,,,,,3,FALSE,,,75a59c86-e1b5-4111-a1f3-d81e3167d5ad,,,,,,,,,,,,,,,,,,,,,,,,,,,,,,,,,,,,,,,,,,,,,,,,,,,,,,,,,,,,,,,,,,,,,,,,,,
ap-75a59c86-e1b5-4111-a1f3-d81e3167d5ad,MEDIA,,,,,,https://aurumprivee.com/product-images/catalog-v2/9e4bc424-371d-489c-a68e-c6a535ef7387.webp,Guerlain - Shalimar EDP SP 3.0 oz product image,,,,,,,,,,,,,,,,,,,,,,,,,,,,,,,,,,,,,,,,,,,,,,,,,,,,,,,,,,,,,,,,,,,,,,,,,,,,,,,,,,,,,,,,
ap-548a13ce-59e5-49cc-82f9-bd2448ed23ca,PRODUCT,Girl Belle,TRUE,An authentic women’s fragrance collection selected for the Aurum Privée collection.,all-fragrances;for-her;floral,all-fragrances,,,,Guess,85.00,,,,,,,1,FALSE,,,548a13ce-59e5-49cc-82f9-bd2448ed23ca,,,,,,,,,,,,,,,,,,,,,,,,,,,,,,,,,,,,,,,,,,,,,,,,,,,,,,,,,,,,,,,,,,,,,,,,,,
ap-548a13ce-59e5-49cc-82f9-bd2448ed23ca,MEDIA,,,,,,https://aurumprivee.com/product-images/catalog-v2/5a599305-9dd9-4385-8840-7ac1778f362c.webp,Guess - Girl Belle 3.4 oz EDT SP product image,,,,,,,,,,,,,,,,,,,,,,,,,,,,,,,,,,,,,,,,,,,,,,,,,,,,,,,,,,,,,,,,,,,,,,,,,,,,,,,,,,,,,,,,
ap-19783f39-54fe-460a-806f-08d21f763c85,PRODUCT,Marciano,TRUE,An authentic men’s fragrance collection selected for the Aurum Privée collection.,all-fragrances;for-him;woody,all-fragrances,,,,Guess,68.00,,,,,,,1,FALSE,,,19783f39-54fe-460a-806f-08d21f763c85,,,,,,,,,,,,,,,,,,,,,,,,,,,,,,,,,,,,,,,,,,,,,,,,,,,,,,,,,,,,,,,,,,,,,,,,,,
ap-19783f39-54fe-460a-806f-08d21f763c85,MEDIA,,,,,,https://aurumprivee.com/product-images/catalog-v2/63ceffee-7a3f-4c3d-96a0-75f28bf7545b.webp,Guess - Marciano Men 3.4 EDT SP product image,,,,,,,,,,,,,,,,,,,,,,,,,,,,,,,,,,,,,,,,,,,,,,,,,,,,,,,,,,,,,,,,,,,,,,,,,,,,,,,,,,,,,,,,
ap-c8810b53-2db7-49f9-b9de-46b7c9fcdb3c,PRODUCT,Marciano,TRUE,An authentic women’s fragrance collection selected for the Aurum Privée collection.,all-fragrances;for-her;floral,all-fragrances,,,,Guess,68.00,,,,,,,1,FALSE,,,c8810b53-2db7-49f9-b9de-46b7c9fcdb3c,,,,,,,,,,,,,,,,,,,,,,,,,,,,,,,,,,,,,,,,,,,,,,,,,,,,,,,,,,,,,,,,,,,,,,,,,,
ap-c8810b53-2db7-49f9-b9de-46b7c9fcdb3c,MEDIA,,,,,,https://aurumprivee.com/product-images/catalog-v2/abe7c1a3-4be5-4c27-834f-dbe7bafc249f.webp,Guess - Marciano Woman  3.4  EDP  SP product image,,,,,,,,,,,,,,,,,,,,,,,,,,,,,,,,,,,,,,,,,,,,,,,,,,,,,,,,,,,,,,,,,,,,,,,,,,,,,,,,,,,,,,,,
ap-abea90a0-b6f4-4283-9e60-b163638e07ef,PRODUCT,Men,TRUE,An authentic men’s fragrance collection selected for the Aurum Privée collection.,all-fragrances;for-him;woody,all-fragrances,,,,Guess,65.00,,,,,,,1,FALSE,,,abea90a0-b6f4-4283-9e60-b163638e07ef,,,,,,,,,,,,,,,,,,,,,,,,,,,,,,,,,,,,,,,,,,,,,,,,,,,,,,,,,,,,,,,,,,,,,,,,,,
ap-abea90a0-b6f4-4283-9e60-b163638e07ef,MEDIA,,,,,,https://aurumprivee.com/product-images/catalog-v2/1220d56d-b421-431e-85df-8774eb219c59.webp,Guess - Men 2.5 EDT SP product image,,,,,,,,,,,,,,,,,,,,,,,,,,,,,,,,,,,,,,,,,,,,,,,,,,,,,,,,,,,,,,,,,,,,,,,,,,,,,,,,,,,,,,,,
ap-c4c4c713-b0c1-46a1-8739-28b777e87a85,PRODUCT,Seductive Homme,TRUE,An authentic men’s fragrance collection selected for the Aurum Privée collection.,all-fragrances;for-him;woody,all-fragrances,,,,Guess,72.00,,,,,,,4,FALSE,,,c4c4c713-b0c1-46a1-8739-28b777e87a85,,,,,,,,,,,,,,,,,,,,,,,,,,,,,,,,,,,,,,,,,,,,,,,,,,,,,,,,,,,,,,,,,,,,,,,,,,
ap-c4c4c713-b0c1-46a1-8739-28b777e87a85,MEDIA,,,,,,https://aurumprivee.com/product-images/catalog-v2/5b1b8b03-dba4-4d15-bbd3-2b4a659ced0a.webp,Guess - Seductive Homme 3.4 EDT SP product image,,,,,,,,,,,,,,,,,,,,,,,,,,,,,,,,,,,,,,,,,,,,,,,,,,,,,,,,,,,,,,,,,,,,,,,,,,,,,,,,,,,,,,,,
ap-1e11cb36-2bc9-4b2e-8da5-4484fb4ae6fe,PRODUCT,Bel Ami,TRUE,An authentic men’s fragrance collection selected for the Aurum Privée collection.,all-fragrances;for-her;woody,all-fragrances,,,,Hermes,162.00,,,,,,,2,FALSE,,,1e11cb36-2bc9-4b2e-8da5-4484fb4ae6fe,,,,,,,,,,,,,,,,,,,,,,,,,,,,,,,,,,,,,,,,,,,,,,,,,,,,,,,,,,,,,,,,,,,,,,,,,,
ap-1e11cb36-2bc9-4b2e-8da5-4484fb4ae6fe,MEDIA,,,,,,https://aurumprivee.com/product-images/catalog-v2/25f65f17-d77e-409f-b0dc-0c9626d48439.webp,Hermes - Bel Ami Woman 3.4 EDT SP product image,,,,,,,,,,,,,,,,,,,,,,,,,,,,,,,,,,,,,,,,,,,,,,,,,,,,,,,,,,,,,,,,,,,,,,,,,,,,,,,,,,,,,,,,
ap-09ec50fe-8d4e-412f-990f-517e98b61d46,PRODUCT,H24,TRUE,An authentic men’s fragrance collection selected for the Aurum Privée collection.,all-fragrances;for-him;woody,all-fragrances,,,,Hermes,168.00,,,,,,,1,FALSE,,,09ec50fe-8d4e-412f-990f-517e98b61d46,,,,,,,,,,,,,,,,,,,,,,,,,,,,,,,,,,,,,,,,,,,,,,,,,,,,,,,,,,,,,,,,,,,,,,,,,,
ap-09ec50fe-8d4e-412f-990f-517e98b61d46,MEDIA,,,,,,https://aurumprivee.com/product-images/catalog-v2/7c6f93f8-6e77-4f83-9161-d060462e3a02.webp,Hermes - H24 EDT Spray 1.01 oz product image,,,,,,,,,,,,,,,,,,,,,,,,,,,,,,,,,,,,,,,,,,,,,,,,,,,,,,,,,,,,,,,,,,,,,,,,,,,,,,,,,,,,,,,,
ap-dc31556d-edb0-440d-b53f-0d17122c9cc1,PRODUCT,Unisex Eau De Gentiane Blanche,TRUE,An authentic unisex fragrance selected for the Aurum Privée collection.,all-fragrances;unisex;fresh,all-fragrances,,,,Hermes,120.00,,,,,,,1,FALSE,,,dc31556d-edb0-440d-b53f-0d17122c9cc1,,,,,,,,,,,,,,,,,,,,,,,,,,,,,,,,,,,,,,,,,,,,,,,,,,,,,,,,,,,,,,,,,,,,,,,,,,
ap-dc31556d-edb0-440d-b53f-0d17122c9cc1,MEDIA,,,,,,https://aurumprivee.com/product-images/catalog-v2/ff1af691-a3e3-45ac-a15b-73fef0330008.webp,Hermes - Unisex Eau De Gentiane Blanche EDC 3.4 oz product image,,,,,,,,,,,,,,,,,,,,,,,,,,,,,,,,,,,,,,,,,,,,,,,,,,,,,,,,,,,,,,,,,,,,,,,,,,,,,,,,,,,,,,,,
ap-e90ecbc6-e12e-46fd-9ec7-5b5e39a8d0db,PRODUCT,Canyon Sky,TRUE,An authentic women's fragrance collection selected for the Aurum Privée collection.,all-fragrances;for-her;floral,all-fragrances,,,,Hollister,60.00,,,,,,,4,FALSE,,,e90ecbc6-e12e-46fd-9ec7-5b5e39a8d0db,,,,,,,,,,,,,,,,,,,,,,,,,,,,,,,,,,,,,,,,,,,,,,,,,,,,,,,,,,,,,,,,,,,,,,,,,,
ap-e90ecbc6-e12e-46fd-9ec7-5b5e39a8d0db,MEDIA,,,,,,https://aurumprivee.com/product-images/catalog-v2/437ab8ef-195b-4052-b442-4c7eb1e8f77c.webp,Hollister - Canyon Sky 3.4 oz EDP product image,,,,,,,,,,,,,,,,,,,,,,,,,,,,,,,,,,,,,,,,,,,,,,,,,,,,,,,,,,,,,,,,,,,,,,,,,,,,,,,,,,,,,,,,
ap-f37b1226-03c3-4e76-a43b-29fcd922a15c,PRODUCT,Canyon Sky,TRUE,An authentic men's fragrance collection selected for the Aurum Privée collection.,all-fragrances;for-him;woody,all-fragrances,,,,Hollister,45.00,,,,,,,4,FALSE,,,f37b1226-03c3-4e76-a43b-29fcd922a15c,,,,,,,,,,,,,,,,,,,,,,,,,,,,,,,,,,,,,,,,,,,,,,,,,,,,,,,,,,,,,,,,,,,,,,,,,,
ap-f37b1226-03c3-4e76-a43b-29fcd922a15c,MEDIA,,,,,,https://aurumprivee.com/product-images/catalog-v2/9792c303-32f8-4693-af49-85cb6b11a509.webp,Hollister - Canyon Sky 3.4oz EDT SP product image,,,,,,,,,,,,,,,,,,,,,,,,,,,,,,,,,,,,,,,,,,,,,,,,,,,,,,,,,,,,,,,,,,,,,,,,,,,,,,,,,,,,,,,,
ap-4b277cc0-5e3a-463f-bd26-81f4555bedce,PRODUCT,Escape for Her,TRUE,An authentic women's fragrance collection selected for the Aurum Privée collection.,all-fragrances;for-her;floral,all-fragrances,,,,Hollister Canyon,58.00,,,,,,,1,FALSE,,,4b277cc0-5e3a-463f-bd26-81f4555bedce,,,,,,,,,,,,,,,,,,,,,,,,,,,,,,,,,,,,,,,,,,,,,,,,,,,,,,,,,,,,,,,,,,,,,,,,,,
ap-4b277cc0-5e3a-463f-bd26-81f4555bedce,MEDIA,,,,,,https://aurumprivee.com/product-images/catalog-v2/094ab15c-95a3-4fad-9dce-b1e4f89c9a0c.webp,Hollister Canyon - Escape for Her 3.4 EDP SP product image,,,,,,,,,,,,,,,,,,,,,,,,,,,,,,,,,,,,,,,,,,,,,,,,,,,,,,,,,,,,,,,,,,,,,,,,,,,,,,,,,,,,,,,,
ap-f09519f0-4a93-4d4c-bcea-9365686ef4ec,PRODUCT,Rush for Her,TRUE,An authentic women's fragrance collection selected for the Aurum Privée collection.,all-fragrances;for-her;floral,all-fragrances,,,,Hollister Canyon,58.00,,,,,,,6,FALSE,,,f09519f0-4a93-4d4c-bcea-9365686ef4ec,,,,,,,,,,,,,,,,,,,,,,,,,,,,,,,,,,,,,,,,,,,,,,,,,,,,,,,,,,,,,,,,,,,,,,,,,,
ap-f09519f0-4a93-4d4c-bcea-9365686ef4ec,MEDIA,,,,,,https://aurumprivee.com/product-images/catalog-v2/1cf73884-f26b-4141-91a6-ec9379755ccd.webp,Hollister Canyon - Rush for Her 3.3 oz EDP SP product image,,,,,,,,,,,,,,,,,,,,,,,,,,,,,,,,,,,,,,,,,,,,,,,,,,,,,,,,,,,,,,,,,,,,,,,,,,,,,,,,,,,,,,,,
ap-76819132-f0f2-41ca-8057-015bea6db870,PRODUCT,Rush for Him,TRUE,An authentic men’s fragrance collection selected for the Aurum Privée collection.,all-fragrances;for-him;woody,all-fragrances,,,,Hollister Canyon,45.00,,,,,,,6,FALSE,,,76819132-f0f2-41ca-8057-015bea6db870,,,,,,,,,,,,,,,,,,,,,,,,,,,,,,,,,,,,,,,,,,,,,,,,,,,,,,,,,,,,,,,,,,,,,,,,,,
ap-76819132-f0f2-41ca-8057-015bea6db870,MEDIA,,,,,,https://aurumprivee.com/product-images/catalog-v2/e98275e5-a7ef-4b3d-8512-43145b66264b.webp,Hollister Canyon - Rush for Him  3.3 oz EDT SP product image,,,,,,,,,,,,,,,,,,,,,,,,,,,,,,,,,,,,,,,,,,,,,,,,,,,,,,,,,,,,,,,,,,,,,,,,,,,,,,,,,,,,,,,,
ap-15a20419-2c99-4c01-a5d5-51a48d6c066d,PRODUCT,Soul,TRUE,An authentic men’s fragrance collection selected for the Aurum Privée collection.,all-fragrances;for-him;woody,all-fragrances,,,,Hugo Boss,70.00,,,,,,,1,FALSE,,,15a20419-2c99-4c01-a5d5-51a48d6c066d,,,,,,,,,,,,,,,,,,,,,,,,,,,,,,,,,,,,,,,,,,,,,,,,,,,,,,,,,,,,,,,,,,,,,,,,,,
ap-15a20419-2c99-4c01-a5d5-51a48d6c066d,MEDIA,,,,,,https://aurumprivee.com/product-images/catalog-v2/6f598e7f-f294-4560-b09d-6a20c32af556.webp,Hugo Boss - Boss Soul 3.0 EDT SP product image,,,,,,,,,,,,,,,,,,,,,,,,,,,,,,,,,,,,,,,,,,,,,,,,,,,,,,,,,,,,,,,,,,,,,,,,,,,,,,,,,,,,,,,,
ap-31f456ae-9e42-48ba-8b41-f8c66bb97f9f,PRODUCT,Hugo Dark Blue,TRUE,An authentic men's fragrance collection selected for the Aurum Privée collection.,all-fragrances;for-him;woody,all-fragrances,,,,Hugo Boss,60.00,,,,,,,1,FALSE,,,31f456ae-9e42-48ba-8b41-f8c66bb97f9f,,,,,,,,,,,,,,,,,,,,,,,,,,,,,,,,,,,,,,,,,,,,,,,,,,,,,,,,,,,,,,,,,,,,,,,,,,
ap-31f456ae-9e42-48ba-8b41-f8c66bb97f9f,MEDIA,,,,,,https://aurumprivee.com/product-images/catalog-v2/e4a348a1-16c0-4c2b-bde2-ef6f3e3728b5.webp,Hugo Boss - Hugo Dark Blue 2.5 oz EDT SP product image,,,,,,,,,,,,,,,,,,,,,,,,,,,,,,,,,,,,,,,,,,,,,,,,,,,,,,,,,,,,,,,,,,,,,,,,,,,,,,,,,,,,,,,,
ap-25569a1c-e108-4073-910c-de6756a0d592,PRODUCT,Hugo Energise,TRUE,An authentic men’s fragrance collection selected for the Aurum Privée collection.,all-fragrances;for-him;woody,all-fragrances,,,,Hugo Boss,61.50,,,,,,,5,FALSE,,,25569a1c-e108-4073-910c-de6756a0d592,,,,,,,,,,,,,,,,,,,,,,,,,,,,,,,,,,,,,,,,,,,,,,,,,,,,,,,,,,,,,,,,,,,,,,,,,,
ap-25569a1c-e108-4073-910c-de6756a0d592,MEDIA,,,,,,https://aurumprivee.com/product-images/catalog-v2/9064de40-7533-411a-88ee-56aef6e7f792.webp,Hugo Boss - Hugo Energise EDT SP 2.5oz product image,,,,,,,,,,,,,,,,,,,,,,,,,,,,,,,,,,,,,,,,,,,,,,,,,,,,,,,,,,,,,,,,,,,,,,,,,,,,,,,,,,,,,,,,
ap-f3aa0230-57e6-4c74-9dd4-0f6fe030ff3a,PRODUCT,Just Different,TRUE,An authentic men’s fragrance collection selected for the Aurum Privée collection.,all-fragrances;for-him;woody,all-fragrances,,,,Hugo Boss,67.00,,,,,,,2,FALSE,,,f3aa0230-57e6-4c74-9dd4-0f6fe030ff3a,,,,,,,,,,,,,,,,,,,,,,,,,,,,,,,,,,,,,,,,,,,,,,,,,,,,,,,,,,,,,,,,,,,,,,,,,,
ap-f3aa0230-57e6-4c74-9dd4-0f6fe030ff3a,MEDIA,,,,,,https://aurumprivee.com/product-images/catalog-v2/766eb149-ad72-47d2-a041-03af947b8d11.webp,Hugo Boss - Just Different 2.5 oz EDT SP product image,,,,,,,,,,,,,,,,,,,,,,,,,,,,,,,,,,,,,,,,,,,,,,,,,,,,,,,,,,,,,,,,,,,,,,,,,,,,,,,,,,,,,,,,
ap-7974ea2f-afc1-43d8-8868-84f125a41c8a,PRODUCT,Just Different EDT SP 2.5,TRUE,An authentic men’s fragrance collection selected for the Aurum Privée collection.,all-fragrances;for-him;woody,all-fragrances,,,,Hugo Boss,67.00,,,,,,,4,FALSE,,,7974ea2f-afc1-43d8-8868-84f125a41c8a,,,,,,,,,,,,,,,,,,,,,,,,,,,,,,,,,,,,,,,,,,,,,,,,,,,,,,,,,,,,,,,,,,,,,,,,,,
ap-7974ea2f-afc1-43d8-8868-84f125a41c8a,MEDIA,,,,,,https://aurumprivee.com/product-images/catalog-v2/36b62e11-f20c-476a-8ccf-c897618cbf8c.webp,Hugo Boss -  Just Different EDT SP 2.5 product image,,,,,,,,,,,,,,,,,,,,,,,,,,,,,,,,,,,,,,,,,,,,,,,,,,,,,,,,,,,,,,,,,,,,,,,,,,,,,,,,,,,,,,,,
ap-021a8509-3657-47da-b599-7bcdb56f71a3,PRODUCT,A Drop d'Issey,TRUE,An authentic women’s fragrance collection selected for the Aurum Privée collection.,all-fragrances;for-her;floral,all-fragrances,,,,Issey Miyake,112.00,,,,,,,0,FALSE,,,021a8509-3657-47da-b599-7bcdb56f71a3,,,,,,,,,,,,,,,,,,,,,,,,,,,,,,,,,,,,,,,,,,,,,,,,,,,,,,,,,,,,,,,,,,,,,,,,,,
ap-021a8509-3657-47da-b599-7bcdb56f71a3,MEDIA,,,,,,https://aurumprivee.com/product-images/catalog-v2/787c03a1-1d28-4c1a-8f48-f0f8ba6404ce.webp,Issey Miyake - A Drop d'Issey 3.0 oz product image,,,,,,,,,,,,,,,,,,,,,,,,,,,,,,,,,,,,,,,,,,,,,,,,,,,,,,,,,,,,,,,,,,,,,,,,,,,,,,,,,,,,,,,,
ap-703988b5-5ee2-431e-b0d6-fb5115c908d6,PRODUCT,L'eau D'issey Pour Homme 4.2 fl,TRUE,An authentic men’s fragrance collection selected for the Aurum Privée collection.,all-fragrances;for-him;woody,all-fragrances,,,,Issey Miyake,108.00,,,,,,,5,FALSE,,,703988b5-5ee2-431e-b0d6-fb5115c908d6,,,,,,,,,,,,,,,,,,,,,,,,,,,,,,,,,,,,,,,,,,,,,,,,,,,,,,,,,,,,,,,,,,,,,,,,,,
ap-703988b5-5ee2-431e-b0d6-fb5115c908d6,MEDIA,,,,,,https://aurumprivee.com/product-images/catalog-v2/0efbc8a0-8011-4c3c-95ff-2eb424eb4446.webp,Issey Miyake - L'eau D'issey Pour Homme 4.2 fl product image,,,,,,,,,,,,,,,,,,,,,,,,,,,,,,,,,,,,,,,,,,,,,,,,,,,,,,,,,,,,,,,,,,,,,,,,,,,,,,,,,,,,,,,,
ap-0f896990-6db6-4c5a-be98-6fe9c39c2fae,PRODUCT,L'eau D'issey Pour Homme Intense,TRUE,An authentic men’s fragrance collection selected for the Aurum Privée collection.,all-fragrances;for-him;woody,all-fragrances,,,,Issey Miyake,92.00,,,,,,,5,FALSE,,,0f896990-6db6-4c5a-be98-6fe9c39c2fae,,,,,,,,,,,,,,,,,,,,,,,,,,,,,,,,,,,,,,,,,,,,,,,,,,,,,,,,,,,,,,,,,,,,,,,,,,
ap-0f896990-6db6-4c5a-be98-6fe9c39c2fae,MEDIA,,,,,,https://aurumprivee.com/product-images/catalog-v2/1b7366bb-3546-43a0-87af-86ffbe8aa75c.webp,Issey Miyake - L'eau D'issey Pour Homme Intense 4.2 EDT SP product image,,,,,,,,,,,,,,,,,,,,,,,,,,,,,,,,,,,,,,,,,,,,,,,,,,,,,,,,,,,,,,,,,,,,,,,,,,,,,,,,,,,,,,,,
ap-4ea53afc-8f10-47af-8140-856e9f3b0811,PRODUCT,Leau D'issey Shades of Kolam 3.3,TRUE,An authentic women’s fragrance collection selected for the Aurum Privée collection.,all-fragrances;for-her;floral,all-fragrances,,,,Issey Miyake,90.00,,,,,,,6,FALSE,,,4ea53afc-8f10-47af-8140-856e9f3b0811,,,,,,,,,,,,,,,,,,,,,,,,,,,,,,,,,,,,,,,,,,,,,,,,,,,,,,,,,,,,,,,,,,,,,,,,,,
ap-4ea53afc-8f10-47af-8140-856e9f3b0811,MEDIA,,,,,,https://aurumprivee.com/product-images/catalog-v2/9ffb6874-0613-4dc9-96a1-71b472c27664.webp,Issey Miyake - Leau D'issey Shades of Kolam 3.3 product image,,,,,,,,,,,,,,,,,,,,,,,,,,,,,,,,,,,,,,,,,,,,,,,,,,,,,,,,,,,,,,,,,,,,,,,,,,,,,,,,,,,,,,,,
ap-b259073d-b95d-46fc-8342-63c2bfe7f771,PRODUCT,Sport,TRUE,An authentic men’s fragrance collection selected for the Aurum Privée collection.,all-fragrances;for-him;woody,all-fragrances,,,,Issey Miyake,86.00,,,,,,,12,FALSE,,,b259073d-b95d-46fc-8342-63c2bfe7f771,,,,,,,,,,,,,,,,,,,,,,,,,,,,,,,,,,,,,,,,,,,,,,,,,,,,,,,,,,,,,,,,,,,,,,,,,,
ap-b259073d-b95d-46fc-8342-63c2bfe7f771,MEDIA,,,,,,https://aurumprivee.com/product-images/catalog-v2/1406b510-981e-41a0-aead-f83cb9b81ecf.webp,Issey Miyake - Sport 3.4 EDT SP product image,,,,,,,,,,,,,,,,,,,,,,,,,,,,,,,,,,,,,,,,,,,,,,,,,,,,,,,,,,,,,,,,,,,,,,,,,,,,,,,,,,,,,,,,
ap-e45d030b-9945-4c16-a017-7c61da48916a,PRODUCT,Green,TRUE,An authentic men's fragrance collection selected for the Aurum Privée collection.,all-fragrances;for-him;woody,all-fragrances,,,,Jaguar,45.00,,,,,,,3,FALSE,,,e45d030b-9945-4c16-a017-7c61da48916a,,,,,,,,,,,,,,,,,,,,,,,,,,,,,,,,,,,,,,,,,,,,,,,,,,,,,,,,,,,,,,,,,,,,,,,,,,
ap-e45d030b-9945-4c16-a017-7c61da48916a,MEDIA,,,,,,https://aurumprivee.com/product-images/catalog-v2/1a6ed9b7-c698-464b-b856-6bb31bcf8a78.webp,Jaguar - Green 3.40z EDT SP product image,,,,,,,,,,,,,,,,,,,,,,,,,,,,,,,,,,,,,,,,,,,,,,,,,,,,,,,,,,,,,,,,,,,,,,,,,,,,,,,,,,,,,,,,
ap-2170923c-5903-4287-8ae7-b6f170f2d092,PRODUCT,Oud,TRUE,An authentic men’s fragrance collection selected for the Aurum Privée collection.,all-fragrances;for-him;woody,all-fragrances,,,,Jaguar,45.00,,,,,,,1,FALSE,,,2170923c-5903-4287-8ae7-b6f170f2d092,,,,,,,,,,,,,,,,,,,,,,,,,,,,,,,,,,,,,,,,,,,,,,,,,,,,,,,,,,,,,,,,,,,,,,,,,,
ap-2170923c-5903-4287-8ae7-b6f170f2d092,MEDIA,,,,,,https://aurumprivee.com/product-images/catalog-v2/b1a724c3-56fa-40c8-821d-b685e841751b.webp,Jaguar - Oud 3.4 oz EDP SP product image,,,,,,,,,,,,,,,,,,,,,,,,,,,,,,,,,,,,,,,,,,,,,,,,,,,,,,,,,,,,,,,,,,,,,,,,,,,,,,,,,,,,,,,,
ap-46e1e66a-e5a3-4c8e-8d9e-3305e63ec198,PRODUCT,Vision III,TRUE,An authentic men's fragrance collection selected for the Aurum Privée collection.,all-fragrances;for-him;woody,all-fragrances,,,,Jaguar,48.00,,,,,,,4,FALSE,,,46e1e66a-e5a3-4c8e-8d9e-3305e63ec198,,,,,,,,,,,,,,,,,,,,,,,,,,,,,,,,,,,,,,,,,,,,,,,,,,,,,,,,,,,,,,,,,,,,,,,,,,
ap-46e1e66a-e5a3-4c8e-8d9e-3305e63ec198,MEDIA,,,,,,https://aurumprivee.com/product-images/catalog-v2/e737692b-e49c-4d74-978c-6129e29d3bbb.webp,Jaguar - Vision III 3.4oz EDT SP product image,,,,,,,,,,,,,,,,,,,,,,,,,,,,,,,,,,,,,,,,,,,,,,,,,,,,,,,,,,,,,,,,,,,,,,,,,,,,,,,,,,,,,,,,
ap-bed6f3b0-6e42-488a-838e-fe53bf538c04,PRODUCT,Divine,TRUE,An authentic men's fragrance collection selected for the Aurum Privée collection.,all-fragrances;for-him;woody,all-fragrances,,,,Jean Paul Gaultier,115.00,,,,,,,4,FALSE,,,bed6f3b0-6e42-488a-838e-fe53bf538c04,,,,,,,,,,,,,,,,,,,,,,,,,,,,,,,,,,,,,,,,,,,,,,,,,,,,,,,,,,,,,,,,,,,,,,,,,,
ap-bed6f3b0-6e42-488a-838e-fe53bf538c04,MEDIA,,,,,,https://aurumprivee.com/product-images/catalog-v2/5ec524a7-b3ae-4c1e-bbad-76e77847582e.webp,Jean Paul Gaultier - Divine 1.7 oz EDP SP product image,,,,,,,,,,,,,,,,,,,,,,,,,,,,,,,,,,,,,,,,,,,,,,,,,,,,,,,,,,,,,,,,,,,,,,,,,,,,,,,,,,,,,,,,
ap-12c0ed00-f574-45e6-9ce9-e6a5b75fc76b,PRODUCT,Divine Woman Le Parfum 3.4 Intense,TRUE,An authentic women's fragrance collection selected for the Aurum Privée collection.,all-fragrances;for-her;floral,all-fragrances,,,,Jean Paul Gaultier,184.00,,,,,,,4,FALSE,,,12c0ed00-f574-45e6-9ce9-e6a5b75fc76b,,,,,,,,,,,,,,,,,,,,,,,,,,,,,,,,,,,,,,,,,,,,,,,,,,,,,,,,,,,,,,,,,,,,,,,,,,
ap-12c0ed00-f574-45e6-9ce9-e6a5b75fc76b,MEDIA,,,,,,https://aurumprivee.com/product-images/catalog-v2/aa1c642d-604a-40c1-a3a0-a2c74376bc9a.webp,Jean Paul Gaultier - Divine Woman Le Parfum 3.4 Intense EDP SP product image,,,,,,,,,,,,,,,,,,,,,,,,,,,,,,,,,,,,,,,,,,,,,,,,,,,,,,,,,,,,,,,,,,,,,,,,,,,,,,,,,,,,,,,,
ap-9172af01-feb6-491e-b245-288bfb4617d9,PRODUCT,Le Beau,TRUE,An authentic men's fragrance collection selected for the Aurum Privée collection.,all-fragrances;for-him;woody,all-fragrances,,,,Jean Paul Gaultier,132.00,,,,,,,2,FALSE,,,9172af01-feb6-491e-b245-288bfb4617d9,,,,,,,,,,,,,,,,,,,,,,,,,,,,,,,,,,,,,,,,,,,,,,,,,,,,,,,,,,,,,,,,,,,,,,,,,,
ap-9172af01-feb6-491e-b245-288bfb4617d9,MEDIA,,,,,,https://aurumprivee.com/product-images/catalog-v2/f59b81bd-ed46-4fde-bac5-14632d86766e.webp,Jean Paul Gaultier - Le Beau 4.2 EDT SP product image,,,,,,,,,,,,,,,,,,,,,,,,,,,,,,,,,,,,,,,,,,,,,,,,,,,,,,,,,,,,,,,,,,,,,,,,,,,,,,,,,,,,,,,,
ap-0745968f-cae9-4d72-8bfc-aa158f1ff0e8,PRODUCT,Le Male Elixir,TRUE,An authentic men’s fragrance collection selected for the Aurum Privée collection.,all-fragrances;for-him;woody,all-fragrances,,,,Jean Paul Gaultier,119.00,,,,,,,1,FALSE,,,0745968f-cae9-4d72-8bfc-aa158f1ff0e8,,,,,,,,,,,,,,,,,,,,,,,,,,,,,,,,,,,,,,,,,,,,,,,,,,,,,,,,,,,,,,,,,,,,,,,,,,
ap-0745968f-cae9-4d72-8bfc-aa158f1ff0e8,MEDIA,,,,,,https://aurumprivee.com/product-images/catalog-v2/57d38fcb-4292-4743-a10a-7f4198a07a16.webp,Jean Paul Gaultier - Le Male Elixir 2.5 oz product image,,,,,,,,,,,,,,,,,,,,,,,,,,,,,,,,,,,,,,,,,,,,,,,,,,,,,,,,,,,,,,,,,,,,,,,,,,,,,,,,,,,,,,,,
ap-c89764e9-2e1b-40b3-9ebe-9239ba7ac876,PRODUCT,Le Male Elixir Absolu Parfum Intsn,TRUE,An authentic men's fragrance collection selected for the Aurum Privée collection.,all-fragrances;for-him;woody,all-fragrances,,,,Jean Paul Gaultier,140.00,,,,,,,3,FALSE,,,c89764e9-2e1b-40b3-9ebe-9239ba7ac876,,,,,,,,,,,,,,,,,,,,,,,,,,,,,,,,,,,,,,,,,,,,,,,,,,,,,,,,,,,,,,,,,,,,,,,,,,
ap-c89764e9-2e1b-40b3-9ebe-9239ba7ac876,MEDIA,,,,,,https://aurumprivee.com/product-images/catalog-v2/9461d9c4-c819-430b-9f8b-05def9b38188.webp,Jean Paul Gaultier - Le Male Elixir Absolu Parfum Intsn 2.5oz SP product image,,,,,,,,,,,,,,,,,,,,,,,,,,,,,,,,,,,,,,,,,,,,,,,,,,,,,,,,,,,,,,,,,,,,,,,,,,,,,,,,,,,,,,,,
ap-df9a730e-b109-4464-bbc3-91d0040a7454,PRODUCT,Scandal Absolu,TRUE,An authentic women's fragrance collection selected for the Aurum Privée collection.,all-fragrances;for-her;floral,all-fragrances,,,,Jean Paul Gaultier,176.00,,,,,,,6,FALSE,,,df9a730e-b109-4464-bbc3-91d0040a7454,,,,,,,,,,,,,,,,,,,,,,,,,,,,,,,,,,,,,,,,,,,,,,,,,,,,,,,,,,,,,,,,,,,,,,,,,,
ap-df9a730e-b109-4464-bbc3-91d0040a7454,MEDIA,,,,,,https://aurumprivee.com/product-images/catalog-v2/a5903e96-689d-4aa7-99c1-df9db97cb883.webp,Jean Paul Gaultier - Scandal Absolu 2.7oz SP product image,,,,,,,,,,,,,,,,,,,,,,,,,,,,,,,,,,,,,,,,,,,,,,,,,,,,,,,,,,,,,,,,,,,,,,,,,,,,,,,,,,,,,,,,
ap-cd1dc1ab-7a7e-4fd5-9c81-93362ef4cfdf,PRODUCT,Scandal Intense,TRUE,An authentic women's fragrance collection selected for the Aurum Privée collection.,all-fragrances;for-her;floral,all-fragrances,,,,Jean Paul Gaultier,159.00,,,,,,,1,FALSE,,,cd1dc1ab-7a7e-4fd5-9c81-93362ef4cfdf,,,,,,,,,,,,,,,,,,,,,,,,,,,,,,,,,,,,,,,,,,,,,,,,,,,,,,,,,,,,,,,,,,,,,,,,,,
ap-cd1dc1ab-7a7e-4fd5-9c81-93362ef4cfdf,MEDIA,,,,,,https://aurumprivee.com/product-images/catalog-v2/efb37f60-3481-4a0d-844e-9fc189bc88ea.webp,Jean Paul Gaultier - Scandal Intense EDP SP 2.7oz product image,,,,,,,,,,,,,,,,,,,,,,,,,,,,,,,,,,,,,,,,,,,,,,,,,,,,,,,,,,,,,,,,,,,,,,,,,,,,,,,,,,,,,,,,
ap-294cd49f-b0cd-4dad-98dd-a02a282b6a19,PRODUCT,Scandal,TRUE,An authentic men's fragrance collection selected for the Aurum Privée collection.,all-fragrances;for-him;woody,all-fragrances,,,,Jean Paul Gaultier,125.00,,,,,,,4,FALSE,,,294cd49f-b0cd-4dad-98dd-a02a282b6a19,,,,,,,,,,,,,,,,,,,,,,,,,,,,,,,,,,,,,,,,,,,,,,,,,,,,,,,,,,,,,,,,,,,,,,,,,,
ap-294cd49f-b0cd-4dad-98dd-a02a282b6a19,MEDIA,,,,,,https://aurumprivee.com/product-images/catalog-v2/4f1a139b-15ab-4d4c-9dd8-acc13135768f.webp,Jean Paul Gaultier - Scandal Pour Homme 6.7 EDT product image,,,,,,,,,,,,,,,,,,,,,,,,,,,,,,,,,,,,,,,,,,,,,,,,,,,,,,,,,,,,,,,,,,,,,,,,,,,,,,,,,,,,,,,,
ap-8e60de6b-47f5-4c58-b893-42cefb2f5b41,PRODUCT,Ultra Male Intense,TRUE,An authentic men's fragrance collection selected for the Aurum Privée collection.,all-fragrances;for-him;woody,all-fragrances,,,,Jean Paul Gaultier,125.00,,,,,,,1,FALSE,,,8e60de6b-47f5-4c58-b893-42cefb2f5b41,,,,,,,,,,,,,,,,,,,,,,,,,,,,,,,,,,,,,,,,,,,,,,,,,,,,,,,,,,,,,,,,,,,,,,,,,,
ap-8e60de6b-47f5-4c58-b893-42cefb2f5b41,MEDIA,,,,,,https://aurumprivee.com/product-images/catalog-v2/79968d48-7a68-49c9-9faf-bd8ceae8a1ab.webp,Jean Paul Gaultier - Ultra Male Intense EDT SP 4.2 oz product image,,,,,,,,,,,,,,,,,,,,,,,,,,,,,,,,,,,,,,,,,,,,,,,,,,,,,,,,,,,,,,,,,,,,,,,,,,,,,,,,,,,,,,,,
ap-d17b1e92-ef73-44ae-b4a1-6575466713e1,PRODUCT,Still,TRUE,An authentic women’s fragrance collection selected for the Aurum Privée collection.,all-fragrances;for-her;floral,all-fragrances,,,,Jennifer Lopez,65.00,,,,,,,6,FALSE,,,d17b1e92-ef73-44ae-b4a1-6575466713e1,,,,,,,,,,,,,,,,,,,,,,,,,,,,,,,,,,,,,,,,,,,,,,,,,,,,,,,,,,,,,,,,,,,,,,,,,,
ap-d17b1e92-ef73-44ae-b4a1-6575466713e1,MEDIA,,,,,,https://aurumprivee.com/product-images/catalog-v2/1bae6459-75c5-4e92-bb32-07806130d37e.webp,Jennifer Lopez - Still EDP SP 3.4 oz product image,,,,,,,,,,,,,,,,,,,,,,,,,,,,,,,,,,,,,,,,,,,,,,,,,,,,,,,,,,,,,,,,,,,,,,,,,,,,,,,,,,,,,,,,
ap-19f7f788-63c0-4052-814c-b00715c830e6,PRODUCT,Fancy Love,TRUE,An authentic women’s fragrance collection selected for the Aurum Privée collection.,all-fragrances;for-her;floral,all-fragrances,,,,Jessica Simpson,68.00,,,,,,,999999,FALSE,,,19f7f788-63c0-4052-814c-b00715c830e6,,,,,,,,,,,,,,,,,,,,,,,,,,,,,,,,,,,,,,,,,,,,,,,,,,,,,,,,,,,,,,,,,,,,,,,,,,
ap-19f7f788-63c0-4052-814c-b00715c830e6,MEDIA,,,,,,https://aurumprivee.com/product-images/catalog-v2/e200efd8-0be9-4bc2-af32-32f8e7b03316.webp,Jessica Simpson - Fancy Love 3.4 oz (100ml) EDP SP product image,,,,,,,,,,,,,,,,,,,,,,,,,,,,,,,,,,,,,,,,,,,,,,,,,,,,,,,,,,,,,,,,,,,,,,,,,,,,,,,,,,,,,,,,
ap-d9d63868-8771-4471-86de-1dde6c7f5d0c,PRODUCT,Aqua,TRUE,An authentic men’s fragrance collection selected for the Aurum Privée collection.,all-fragrances;for-him;woody,all-fragrances,,,,Jimmy Choo,98.00,,,,,,,4,FALSE,,,d9d63868-8771-4471-86de-1dde6c7f5d0c,,,,,,,,,,,,,,,,,,,,,,,,,,,,,,,,,,,,,,,,,,,,,,,,,,,,,,,,,,,,,,,,,,,,,,,,,,
ap-d9d63868-8771-4471-86de-1dde6c7f5d0c,MEDIA,,,,,,https://aurumprivee.com/product-images/catalog-v2/6f0b032e-d4ed-479e-b049-4deffa018c8a.webp,Jimmy Choo - Aqua Men 3.4 EDT SP product image,,,,,,,,,,,,,,,,,,,,,,,,,,,,,,,,,,,,,,,,,,,,,,,,,,,,,,,,,,,,,,,,,,,,,,,,,,,,,,,,,,,,,,,,
ap-c460ee28-ed74-4d19-8eb8-78d49a39c98a,PRODUCT,Illicit,TRUE,An authentic women’s fragrance collection selected for the Aurum Privée collection.,all-fragrances;for-her;floral,all-fragrances,,,,Jimmy Choo,115.00,,,,,,,4,FALSE,,,c460ee28-ed74-4d19-8eb8-78d49a39c98a,,,,,,,,,,,,,,,,,,,,,,,,,,,,,,,,,,,,,,,,,,,,,,,,,,,,,,,,,,,,,,,,,,,,,,,,,,
ap-c460ee28-ed74-4d19-8eb8-78d49a39c98a,MEDIA,,,,,,https://aurumprivee.com/product-images/catalog-v2/16d0447f-0417-4c47-8696-bbcb9dde02a3.webp,Jimmy Choo - Illicit Woman 3.4 EDP SP product image,,,,,,,,,,,,,,,,,,,,,,,,,,,,,,,,,,,,,,,,,,,,,,,,,,,,,,,,,,,,,,,,,,,,,,,,,,,,,,,,,,,,,,,,
ap-7a523c42-570e-468c-8dd8-01e5b1b727b6,PRODUCT,Man Intense,TRUE,An authentic men’s fragrance collection selected for the Aurum Privée collection.,all-fragrances;for-him;woody,all-fragrances,,,,Jimmy Choo,125.00,,,,,,,1,FALSE,,,7a523c42-570e-468c-8dd8-01e5b1b727b6,,,,,,,,,,,,,,,,,,,,,,,,,,,,,,,,,,,,,,,,,,,,,,,,,,,,,,,,,,,,,,,,,,,,,,,,,,
ap-7a523c42-570e-468c-8dd8-01e5b1b727b6,MEDIA,,,,,,https://aurumprivee.com/product-images/catalog-v2/416fd56a-e763-4fae-be81-1460e3e93dbe.webp,Jimmy Choo - Man Intense 3.3 oz EDT SP product image,,,,,,,,,,,,,,,,,,,,,,,,,,,,,,,,,,,,,,,,,,,,,,,,,,,,,,,,,,,,,,,,,,,,,,,,,,,,,,,,,,,,,,,,
ap-6f1d4d3d-3269-498f-bfe4-1e06efde0c38,PRODUCT,Rose Passion,TRUE,An authentic women’s fragrance collection selected for the Aurum Privée collection.,all-fragrances;for-her;floral,all-fragrances,,,,Jimmy Choo,126.00,,,,,,,1,FALSE,,,6f1d4d3d-3269-498f-bfe4-1e06efde0c38,,,,,,,,,,,,,,,,,,,,,,,,,,,,,,,,,,,,,,,,,,,,,,,,,,,,,,,,,,,,,,,,,,,,,,,,,,
ap-6f1d4d3d-3269-498f-bfe4-1e06efde0c38,MEDIA,,,,,,https://aurumprivee.com/product-images/catalog-v2/3387e45c-ee23-48c5-b6ca-bac029a52a6c.webp,Jimmy Choo - Rose Passion Woman 3.4 EDP SP product image,,,,,,,,,,,,,,,,,,,,,,,,,,,,,,,,,,,,,,,,,,,,,,,,,,,,,,,,,,,,,,,,,,,,,,,,,,,,,,,,,,,,,,,,
ap-19108d4f-12e8-4d2b-a88e-812b3674274d,PRODUCT,Woman,TRUE,An authentic women's fragrance collection selected for the Aurum Privée collection.,all-fragrances;for-her;floral,all-fragrances,,,,Jimmy Choo,125.00,,,,,,,1,FALSE,,,19108d4f-12e8-4d2b-a88e-812b3674274d,,,,,,,,,,,,,,,,,,,,,,,,,,,,,,,,,,,,,,,,,,,,,,,,,,,,,,,,,,,,,,,,,,,,,,,,,,
ap-19108d4f-12e8-4d2b-a88e-812b3674274d,MEDIA,,,,,,https://aurumprivee.com/product-images/catalog-v2/5cb39665-e1bb-4eaa-b2e8-7b2d6152ba9d.webp,Jimmy Choo - Woman 3.4 EDP SP Gift Set product image,,,,,,,,,,,,,,,,,,,,,,,,,,,,,,,,,,,,,,,,,,,,,,,,,,,,,,,,,,,,,,,,,,,,,,,,,,,,,,,,,,,,,,,,
ap-57a30baa-f1d2-4305-8638-36a9997b8eaa,PRODUCT,Oui,TRUE,An authentic women’s fragrance collection selected for the Aurum Privée collection.,all-fragrances;for-her;floral,all-fragrances,,,,Juicy Couture,106.00,,,,,,,4,FALSE,,,57a30baa-f1d2-4305-8638-36a9997b8eaa,,,,,,,,,,,,,,,,,,,,,,,,,,,,,,,,,,,,,,,,,,,,,,,,,,,,,,,,,,,,,,,,,,,,,,,,,,
ap-57a30baa-f1d2-4305-8638-36a9997b8eaa,MEDIA,,,,,,https://aurumprivee.com/product-images/catalog-v2/060f82d7-2a88-4a0b-ac14-2d8bca670a2e.webp,Juicy Couture - Oui Woman 3.4 EDP product image,,,,,,,,,,,,,,,,,,,,,,,,,,,,,,,,,,,,,,,,,,,,,,,,,,,,,,,,,,,,,,,,,,,,,,,,,,,,,,,,,,,,,,,,
ap-763e3dc8-3e23-4de7-ae7c-291f6cc9e993,PRODUCT,Peace Love & Juicy EDP 3.4,TRUE,An authentic women’s fragrance collection selected for the Aurum Privée collection.,all-fragrances;for-her;floral,all-fragrances,,,,Juicy Couture,90.00,,,,,,,1,FALSE,,,763e3dc8-3e23-4de7-ae7c-291f6cc9e993,,,,,,,,,,,,,,,,,,,,,,,,,,,,,,,,,,,,,,,,,,,,,,,,,,,,,,,,,,,,,,,,,,,,,,,,,,
ap-763e3dc8-3e23-4de7-ae7c-291f6cc9e993,MEDIA,,,,,,https://aurumprivee.com/product-images/catalog-v2/5703a4ce-3bdd-4318-af10-fdf626d552d1.webp,Juicy Couture - Peace Love & Juicy EDP 3.4 product image,,,,,,,,,,,,,,,,,,,,,,,,,,,,,,,,,,,,,,,,,,,,,,,,,,,,,,,,,,,,,,,,,,,,,,,,,,,,,,,,,,,,,,,,
ap-b3825a93-a0f0-433a-a2ce-203a9e6bc87a,PRODUCT,Viva La Juicy Noir EDP SP 3.4,TRUE,An authentic women’s fragrance collection selected for the Aurum Privée collection.,all-fragrances;for-her;floral,all-fragrances,,,,Juicy Couture,106.00,,,,,,,3,FALSE,,,b3825a93-a0f0-433a-a2ce-203a9e6bc87a,,,,,,,,,,,,,,,,,,,,,,,,,,,,,,,,,,,,,,,,,,,,,,,,,,,,,,,,,,,,,,,,,,,,,,,,,,
ap-b3825a93-a0f0-433a-a2ce-203a9e6bc87a,MEDIA,,,,,,https://aurumprivee.com/product-images/catalog-v2/6206931f-f56d-4181-a217-0a4895c8e356.webp,Juicy Couture - Viva La Juicy Noir EDP SP 3.4 product image,,,,,,,,,,,,,,,,,,,,,,,,,,,,,,,,,,,,,,,,,,,,,,,,,,,,,,,,,,,,,,,,,,,,,,,,,,,,,,,,,,,,,,,,
ap-2a857aa0-871d-4c8b-9e9e-9ff351e46109,PRODUCT,Mango Mojito,TRUE,An authentic women’s fragrance collection selected for the Aurum Privée collection.,all-fragrances;for-her;floral,all-fragrances,,,,Kandy Bomb,45.00,,,,,,,4,FALSE,,,2a857aa0-871d-4c8b-9e9e-9ff351e46109,,,,,,,,,,,,,,,,,,,,,,,,,,,,,,,,,,,,,,,,,,,,,,,,,,,,,,,,,,,,,,,,,,,,,,,,,,
ap-2a857aa0-871d-4c8b-9e9e-9ff351e46109,MEDIA,,,,,,https://aurumprivee.com/product-images/catalog-v2/16397658-31fe-4b21-8dc1-ef731bc84fe4.webp,Kandy Bomb - Mango Mojito Eau de Parfum Spray 3.4 oz/100ml product image,,,,,,,,,,,,,,,,,,,,,,,,,,,,,,,,,,,,,,,,,,,,,,,,,,,,,,,,,,,,,,,,,,,,,,,,,,,,,,,,,,,,,,,,
ap-6f1c0f3f-1eac-4d24-9bbc-2b8692effc83,PRODUCT,Sugar Fix,TRUE,An authentic women’s fragrance collection selected for the Aurum Privée collection.,all-fragrances;for-her;floral,all-fragrances,,,,Kandy Bomb,12.99,,,,,,,5,FALSE,,,6f1c0f3f-1eac-4d24-9bbc-2b8692effc83,,,,,,,,,,,,,,,,,,,,,,,,,,,,,,,,,,,,,,,,,,,,,,,,,,,,,,,,,,,,,,,,,,,,,,,,,,
ap-6f1c0f3f-1eac-4d24-9bbc-2b8692effc83,MEDIA,,,,,,https://aurumprivee.com/product-images/catalog-v2/7817e069-ee8c-4781-b393-a15536de0335.webp,Kandy Bomb - Sugar Fix EDP 3.4 oz product image,,,,,,,,,,,,,,,,,,,,,,,,,,,,,,,,,,,,,,,,,,,,,,,,,,,,,,,,,,,,,,,,,,,,,,,,,,,,,,,,,,,,,,,,
ap-9805439a-2e07-4e6a-aace-94665c9d68d5,PRODUCT,Purr,TRUE,An authentic women’s fragrance collection selected for the Aurum Privée collection.,all-fragrances;for-her;floral,all-fragrances,,,,Katy Perry,69.50,,,,,,,3,FALSE,,,9805439a-2e07-4e6a-aace-94665c9d68d5,,,,,,,,,,,,,,,,,,,,,,,,,,,,,,,,,,,,,,,,,,,,,,,,,,,,,,,,,,,,,,,,,,,,,,,,,,
ap-9805439a-2e07-4e6a-aace-94665c9d68d5,MEDIA,,,,,,https://aurumprivee.com/product-images/catalog-v2/654b9fca-1545-475a-b08a-68b4dc7843ec.webp,Katy Perry - Purr EDP SP 3.4 oz product image,,,,,,,,,,,,,,,,,,,,,,,,,,,,,,,,,,,,,,,,,,,,,,,,,,,,,,,,,,,,,,,,,,,,,,,,,,,,,,,,,,,,,,,,
ap-ad4342dd-d909-405d-ae88-ec8adccd8c53,PRODUCT,Black,TRUE,An authentic men’s fragrance collection selected for the Aurum Privée collection.,all-fragrances;for-him;woody,all-fragrances,,,,Kenneth Cole,80.00,,,,,,,1,FALSE,,,ad4342dd-d909-405d-ae88-ec8adccd8c53,,,,,,,,,,,,,,,,,,,,,,,,,,,,,,,,,,,,,,,,,,,,,,,,,,,,,,,,,,,,,,,,,,,,,,,,,,
ap-ad4342dd-d909-405d-ae88-ec8adccd8c53,MEDIA,,,,,,https://aurumprivee.com/product-images/catalog-v2/27d761e8-ddbb-4d90-8917-1795b9888af8.webp,Kenneth Cole - Black Men 3.3 EDT SP product image,,,,,,,,,,,,,,,,,,,,,,,,,,,,,,,,,,,,,,,,,,,,,,,,,,,,,,,,,,,,,,,,,,,,,,,,,,,,,,,,,,,,,,,,
ap-0ce9b107-8318-4aaf-aa3f-54c258c31c98,PRODUCT,Energy,TRUE,An authentic men’s fragrance collection selected for the Aurum Privée collection.,all-fragrances;for-him;woody,all-fragrances,,,,Kenneth Cole,85.00,,,,,,,3,FALSE,,,0ce9b107-8318-4aaf-aa3f-54c258c31c98,,,,,,,,,,,,,,,,,,,,,,,,,,,,,,,,,,,,,,,,,,,,,,,,,,,,,,,,,,,,,,,,,,,,,,,,,,
ap-0ce9b107-8318-4aaf-aa3f-54c258c31c98,MEDIA,,,,,,https://aurumprivee.com/product-images/catalog-v2/7fbe867c-afab-4414-8706-f4c830605fde.webp,Kenneth Cole - Energy 3.4 EDT SP product image,,,,,,,,,,,,,,,,,,,,,,,,,,,,,,,,,,,,,,,,,,,,,,,,,,,,,,,,,,,,,,,,,,,,,,,,,,,,,,,,,,,,,,,,
ap-b79bc7ca-3387-4d2d-b4ab-b565c2a86331,PRODUCT,Mankind Unlimited,TRUE,An authentic men’s fragrance collection selected for the Aurum Privée collection.,all-fragrances;for-him;woody,all-fragrances,,,,Kenneth Cole,95.00,,,,,,,4,FALSE,,,b79bc7ca-3387-4d2d-b4ab-b565c2a86331,,,,,,,,,,,,,,,,,,,,,,,,,,,,,,,,,,,,,,,,,,,,,,,,,,,,,,,,,,,,,,,,,,,,,,,,,,
ap-b79bc7ca-3387-4d2d-b4ab-b565c2a86331,MEDIA,,,,,,https://aurumprivee.com/product-images/catalog-v2/6021d24f-f1df-436a-bc99-69eb0f902649.webp,Kenneth Cole - Mankind Unlimited 6.7 EDT SP product image,,,,,,,,,,,,,,,,,,,,,,,,,,,,,,,,,,,,,,,,,,,,,,,,,,,,,,,,,,,,,,,,,,,,,,,,,,,,,,,,,,,,,,,,
ap-3d7fbcd2-7567-4748-8527-6de6b9459e45,PRODUCT,Reaction For Her,TRUE,An authentic women’s fragrance collection selected for the Aurum Privée collection.,all-fragrances;for-her;floral,all-fragrances,,,,Kenneth Cole,78.00,,,,,,,1,FALSE,,,3d7fbcd2-7567-4748-8527-6de6b9459e45,,,,,,,,,,,,,,,,,,,,,,,,,,,,,,,,,,,,,,,,,,,,,,,,,,,,,,,,,,,,,,,,,,,,,,,,,,
ap-3d7fbcd2-7567-4748-8527-6de6b9459e45,MEDIA,,,,,,https://aurumprivee.com/product-images/catalog-v2/51d83889-8f4f-4690-9197-c4364d4f1fe5.webp,Kenneth Cole - Reaction For Her 3.4 EDT product image,,,,,,,,,,,,,,,,,,,,,,,,,,,,,,,,,,,,,,,,,,,,,,,,,,,,,,,,,,,,,,,,,,,,,,,,,,,,,,,,,,,,,,,,
ap-6954e3ea-7ebb-4b90-8807-93a0922d6967,PRODUCT,Vintage Black,TRUE,An authentic men’s fragrance collection selected for the Aurum Privée collection.,all-fragrances;for-him;woody,all-fragrances,,,,Kenneth Cole,82.00,,,,,,,5,FALSE,,,6954e3ea-7ebb-4b90-8807-93a0922d6967,,,,,,,,,,,,,,,,,,,,,,,,,,,,,,,,,,,,,,,,,,,,,,,,,,,,,,,,,,,,,,,,,,,,,,,,,,
ap-6954e3ea-7ebb-4b90-8807-93a0922d6967,MEDIA,,,,,,https://aurumprivee.com/product-images/catalog-v2/b2480809-7c2b-474c-9546-e769a817123e.webp,Kenneth Cole - Vintage Black Men 3.4 EDT SP product image,,,,,,,,,,,,,,,,,,,,,,,,,,,,,,,,,,,,,,,,,,,,,,,,,,,,,,,,,,,,,,,,,,,,,,,,,,,,,,,,,,,,,,,,
ap-a4b42486-d3c1-44a2-b803-724183ce4d76,PRODUCT,Red,TRUE,An authentic men's fragrance collection selected for the Aurum Privée collection.,all-fragrances;for-him;woody,all-fragrances,,,,Lacoste,92.00,,,,,,,4,FALSE,,,a4b42486-d3c1-44a2-b803-724183ce4d76,,,,,,,,,,,,,,,,,,,,,,,,,,,,,,,,,,,,,,,,,,,,,,,,,,,,,,,,,,,,,,,,,,,,,,,,,,
ap-a4b42486-d3c1-44a2-b803-724183ce4d76,MEDIA,,,,,,https://aurumprivee.com/product-images/catalog-v2/1b40658e-5314-4b2c-b9b1-ee27e75bfb3c.webp,Lacoste - Red 4.2 EDT SP product image,,,,,,,,,,,,,,,,,,,,,,,,,,,,,,,,,,,,,,,,,,,,,,,,,,,,,,,,,,,,,,,,,,,,,,,,,,,,,,,,,,,,,,,,
ap-2bbd0fc6-095a-4696-b2a2-21bcbd521bf7,PRODUCT,Idole Aura,TRUE,An authentic women’s fragrance collection selected for the Aurum Privée collection.,all-fragrances;for-her;floral,all-fragrances,,,,Lancome,129.00,,,,,,,6,FALSE,,,2bbd0fc6-095a-4696-b2a2-21bcbd521bf7,,,,,,,,,,,,,,,,,,,,,,,,,,,,,,,,,,,,,,,,,,,,,,,,,,,,,,,,,,,,,,,,,,,,,,,,,,
ap-2bbd0fc6-095a-4696-b2a2-21bcbd521bf7,MEDIA,,,,,,https://aurumprivee.com/product-images/catalog-v2/30ae708c-479f-4f4c-b795-067ec580d0f4.webp,Lancome - Idole Aura Woman 3.4  EDP  SP product image,,,,,,,,,,,,,,,,,,,,,,,,,,,,,,,,,,,,,,,,,,,,,,,,,,,,,,,,,,,,,,,,,,,,,,,,,,,,,,,,,,,,,,,,
ap-25a76f0a-430c-4979-9c46-77c22f4c174b,PRODUCT,Idole L'eau De Parfum Nectar,TRUE,An authentic women’s fragrance collection selected for the Aurum Privée collection.,all-fragrances;for-her;floral,all-fragrances,,,,Lancome,142.00,,,,,,,2,FALSE,,,25a76f0a-430c-4979-9c46-77c22f4c174b,,,,,,,,,,,,,,,,,,,,,,,,,,,,,,,,,,,,,,,,,,,,,,,,,,,,,,,,,,,,,,,,,,,,,,,,,,
ap-25a76f0a-430c-4979-9c46-77c22f4c174b,MEDIA,,,,,,https://aurumprivee.com/product-images/catalog-v2/6e83d7e0-b0f2-40e7-866f-72ba5fd4fe17.webp,Lancome - Idole L'eau De Parfum Nectar 3.4  EDP product image,,,,,,,,,,,,,,,,,,,,,,,,,,,,,,,,,,,,,,,,,,,,,,,,,,,,,,,,,,,,,,,,,,,,,,,,,,,,,,,,,,,,,,,,
ap-3a8a2a63-c05b-4663-b245-c3021b81e0bd,PRODUCT,Idole L'Intense,TRUE,An authentic women’s fragrance collection selected for the Aurum Privée collection.,all-fragrances;for-her;floral,all-fragrances,,,,Lancome,135.00,,,,,,,6,FALSE,,,3a8a2a63-c05b-4663-b245-c3021b81e0bd,,,,,,,,,,,,,,,,,,,,,,,,,,,,,,,,,,,,,,,,,,,,,,,,,,,,,,,,,,,,,,,,,,,,,,,,,,
ap-3a8a2a63-c05b-4663-b245-c3021b81e0bd,MEDIA,,,,,,https://aurumprivee.com/product-images/catalog-v2/b27f921c-8d5c-47a2-8ef2-5634b01ebeef.webp,Lancome - Idole L'Intense 2.5 EDP product image,,,,,,,,,,,,,,,,,,,,,,,,,,,,,,,,,,,,,,,,,,,,,,,,,,,,,,,,,,,,,,,,,,,,,,,,,,,,,,,,,,,,,,,,
ap-1ea4ea82-5b3e-4d17-ae8f-5fdca9587eb2,PRODUCT,La Nuit Tresor,TRUE,An authentic women’s fragrance collection selected for the Aurum Privée collection.,all-fragrances;for-her;floral,all-fragrances,,,,Lancome,98.00,,,,,,,1,FALSE,,,1ea4ea82-5b3e-4d17-ae8f-5fdca9587eb2,,,,,,,,,,,,,,,,,,,,,,,,,,,,,,,,,,,,,,,,,,,,,,,,,,,,,,,,,,,,,,,,,,,,,,,,,,
ap-1ea4ea82-5b3e-4d17-ae8f-5fdca9587eb2,MEDIA,,,,,,https://aurumprivee.com/product-images/catalog-v2/3f358a26-b87e-49b6-9721-a1d0e34c0e98.webp,Lancome - La Nuit Tresor 1.7 oz EDP SP product image,,,,,,,,,,,,,,,,,,,,,,,,,,,,,,,,,,,,,,,,,,,,,,,,,,,,,,,,,,,,,,,,,,,,,,,,,,,,,,,,,,,,,,,,
ap-fad7c838-8152-4318-8bdf-57b6b7a5c34e,PRODUCT,La Vie Est Belle Intensement EDP 3.4,TRUE,An authentic women’s fragrance collection selected for the Aurum Privée collection.,all-fragrances;for-her;floral,all-fragrances,,,,Lancome,150.00,,,,,,,4,FALSE,,,fad7c838-8152-4318-8bdf-57b6b7a5c34e,,,,,,,,,,,,,,,,,,,,,,,,,,,,,,,,,,,,,,,,,,,,,,,,,,,,,,,,,,,,,,,,,,,,,,,,,,
ap-fad7c838-8152-4318-8bdf-57b6b7a5c34e,MEDIA,,,,,,https://aurumprivee.com/product-images/catalog-v2/37b54249-3c6d-43d8-938e-30ff2a539fe9.webp,Lancome - La Vie Est Belle Intensement EDP 3.4 product image,,,,,,,,,,,,,,,,,,,,,,,,,,,,,,,,,,,,,,,,,,,,,,,,,,,,,,,,,,,,,,,,,,,,,,,,,,,,,,,,,,,,,,,,
ap-af28851a-76f6-42cd-a6e0-371ad2608b7c,PRODUCT,La Vie Est Belle Iris Absolu EDP 3.4,TRUE,An authentic women’s fragrance collection selected for the Aurum Privée collection.,all-fragrances;for-her;floral,all-fragrances,,,,Lancome,158.00,,,,,,,3,FALSE,,,af28851a-76f6-42cd-a6e0-371ad2608b7c,,,,,,,,,,,,,,,,,,,,,,,,,,,,,,,,,,,,,,,,,,,,,,,,,,,,,,,,,,,,,,,,,,,,,,,,,,
ap-af28851a-76f6-42cd-a6e0-371ad2608b7c,MEDIA,,,,,,https://aurumprivee.com/product-images/catalog-v2/5f51a988-7a98-4e6f-9049-137679edff6f.webp,Lancome - La Vie Est Belle Iris Absolu EDP 3.4 product image,,,,,,,,,,,,,,,,,,,,,,,,,,,,,,,,,,,,,,,,,,,,,,,,,,,,,,,,,,,,,,,,,,,,,,,,,,,,,,,,,,,,,,,,
ap-822028ac-4dfb-4e68-9d67-cb1c8438c34a,PRODUCT,La Vie Est Belle Soleil Cristal,TRUE,An authentic women’s fragrance collection selected for the Aurum Privée collection.,all-fragrances;for-her;floral,all-fragrances,,,,Lancome,135.00,,,,,,,5,FALSE,,,822028ac-4dfb-4e68-9d67-cb1c8438c34a,,,,,,,,,,,,,,,,,,,,,,,,,,,,,,,,,,,,,,,,,,,,,,,,,,,,,,,,,,,,,,,,,,,,,,,,,,
ap-822028ac-4dfb-4e68-9d67-cb1c8438c34a,MEDIA,,,,,,https://aurumprivee.com/product-images/catalog-v2/03ecce26-43ca-4188-bc8d-725434d72aa2.webp,Lancome - La Vie Est Belle Soleil Cristal 3.4 EDP product image,,,,,,,,,,,,,,,,,,,,,,,,,,,,,,,,,,,,,,,,,,,,,,,,,,,,,,,,,,,,,,,,,,,,,,,,,,,,,,,,,,,,,,,,
ap-b5f02466-da9e-4e2f-a88b-38bd4ef257f9,PRODUCT,O D'Azur,TRUE,An authentic women’s fragrance collection selected for the Aurum Privée collection.,all-fragrances;for-her;floral,all-fragrances,,,,Lancome,66.00,,,,,,,6,FALSE,,,b5f02466-da9e-4e2f-a88b-38bd4ef257f9,,,,,,,,,,,,,,,,,,,,,,,,,,,,,,,,,,,,,,,,,,,,,,,,,,,,,,,,,,,,,,,,,,,,,,,,,,
ap-b5f02466-da9e-4e2f-a88b-38bd4ef257f9,MEDIA,,,,,,https://aurumprivee.com/product-images/catalog-v2/a899adc3-2c3c-4111-ad7a-3870dbed961d.webp,Lancome  - O D'Azur  2.5  EDT  SP product image,,,,,,,,,,,,,,,,,,,,,,,,,,,,,,,,,,,,,,,,,,,,,,,,,,,,,,,,,,,,,,,,,,,,,,,,,,,,,,,,,,,,,,,,
ap-36f38d1c-1359-4df7-a405-6c1856617adf,PRODUCT,Tresor Midnight Rose,TRUE,An authentic women's fragrance collection selected for the Aurum Privée collection.,all-fragrances;for-her;floral,all-fragrances,,,,Lancome,98.00,,,,,,,4,FALSE,,,36f38d1c-1359-4df7-a405-6c1856617adf,,,,,,,,,,,,,,,,,,,,,,,,,,,,,,,,,,,,,,,,,,,,,,,,,,,,,,,,,,,,,,,,,,,,,,,,,,
ap-36f38d1c-1359-4df7-a405-6c1856617adf,MEDIA,,,,,,https://aurumprivee.com/product-images/catalog-v2/7e1481e3-a43b-4b8b-88c9-d703ffa63aa3.webp,Lancome - Tresor Midnight Rose 1.7 oz EDP SP product image,,,,,,,,,,,,,,,,,,,,,,,,,,,,,,,,,,,,,,,,,,,,,,,,,,,,,,,,,,,,,,,,,,,,,,,,,,,,,,,,,,,,,,,,
ap-bfdf6e9b-c461-4fc4-8f48-129a9f27c2c9,PRODUCT,Ramz Silver,TRUE,An authentic men's fragrance collection selected for the Aurum Privée collection.,all-fragrances;for-him;woody,all-fragrances,,,,Lataffa,65.00,,,,,,,2,FALSE,,,bfdf6e9b-c461-4fc4-8f48-129a9f27c2c9,,,,,,,,,,,,,,,,,,,,,,,,,,,,,,,,,,,,,,,,,,,,,,,,,,,,,,,,,,,,,,,,,,,,,,,,,,
ap-bfdf6e9b-c461-4fc4-8f48-129a9f27c2c9,MEDIA,,,,,,https://aurumprivee.com/product-images/catalog-v2/b6d7da06-e0ae-42b8-80e5-8bef86b47399.webp,Lataffa - Ramz Silver 3.4 EDP SP product image,,,,,,,,,,,,,,,,,,,,,,,,,,,,,,,,,,,,,,,,,,,,,,,,,,,,,,,,,,,,,,,,,,,,,,,,,,,,,,,,,,,,,,,,
ap-2c38f82b-9663-4f86-9d5a-16b886c01b1f,PRODUCT,Yara Moi,TRUE,An authentic men's fragrance collection selected for the Aurum Privée collection.,all-fragrances;for-him;woody,all-fragrances,,,,Lataffa,58.00,,,,,,,32,FALSE,,,2c38f82b-9663-4f86-9d5a-16b886c01b1f,,,,,,,,,,,,,,,,,,,,,,,,,,,,,,,,,,,,,,,,,,,,,,,,,,,,,,,,,,,,,,,,,,,,,,,,,,
ap-2c38f82b-9663-4f86-9d5a-16b886c01b1f,MEDIA,,,,,,https://aurumprivee.com/product-images/catalog-v2/36b6f136-d7e9-4766-8846-89244ae07353.webp,Lataffa - Yara Moi 3.4  oz EDP SP product image,,,,,,,,,,,,,,,,,,,,,,,,,,,,,,,,,,,,,,,,,,,,,,,,,,,,,,,,,,,,,,,,,,,,,,,,,,,,,,,,,,,,,,,,
ap-171e21a6-a149-441c-9196-d038022cc1d1,PRODUCT,Ard Al Zaafaran Dirham Wardi,TRUE,An authentic women's fragrance collection selected for the Aurum Privée collection.,all-fragrances;for-her;floral,all-fragrances,,,,Lattafa,50.00,,,,,,,1,FALSE,,,171e21a6-a149-441c-9196-d038022cc1d1,,,,,,,,,,,,,,,,,,,,,,,,,,,,,,,,,,,,,,,,,,,,,,,,,,,,,,,,,,,,,,,,,,,,,,,,,,
ap-171e21a6-a149-441c-9196-d038022cc1d1,MEDIA,,,,,,https://aurumprivee.com/product-images/catalog-v2/58dbf3a0-8245-417d-bd6a-1d1d0d172d16.webp,Lattafa - Ard Al Zaafaran Dirham Wardi 3.4 EDP SP product image,,,,,,,,,,,,,,,,,,,,,,,,,,,,,,,,,,,,,,,,,,,,,,,,,,,,,,,,,,,,,,,,,,,,,,,,,,,,,,,,,,,,,,,,
ap-4f4a4a16-8229-49e5-b64b-c39cfe091142,PRODUCT,Asdaaf Oud Thameen,TRUE,An authentic unisex fragrance selected for the Aurum Privée collection.,all-fragrances;unisex;fresh,all-fragrances,,,,Lattafa,75.00,,,,,,,2,FALSE,,,4f4a4a16-8229-49e5-b64b-c39cfe091142,,,,,,,,,,,,,,,,,,,,,,,,,,,,,,,,,,,,,,,,,,,,,,,,,,,,,,,,,,,,,,,,,,,,,,,,,,
ap-4f4a4a16-8229-49e5-b64b-c39cfe091142,MEDIA,,,,,,https://aurumprivee.com/product-images/catalog-v2/cec170ad-235f-41f5-b9d6-7bd2aa5de166.webp,Lattafa - Asdaaf Oud Thameen EDP 3.4 oz product image,,,,,,,,,,,,,,,,,,,,,,,,,,,,,,,,,,,,,,,,,,,,,,,,,,,,,,,,,,,,,,,,,,,,,,,,,,,,,,,,,,,,,,,,
ap-012c596e-7dd4-4cca-b7f3-2591d7f83626,PRODUCT,Awraq Al Oud,TRUE,An authentic unisex fragrance selected for the Aurum Privée collection.,all-fragrances;unisex;fresh,all-fragrances,,,,Lattafa,60.00,,,,,,,3,FALSE,,,012c596e-7dd4-4cca-b7f3-2591d7f83626,,,,,,,,,,,,,,,,,,,,,,,,,,,,,,,,,,,,,,,,,,,,,,,,,,,,,,,,,,,,,,,,,,,,,,,,,,
ap-012c596e-7dd4-4cca-b7f3-2591d7f83626,MEDIA,,,,,,https://aurumprivee.com/product-images/catalog-v2/1eaac8da-3888-48c2-8800-abec8d1992c8.webp,Lattafa - Awraq Al Oud 3.4 EDP SP product image,,,,,,,,,,,,,,,,,,,,,,,,,,,,,,,,,,,,,,,,,,,,,,,,,,,,,,,,,,,,,,,,,,,,,,,,,,,,,,,,,,,,,,,,
ap-ae6bb569-4bba-4852-9006-2d8cff191c7b,PRODUCT,Bade'e Al Oud Sublime,TRUE,An authentic unisex fragrance selected for the Aurum Privée collection.,all-fragrances;unisex;fresh,all-fragrances,,,,Lattafa,90.00,,,,,,,2,FALSE,,,ae6bb569-4bba-4852-9006-2d8cff191c7b,,,,,,,,,,,,,,,,,,,,,,,,,,,,,,,,,,,,,,,,,,,,,,,,,,,,,,,,,,,,,,,,,,,,,,,,,,
ap-ae6bb569-4bba-4852-9006-2d8cff191c7b,MEDIA,,,,,,https://aurumprivee.com/product-images/catalog-v2/b7525ff2-9c38-411e-8c00-b8b0bad263c5.webp,Lattafa - Bade'e Al Oud Sublime EDP 3.4 oz product image,,,,,,,,,,,,,,,,,,,,,,,,,,,,,,,,,,,,,,,,,,,,,,,,,,,,,,,,,,,,,,,,,,,,,,,,,,,,,,,,,,,,,,,,
ap-33700e91-53ce-4df3-b0a5-54adb0c658ab,PRODUCT,Ekhtiari,TRUE,An authentic unisex fragrance selected for the Aurum Privée collection.,all-fragrances;unisex;fresh,all-fragrances,,,,Lattafa,65.00,,,,,,,4,FALSE,,,33700e91-53ce-4df3-b0a5-54adb0c658ab,,,,,,,,,,,,,,,,,,,,,,,,,,,,,,,,,,,,,,,,,,,,,,,,,,,,,,,,,,,,,,,,,,,,,,,,,,
ap-33700e91-53ce-4df3-b0a5-54adb0c658ab,MEDIA,,,,,,https://aurumprivee.com/product-images/catalog-v2/153db36e-3087-49b2-9462-a46751e6a6fc.webp,Lattafa - Ekhtiari 3.3 EDP SP product image,,,,,,,,,,,,,,,,,,,,,,,,,,,,,,,,,,,,,,,,,,,,,,,,,,,,,,,,,,,,,,,,,,,,,,,,,,,,,,,,,,,,,,,,
ap-f748118e-d146-441d-8040-5376cf2109c5,PRODUCT,Fakhar,TRUE,An authentic women's fragrance collection selected for the Aurum Privée collection.,all-fragrances;for-her;floral,all-fragrances,,,,Lattafa,65.00,,,,,,,2,FALSE,,,f748118e-d146-441d-8040-5376cf2109c5,,,,,,,,,,,,,,,,,,,,,,,,,,,,,,,,,,,,,,,,,,,,,,,,,,,,,,,,,,,,,,,,,,,,,,,,,,
ap-f748118e-d146-441d-8040-5376cf2109c5,MEDIA,,,,,,https://aurumprivee.com/product-images/catalog-v2/3c732165-8519-40a2-ac51-bd95cb0ac1cb.webp,Lattafa - Fakhar 3.4 EDP SP product image,,,,,,,,,,,,,,,,,,,,,,,,,,,,,,,,,,,,,,,,,,,,,,,,,,,,,,,,,,,,,,,,,,,,,,,,,,,,,,,,,,,,,,,,
ap-f97fdf42-20b0-40e8-9ee0-2c60975ed333,PRODUCT,Fakhar Platin,TRUE,An authentic men's fragrance collection selected for the Aurum Privée collection.,all-fragrances;for-him;woody,all-fragrances,,,,Lattafa,60.00,,,,,,,3,FALSE,,,f97fdf42-20b0-40e8-9ee0-2c60975ed333,,,,,,,,,,,,,,,,,,,,,,,,,,,,,,,,,,,,,,,,,,,,,,,,,,,,,,,,,,,,,,,,,,,,,,,,,,
ap-f97fdf42-20b0-40e8-9ee0-2c60975ed333,MEDIA,,,,,,https://aurumprivee.com/product-images/catalog-v2/f1a58b82-f48f-4599-80d5-98a6a23b7719.webp,Lattafa - Fakhar Platin 3.3 EDP SP product image,,,,,,,,,,,,,,,,,,,,,,,,,,,,,,,,,,,,,,,,,,,,,,,,,,,,,,,,,,,,,,,,,,,,,,,,,,,,,,,,,,,,,,,,
ap-1fbfa093-f767-48df-9e9c-bd873c4f26ee,PRODUCT,Pride Affection,TRUE,An authentic unisex fragrance selected for the Aurum Privée collection.,all-fragrances;unisex;fresh,all-fragrances,,,,Lattafa,75.00,,,,,,,2,FALSE,,,1fbfa093-f767-48df-9e9c-bd873c4f26ee,,,,,,,,,,,,,,,,,,,,,,,,,,,,,,,,,,,,,,,,,,,,,,,,,,,,,,,,,,,,,,,,,,,,,,,,,,
ap-1fbfa093-f767-48df-9e9c-bd873c4f26ee,MEDIA,,,,,,https://aurumprivee.com/product-images/catalog-v2/d70f00be-128d-424e-b913-3d4539e43aa7.webp,Lattafa - Pride Affection 3.3 EDP SP product image,,,,,,,,,,,,,,,,,,,,,,,,,,,,,,,,,,,,,,,,,,,,,,,,,,,,,,,,,,,,,,,,,,,,,,,,,,,,,,,,,,,,,,,,
ap-0fd65c92-090a-46f5-afb6-283ebf8daf60,PRODUCT,Unisex 24 Carat Pure Gold,TRUE,An authentic unisex fragrance selected for the Aurum Privée collection.,all-fragrances;unisex;fresh,all-fragrances,,,,Lattafa,55.00,,,,,,,2,FALSE,,,0fd65c92-090a-46f5-afb6-283ebf8daf60,,,,,,,,,,,,,,,,,,,,,,,,,,,,,,,,,,,,,,,,,,,,,,,,,,,,,,,,,,,,,,,,,,,,,,,,,,
ap-0fd65c92-090a-46f5-afb6-283ebf8daf60,MEDIA,,,,,,https://aurumprivee.com/product-images/catalog-v2/237a1446-9eb3-4d5b-ba91-393301095dc0.webp,Lattafa - Unisex 24 Carat Pure Gold EDP Spray 3.4 oz product image,,,,,,,,,,,,,,,,,,,,,,,,,,,,,,,,,,,,,,,,,,,,,,,,,,,,,,,,,,,,,,,,,,,,,,,,,,,,,,,,,,,,,,,,
ap-9d9377dc-cd63-419f-9ec8-c8de9b4a0dbd,PRODUCT,Unisex Velvet Oud,TRUE,An authentic unisex fragrance selected for the Aurum Privée collection.,all-fragrances;unisex;fresh,all-fragrances,,,,Lattafa,60.00,,,,,,,1,FALSE,,,9d9377dc-cd63-419f-9ec8-c8de9b4a0dbd,,,,,,,,,,,,,,,,,,,,,,,,,,,,,,,,,,,,,,,,,,,,,,,,,,,,,,,,,,,,,,,,,,,,,,,,,,
ap-9d9377dc-cd63-419f-9ec8-c8de9b4a0dbd,MEDIA,,,,,,https://aurumprivee.com/product-images/catalog-v2/b181ed1f-9fa9-4b88-a50c-56a85c1cc6fb.webp,Lattafa - Unisex Velvet Oud EDP Spray 3.4 oz product image,,,,,,,,,,,,,,,,,,,,,,,,,,,,,,,,,,,,,,,,,,,,,,,,,,,,,,,,,,,,,,,,,,,,,,,,,,,,,,,,,,,,,,,,
ap-0a1623df-4ce7-4bcc-8cbd-12055ea1043d,PRODUCT,Unisex Velvet Rose,TRUE,An authentic unisex fragrance selected for the Aurum Privée collection.,all-fragrances;unisex;fresh,all-fragrances,,,,Lattafa,65.00,,,,,,,2,FALSE,,,0a1623df-4ce7-4bcc-8cbd-12055ea1043d,,,,,,,,,,,,,,,,,,,,,,,,,,,,,,,,,,,,,,,,,,,,,,,,,,,,,,,,,,,,,,,,,,,,,,,,,,
ap-0a1623df-4ce7-4bcc-8cbd-12055ea1043d,MEDIA,,,,,,https://aurumprivee.com/product-images/catalog-v2/9fd91f0d-9080-4d37-9051-c1bef726213e.webp,Lattafa - Unisex Velvet Rose EDP Spray 3.4 oz product image,,,,,,,,,,,,,,,,,,,,,,,,,,,,,,,,,,,,,,,,,,,,,,,,,,,,,,,,,,,,,,,,,,,,,,,,,,,,,,,,,,,,,,,,
ap-6f4d9538-0e7f-4999-b1d6-9abc272d632b,PRODUCT,Yara 4 PC Mini Set,TRUE,An authentic women's fragrance collection selected for the Aurum Privée collection.,all-fragrances;for-her;floral,all-fragrances,,,,Lattafa,60.00,,,,,,,1,FALSE,,,6f4d9538-0e7f-4999-b1d6-9abc272d632b,,,,,,,,,,,,,,,,,,,,,,,,,,,,,,,,,,,,,,,,,,,,,,,,,,,,,,,,,,,,,,,,,,,,,,,,,,
ap-6f4d9538-0e7f-4999-b1d6-9abc272d632b,MEDIA,,,,,,https://aurumprivee.com/product-images/catalog-v2/714e9608-622c-4a8e-bf55-6f98a4ccbf10.webp,Lattafa - Yara 4 PC Mini Set product image,,,,,,,,,,,,,,,,,,,,,,,,,,,,,,,,,,,,,,,,,,,,,,,,,,,,,,,,,,,,,,,,,,,,,,,,,,,,,,,,,,,,,,,,
ap-931b6c24-2e82-4287-b57b-0f9fb8cfacfd,PRODUCT,Bora Bora,TRUE,An authentic men’s fragrance collection selected for the Aurum Privée collection.,all-fragrances;for-him;woody,all-fragrances,,,,Liz Claiborne,47.50,,,,,,,3,FALSE,,,931b6c24-2e82-4287-b57b-0f9fb8cfacfd,,,,,,,,,,,,,,,,,,,,,,,,,,,,,,,,,,,,,,,,,,,,,,,,,,,,,,,,,,,,,,,,,,,,,,,,,,
ap-931b6c24-2e82-4287-b57b-0f9fb8cfacfd,MEDIA,,,,,,https://aurumprivee.com/product-images/catalog-v2/1feaf26a-a6ff-4b3a-b2ad-fef6cece6ae1.webp,Liz Claiborne - Bora Bora Men Cologne Spray 3.4 oz product image,,,,,,,,,,,,,,,,,,,,,,,,,,,,,,,,,,,,,,,,,,,,,,,,,,,,,,,,,,,,,,,,,,,,,,,,,,,,,,,,,,,,,,,,
ap-958bf1c8-d30c-49c0-8dd5-c8c82aaffb6c,PRODUCT,Curve,TRUE,An authentic men’s fragrance collection selected for the Aurum Privée collection.,all-fragrances;for-him;woody,all-fragrances,,,,Liz Claiborne,65.00,,,,,,,5,FALSE,,,958bf1c8-d30c-49c0-8dd5-c8c82aaffb6c,,,,,,,,,,,,,,,,,,,,,,,,,,,,,,,,,,,,,,,,,,,,,,,,,,,,,,,,,,,,,,,,,,,,,,,,,,
ap-958bf1c8-d30c-49c0-8dd5-c8c82aaffb6c,MEDIA,,,,,,https://aurumprivee.com/product-images/catalog-v2/a0da68a7-2482-401b-954a-1ca31e05622f.webp,Liz Claiborne - Curve 4.2 Cologne Spray product image,,,,,,,,,,,,,,,,,,,,,,,,,,,,,,,,,,,,,,,,,,,,,,,,,,,,,,,,,,,,,,,,,,,,,,,,,,,,,,,,,,,,,,,,
ap-4d19412f-21c6-49bd-a4b4-17673512e5bf,PRODUCT,Curve Men /Cologne,TRUE,An authentic women’s fragrance collection selected for the Aurum Privée collection.,all-fragrances;for-her;floral,all-fragrances,,,,Liz Claiborne,80.00,,,,,,,1,FALSE,,,4d19412f-21c6-49bd-a4b4-17673512e5bf,,,,,,,,,,,,,,,,,,,,,,,,,,,,,,,,,,,,,,,,,,,,,,,,,,,,,,,,,,,,,,,,,,,,,,,,,,
ap-4d19412f-21c6-49bd-a4b4-17673512e5bf,MEDIA,,,,,,https://aurumprivee.com/product-images/catalog-v2/94fc9f0b-03e7-48a6-bc5d-20a9d8e34a7a.webp,Liz Claiborne - Curve Men /Cologne SP 6.8 oz product image,,,,,,,,,,,,,,,,,,,,,,,,,,,,,,,,,,,,,,,,,,,,,,,,,,,,,,,,,,,,,,,,,,,,,,,,,,,,,,,,,,,,,,,,
ap-a40b8ec9-ecac-40ee-9012-c125ebb15e59,PRODUCT,Curve Wave,TRUE,An authentic women’s fragrance collection selected for the Aurum Privée collection.,all-fragrances;for-her;floral,all-fragrances,,,,Liz Claibourne,47.50,,,,,,,1,FALSE,,,a40b8ec9-ecac-40ee-9012-c125ebb15e59,,,,,,,,,,,,,,,,,,,,,,,,,,,,,,,,,,,,,,,,,,,,,,,,,,,,,,,,,,,,,,,,,,,,,,,,,,
ap-a40b8ec9-ecac-40ee-9012-c125ebb15e59,MEDIA,,,,,,https://aurumprivee.com/product-images/catalog-v2/8eae0498-c1f5-4200-a4c0-a0a3c8cc052b.webp,Liz Claibourne - Curve Wave 3.4 EDT product image,,,,,,,,,,,,,,,,,,,,,,,,,,,,,,,,,,,,,,,,,,,,,,,,,,,,,,,,,,,,,,,,,,,,,,,,,,,,,,,,,,,,,,,,
ap-7e615491-5101-4bba-aa36-4250c39786b7,PRODUCT,Au Masculine,TRUE,An authentic men’s fragrance collection selected for the Aurum Privée collection.,all-fragrances;for-him;woody,all-fragrances,,,,Lolita Lempicka,65.00,,,,,,,2,FALSE,,,7e615491-5101-4bba-aa36-4250c39786b7,,,,,,,,,,,,,,,,,,,,,,,,,,,,,,,,,,,,,,,,,,,,,,,,,,,,,,,,,,,,,,,,,,,,,,,,,,
ap-7e615491-5101-4bba-aa36-4250c39786b7,MEDIA,,,,,,https://aurumprivee.com/product-images/catalog-v2/4e5cd668-98eb-42d3-9850-517a6f5b28ee.webp,Lolita Lempicka - Au Masculine 3.3 EDT product image,,,,,,,,,,,,,,,,,,,,,,,,,,,,,,,,,,,,,,,,,,,,,,,,,,,,,,,,,,,,,,,,,,,,,,,,,,,,,,,,,,,,,,,,
ap-d6f459ad-22f5-4143-bb8e-0778f017bbb0,PRODUCT,Amberley Amoroso,TRUE,An authentic unisex fragrance selected for the Aurum Privée collection.,all-fragrances;unisex;fresh,all-fragrances,,,,Maison Alhambra,75.00,,,,,,,4,FALSE,,,d6f459ad-22f5-4143-bb8e-0778f017bbb0,,,,,,,,,,,,,,,,,,,,,,,,,,,,,,,,,,,,,,,,,,,,,,,,,,,,,,,,,,,,,,,,,,,,,,,,,,
ap-d6f459ad-22f5-4143-bb8e-0778f017bbb0,MEDIA,,,,,,https://aurumprivee.com/product-images/catalog-v2/372b7b78-eb8d-4b21-81c4-dbeb59c636d7.webp,Maison Alhambra - Amberley Amoroso EDP SP 3.4oz product image,,,,,,,,,,,,,,,,,,,,,,,,,,,,,,,,,,,,,,,,,,,,,,,,,,,,,,,,,,,,,,,,,,,,,,,,,,,,,,,,,,,,,,,,
ap-d7aefa7e-547c-49c7-b76a-c7cce617ba60,PRODUCT,Baroque Rouge 540,TRUE,An authentic women's fragrance collection selected for the Aurum Privée collection.,all-fragrances;for-her;floral,all-fragrances,,,,Maison Alhambra,50.00,,,,,,,4,FALSE,,,d7aefa7e-547c-49c7-b76a-c7cce617ba60,,,,,,,,,,,,,,,,,,,,,,,,,,,,,,,,,,,,,,,,,,,,,,,,,,,,,,,,,,,,,,,,,,,,,,,,,,
ap-d7aefa7e-547c-49c7-b76a-c7cce617ba60,MEDIA,,,,,,https://aurumprivee.com/product-images/catalog-v2/291cc966-a68a-4f00-89f2-3663527de385.webp,Maison Alhambra - Baroque Rouge 540 3.4 EDP SP product image,,,,,,,,,,,,,,,,,,,,,,,,,,,,,,,,,,,,,,,,,,,,,,,,,,,,,,,,,,,,,,,,,,,,,,,,,,,,,,,,,,,,,,,,
ap-60446f2c-71ef-48ff-a0b5-312c105e94d1,PRODUCT,Dark Door Sport,TRUE,An authentic women's fragrance collection selected for the Aurum Privée collection.,all-fragrances;for-her;floral,all-fragrances,,,,Maison Alhambra,75.00,,,,,,,4,FALSE,,,60446f2c-71ef-48ff-a0b5-312c105e94d1,,,,,,,,,,,,,,,,,,,,,,,,,,,,,,,,,,,,,,,,,,,,,,,,,,,,,,,,,,,,,,,,,,,,,,,,,,
ap-60446f2c-71ef-48ff-a0b5-312c105e94d1,MEDIA,,,,,,https://aurumprivee.com/product-images/catalog-v2/d46599b7-8aa3-4db3-a0ef-2d0162dca4dc.webp,Maison Alhambra - Dark Door Sport 3.4 EDP SP product image,,,,,,,,,,,,,,,,,,,,,,,,,,,,,,,,,,,,,,,,,,,,,,,,,,,,,,,,,,,,,,,,,,,,,,,,,,,,,,,,,,,,,,,,
ap-123a3a32-2d0f-4487-bdbd-06939faf6345,PRODUCT,Delilah,TRUE,An authentic women’s fragrance collection selected for the Aurum Privée collection.,all-fragrances;for-her;floral,all-fragrances,,,,Maison Alhambra,77.50,,,,,,,6,FALSE,,,123a3a32-2d0f-4487-bdbd-06939faf6345,,,,,,,,,,,,,,,,,,,,,,,,,,,,,,,,,,,,,,,,,,,,,,,,,,,,,,,,,,,,,,,,,,,,,,,,,,
ap-123a3a32-2d0f-4487-bdbd-06939faf6345,MEDIA,,,,,,https://aurumprivee.com/product-images/catalog-v2/80e6fb7a-efba-470d-93a5-7f8e5b98e05b.webp,Maison Alhambra -  Delilah EDP Spray 3.4 oz product image,,,,,,,,,,,,,,,,,,,,,,,,,,,,,,,,,,,,,,,,,,,,,,,,,,,,,,,,,,,,,,,,,,,,,,,,,,,,,,,,,,,,,,,,
ap-6e9449ec-5720-4d04-95ea-a133556c6fd3,PRODUCT,Eternal Touch,TRUE,An authentic unisex fragrance selected for the Aurum Privée collection.,all-fragrances;unisex;fresh,all-fragrances,,,,Maison Alhambra,55.00,,,,,,,4,FALSE,,,6e9449ec-5720-4d04-95ea-a133556c6fd3,,,,,,,,,,,,,,,,,,,,,,,,,,,,,,,,,,,,,,,,,,,,,,,,,,,,,,,,,,,,,,,,,,,,,,,,,,
ap-6e9449ec-5720-4d04-95ea-a133556c6fd3,MEDIA,,,,,,https://aurumprivee.com/product-images/catalog-v2/2151f197-77e7-43fd-bb46-62d2caf945ea.webp,Maison Alhambra - Eternal Touch 2.7 EDP SP product image,,,,,,,,,,,,,,,,,,,,,,,,,,,,,,,,,,,,,,,,,,,,,,,,,,,,,,,,,,,,,,,,,,,,,,,,,,,,,,,,,,,,,,,,
ap-b5712219-b6e8-48ff-9c8a-743eae3cc7df,PRODUCT,Como Moiselle,TRUE,An authentic women's fragrance collection selected for the Aurum Privée collection.,all-fragrances;for-her;floral,all-fragrances,,,,Maison Alhambra,55.00,,,,,,,5,FALSE,,,b5712219-b6e8-48ff-9c8a-743eae3cc7df,,,,,,,,,,,,,,,,,,,,,,,,,,,,,,,,,,,,,,,,,,,,,,,,,,,,,,,,,,,,,,,,,,,,,,,,,,
ap-b5712219-b6e8-48ff-9c8a-743eae3cc7df,MEDIA,,,,,,https://aurumprivee.com/product-images/catalog-v2/192780d5-07ad-4b32-beef-57a7356c7e47.webp,Maison Alhambra -  Maison Alhambra Como Moiselle 3.3 oz EDP SP product image,,,,,,,,,,,,,,,,,,,,,,,,,,,,,,,,,,,,,,,,,,,,,,,,,,,,,,,,,,,,,,,,,,,,,,,,,,,,,,,,,,,,,,,,
ap-efaba32e-c25e-47cc-95b8-636249da07bd,PRODUCT,Montaigne Coco,TRUE,An authentic women’s fragrance collection selected for the Aurum Privée collection.,all-fragrances;for-her;floral,all-fragrances,,,,Maison Alhambra,65.00,,,,,,,2,FALSE,,,efaba32e-c25e-47cc-95b8-636249da07bd,,,,,,,,,,,,,,,,,,,,,,,,,,,,,,,,,,,,,,,,,,,,,,,,,,,,,,,,,,,,,,,,,,,,,,,,,,
ap-efaba32e-c25e-47cc-95b8-636249da07bd,MEDIA,,,,,,https://aurumprivee.com/product-images/catalog-v2/c4789105-f60f-40f6-8743-255714f8dd03.webp,Maison Alhambra - Montaigne Coco EDP SP 3.4 oz product image,,,,,,,,,,,,,,,,,,,,,,,,,,,,,,,,,,,,,,,,,,,,,,,,,,,,,,,,,,,,,,,,,,,,,,,,,,,,,,,,,,,,,,,,
ap-70624427-9221-4f91-a8f8-136cd44b1a4c,PRODUCT,Opulence Leather,TRUE,An authentic men's fragrance collection selected for the Aurum Privée collection.,all-fragrances;for-him;woody,all-fragrances,,,,Maison Alhambra,75.00,,,,,,,7,FALSE,,,70624427-9221-4f91-a8f8-136cd44b1a4c,,,,,,,,,,,,,,,,,,,,,,,,,,,,,,,,,,,,,,,,,,,,,,,,,,,,,,,,,,,,,,,,,,,,,,,,,,
ap-70624427-9221-4f91-a8f8-136cd44b1a4c,MEDIA,,,,,,https://aurumprivee.com/product-images/catalog-v2/1ac0ffb4-7a1c-46e0-8cee-bd4b1033e73b.webp,Maison Alhambra - Opulence Leather EDP Spray 3.4 oz product image,,,,,,,,,,,,,,,,,,,,,,,,,,,,,,,,,,,,,,,,,,,,,,,,,,,,,,,,,,,,,,,,,,,,,,,,,,,,,,,,,,,,,,,,
ap-22ebe9eb-d57b-4427-a8d9-8486394abb61,PRODUCT,Aqua Aevum,TRUE,An authentic unisex fragrance selected for the Aurum Privée collection.,all-fragrances;unisex;fresh,all-fragrances,,,,Maison Barakkat,65.00,,,,,,,4,FALSE,,,22ebe9eb-d57b-4427-a8d9-8486394abb61,,,,,,,,,,,,,,,,,,,,,,,,,,,,,,,,,,,,,,,,,,,,,,,,,,,,,,,,,,,,,,,,,,,,,,,,,,
ap-22ebe9eb-d57b-4427-a8d9-8486394abb61,MEDIA,,,,,,https://aurumprivee.com/product-images/catalog-v2/c5d14349-f01d-4e09-a098-ead85d7a39dc.webp,Maison Barakkat - Aqua Aevum EDP 3.4oz product image,,,,,,,,,,,,,,,,,,,,,,,,,,,,,,,,,,,,,,,,,,,,,,,,,,,,,,,,,,,,,,,,,,,,,,,,,,,,,,,,,,,,,,,,
ap-a5076e9f-f3b7-477a-b32d-154aba74f514,PRODUCT,Baccarat Rouge,TRUE,An authentic unisex fragrance selected for the Aurum Privée collection.,all-fragrances;unisex;fresh,all-fragrances,,,,Maison Francis Kurkdjian,495.00,,,,,,,1,FALSE,,,a5076e9f-f3b7-477a-b32d-154aba74f514,,,,,,,,,,,,,,,,,,,,,,,,,,,,,,,,,,,,,,,,,,,,,,,,,,,,,,,,,,,,,,,,,,,,,,,,,,
ap-a5076e9f-f3b7-477a-b32d-154aba74f514,MEDIA,,,,,,https://aurumprivee.com/product-images/catalog-v2/8687fac9-12e9-48e9-ab76-2eb9dc8dccee.webp,Maison Francis Kurkdjian - Baccarat Rouge 540 EDP 2.4 540 product image,,,,,,,,,,,,,,,,,,,,,,,,,,,,,,,,,,,,,,,,,,,,,,,,,,,,,,,,,,,,,,,,,,,,,,,,,,,,,,,,,,,,,,,,
ap-06d07a98-a5de-4c79-bcb6-9eb4cfc75c1b,PRODUCT,Daisy Dream —,TRUE,An authentic women’s fragrance collection selected for the Aurum Privée collection.,all-fragrances;for-her;floral,all-fragrances,,,,Marc  Jacobs,128.00,,,,,,,9,FALSE,,,06d07a98-a5de-4c79-bcb6-9eb4cfc75c1b,,,,,,,,,,,,,,,,,,,,,,,,,,,,,,,,,,,,,,,,,,,,,,,,,,,,,,,,,,,,,,,,,,,,,,,,,,
ap-06d07a98-a5de-4c79-bcb6-9eb4cfc75c1b,MEDIA,,,,,,https://aurumprivee.com/product-images/catalog-v2/47a0cf81-4189-4523-9709-8f723b695db2.webp,Marc  Jacobs - Daisy Dream - 3.4 oz EDT Spray product image,,,,,,,,,,,,,,,,,,,,,,,,,,,,,,,,,,,,,,,,,,,,,,,,,,,,,,,,,,,,,,,,,,,,,,,,,,,,,,,,,,,,,,,,
ap-09a1bdf8-7692-49d6-950b-12d5a1c2f489,PRODUCT,Daisy Dream Forever,TRUE,An authentic women's fragrance collection selected for the Aurum Privée collection.,all-fragrances;for-her;floral,all-fragrances,,,,Marc Jacobs,112.00,,,,,,,4,FALSE,,,09a1bdf8-7692-49d6-950b-12d5a1c2f489,,,,,,,,,,,,,,,,,,,,,,,,,,,,,,,,,,,,,,,,,,,,,,,,,,,,,,,,,,,,,,,,,,,,,,,,,,
ap-09a1bdf8-7692-49d6-950b-12d5a1c2f489,MEDIA,,,,,,https://aurumprivee.com/product-images/catalog-v2/a31b6859-7699-4257-8ebd-9c349528ae95.webp,Marc Jacobs - Daisy Dream Forever 1.7 EDP SP product image,,,,,,,,,,,,,,,,,,,,,,,,,,,,,,,,,,,,,,,,,,,,,,,,,,,,,,,,,,,,,,,,,,,,,,,,,,,,,,,,,,,,,,,,
ap-881842cc-4c30-4236-90c4-883b398b9231,PRODUCT,Daisy Eau So Fresh Glow,TRUE,An authentic women's fragrance collection selected for the Aurum Privée collection.,all-fragrances;for-her;floral,all-fragrances,,,,Marc Jacobs,119.00,,,,,,,2,FALSE,,,881842cc-4c30-4236-90c4-883b398b9231,,,,,,,,,,,,,,,,,,,,,,,,,,,,,,,,,,,,,,,,,,,,,,,,,,,,,,,,,,,,,,,,,,,,,,,,,,
ap-881842cc-4c30-4236-90c4-883b398b9231,MEDIA,,,,,,https://aurumprivee.com/product-images/catalog-v2/50eecb51-813d-49b0-93e8-59ed3487297b.webp,Marc Jacobs - Daisy Eau So Fresh Glow EDT SP 2.5oz product image,,,,,,,,,,,,,,,,,,,,,,,,,,,,,,,,,,,,,,,,,,,,,,,,,,,,,,,,,,,,,,,,,,,,,,,,,,,,,,,,,,,,,,,,
ap-666becca-1dd9-4408-8b64-a26481425c85,PRODUCT,Daisy Love,TRUE,An authentic women's fragrance collection selected for the Aurum Privée collection.,all-fragrances;for-her;floral,all-fragrances,,,,Marc Jacobs,128.00,,,,,,,1,FALSE,,,666becca-1dd9-4408-8b64-a26481425c85,,,,,,,,,,,,,,,,,,,,,,,,,,,,,,,,,,,,,,,,,,,,,,,,,,,,,,,,,,,,,,,,,,,,,,,,,,
ap-666becca-1dd9-4408-8b64-a26481425c85,MEDIA,,,,,,https://aurumprivee.com/product-images/catalog-v2/e2365b7c-e568-4da9-a4ec-52f1cf3a07ad.webp,Marc Jacobs - Daisy Love EDT SP 3.4oz product image,,,,,,,,,,,,,,,,,,,,,,,,,,,,,,,,,,,,,,,,,,,,,,,,,,,,,,,,,,,,,,,,,,,,,,,,,,,,,,,,,,,,,,,,
ap-486ac2e2-b0a9-4c55-bd90-72611fea7bac,PRODUCT,Dot,TRUE,An authentic women’s fragrance collection selected for the Aurum Privée collection.,all-fragrances;for-her;floral,all-fragrances,,,,Marc Jacobs,82.00,,,,,,,2,FALSE,,,486ac2e2-b0a9-4c55-bd90-72611fea7bac,,,,,,,,,,,,,,,,,,,,,,,,,,,,,,,,,,,,,,,,,,,,,,,,,,,,,,,,,,,,,,,,,,,,,,,,,,
ap-486ac2e2-b0a9-4c55-bd90-72611fea7bac,MEDIA,,,,,,https://aurumprivee.com/product-images/catalog-v2/2609f579-fb84-43ad-bee1-949be8e18b78.webp,Marc Jacobs - Dot 1.7 EDP Spray product image,,,,,,,,,,,,,,,,,,,,,,,,,,,,,,,,,,,,,,,,,,,,,,,,,,,,,,,,,,,,,,,,,,,,,,,,,,,,,,,,,,,,,,,,
ap-ff1e8733-bc25-46c1-91d7-767ef7c40eab,PRODUCT,Perfect,TRUE,An authentic women's fragrance collection selected for the Aurum Privée collection.,all-fragrances;for-her;floral,all-fragrances,,,,Marc Jacobs,94.99,,,,,,,1,FALSE,,,ff1e8733-bc25-46c1-91d7-767ef7c40eab,,,,,,,,,,,,,,,,,,,,,,,,,,,,,,,,,,,,,,,,,,,,,,,,,,,,,,,,,,,,,,,,,,,,,,,,,,
ap-ff1e8733-bc25-46c1-91d7-767ef7c40eab,MEDIA,,,,,,https://aurumprivee.com/product-images/catalog-v2/f9243924-38b4-45b0-92d5-e555b15bea06.webp,Marc Jacobs - Perfect 3.3 oz EDP SP product image,,,,,,,,,,,,,,,,,,,,,,,,,,,,,,,,,,,,,,,,,,,,,,,,,,,,,,,,,,,,,,,,,,,,,,,,,,,,,,,,,,,,,,,,
ap-d9f7ef89-de63-4e57-bbfc-ff449d11dfe5,PRODUCT,Perfect Elixir,TRUE,An authentic women's fragrance collection selected for the Aurum Privée collection.,all-fragrances;for-her;floral,all-fragrances,,,,Marc Jacobs,165.00,,,,,,,1,FALSE,,,d9f7ef89-de63-4e57-bbfc-ff449d11dfe5,,,,,,,,,,,,,,,,,,,,,,,,,,,,,,,,,,,,,,,,,,,,,,,,,,,,,,,,,,,,,,,,,,,,,,,,,,
ap-d9f7ef89-de63-4e57-bbfc-ff449d11dfe5,MEDIA,,,,,,https://aurumprivee.com/product-images/catalog-v2/539c0644-7a02-4321-bd90-28ca65b4e15b.webp,Marc Jacobs - Perfect Elixir EDP SP 3.30z product image,,,,,,,,,,,,,,,,,,,,,,,,,,,,,,,,,,,,,,,,,,,,,,,,,,,,,,,,,,,,,,,,,,,,,,,,,,,,,,,,,,,,,,,,
ap-4ddf9c83-3007-4958-ac2d-8eeac9364055,PRODUCT,Benz — Bright,TRUE,An authentic men's fragrance collection selected for the Aurum Privée collection.,all-fragrances;for-him;woody,all-fragrances,,,,Mercedes,100.00,,,,,,,4,FALSE,,,4ddf9c83-3007-4958-ac2d-8eeac9364055,,,,,,,,,,,,,,,,,,,,,,,,,,,,,,,,,,,,,,,,,,,,,,,,,,,,,,,,,,,,,,,,,,,,,,,,,,
ap-4ddf9c83-3007-4958-ac2d-8eeac9364055,MEDIA,,,,,,https://aurumprivee.com/product-images/catalog-v2/994e4f9c-e605-417d-b6c5-0fa20bf3e538.webp,Mercedes - Benz - Bright 3.4 oz EDP SP product image,,,,,,,,,,,,,,,,,,,,,,,,,,,,,,,,,,,,,,,,,,,,,,,,,,,,,,,,,,,,,,,,,,,,,,,,,,,,,,,,,,,,,,,,
ap-580ba289-163b-4b6f-ba0c-547623212994,PRODUCT,Man Intense,TRUE,An authentic men's fragrance collection selected for the Aurum Privée collection.,all-fragrances;for-him;woody,all-fragrances,,,,Mercedes Benz,85.00,,,,,,,1,FALSE,,,580ba289-163b-4b6f-ba0c-547623212994,,,,,,,,,,,,,,,,,,,,,,,,,,,,,,,,,,,,,,,,,,,,,,,,,,,,,,,,,,,,,,,,,,,,,,,,,,
ap-580ba289-163b-4b6f-ba0c-547623212994,MEDIA,,,,,,https://aurumprivee.com/product-images/catalog-v2/c7129f9e-5896-4d23-b588-7afe72131dbe.webp,Mercedes Benz - Man Intense 3.4 oz EDT SP product image,,,,,,,,,,,,,,,,,,,,,,,,,,,,,,,,,,,,,,,,,,,,,,,,,,,,,,,,,,,,,,,,,,,,,,,,,,,,,,,,,,,,,,,,
ap-c28c5a6f-03af-435b-88fe-065c05fb212d,PRODUCT,Select Night,TRUE,An authentic men’s fragrance collection selected for the Aurum Privée collection.,all-fragrances;for-him;woody,all-fragrances,,,,Mercedes Benz,85.00,,,,,,,3,FALSE,,,c28c5a6f-03af-435b-88fe-065c05fb212d,,,,,,,,,,,,,,,,,,,,,,,,,,,,,,,,,,,,,,,,,,,,,,,,,,,,,,,,,,,,,,,,,,,,,,,,,,
ap-c28c5a6f-03af-435b-88fe-065c05fb212d,MEDIA,,,,,,https://aurumprivee.com/product-images/catalog-v2/cf80f82f-fe8d-4912-bfcc-ee2e4c15c770.webp,Mercedes Benz - Select Night 3.4oz EDP SP product image,,,,,,,,,,,,,,,,,,,,,,,,,,,,,,,,,,,,,,,,,,,,,,,,,,,,,,,,,,,,,,,,,,,,,,,,,,,,,,,,,,,,,,,,
ap-fe4be500-7ba4-4386-8a1c-facc031b73b8,PRODUCT,Woman in Red,TRUE,An authentic women's fragrance collection selected for the Aurum Privée collection.,all-fragrances;for-her;floral,all-fragrances,,,,Mercedes Benz,110.00,,,,,,,4,FALSE,,,fe4be500-7ba4-4386-8a1c-facc031b73b8,,,,,,,,,,,,,,,,,,,,,,,,,,,,,,,,,,,,,,,,,,,,,,,,,,,,,,,,,,,,,,,,,,,,,,,,,,
ap-fe4be500-7ba4-4386-8a1c-facc031b73b8,MEDIA,,,,,,https://aurumprivee.com/product-images/catalog-v2/3188533a-b64d-47bc-99f9-0f48b55df271.webp,Mercedes Benz - Woman in Red 3.0 oz EDP SP product image,,,,,,,,,,,,,,,,,,,,,,,,,,,,,,,,,,,,,,,,,,,,,,,,,,,,,,,,,,,,,,,,,,,,,,,,,,,,,,,,,,,,,,,,
ap-e406d43e-721c-4625-91d4-dfd759b86207,PRODUCT,Sexual Femme,TRUE,An authentic women's fragrance collection selected for the Aurum Privée collection.,all-fragrances;for-her;floral,all-fragrances,,,,Michael Germain,85.00,,,,,,,1,FALSE,,,e406d43e-721c-4625-91d4-dfd759b86207,,,,,,,,,,,,,,,,,,,,,,,,,,,,,,,,,,,,,,,,,,,,,,,,,,,,,,,,,,,,,,,,,,,,,,,,,,
ap-e406d43e-721c-4625-91d4-dfd759b86207,MEDIA,,,,,,https://aurumprivee.com/product-images/catalog-v2/7ce98363-dd5d-458c-a497-76eec9c6ea7c.webp,Michael Germain - Sexual Femme EDP SP 4.2oz product image,,,,,,,,,,,,,,,,,,,,,,,,,,,,,,,,,,,,,,,,,,,,,,,,,,,,,,,,,,,,,,,,,,,,,,,,,,,,,,,,,,,,,,,,
ap-357f4cf9-ff62-471c-ab55-efc80772cd0c,PRODUCT,Gorgeous Intense,TRUE,An authentic women’s fragrance collection selected for the Aurum Privée collection.,all-fragrances;for-her;floral,all-fragrances,,,,Michael Kors,98.00,,,,,,,1,FALSE,,,357f4cf9-ff62-471c-ab55-efc80772cd0c,,,,,,,,,,,,,,,,,,,,,,,,,,,,,,,,,,,,,,,,,,,,,,,,,,,,,,,,,,,,,,,,,,,,,,,,,,
ap-357f4cf9-ff62-471c-ab55-efc80772cd0c,MEDIA,,,,,,https://aurumprivee.com/product-images/catalog-v2/782a2148-9146-4539-a402-a51353454d78.webp,Michael Kors - Gorgeous Intense 1.7 EDP SP product image,,,,,,,,,,,,,,,,,,,,,,,,,,,,,,,,,,,,,,,,,,,,,,,,,,,,,,,,,,,,,,,,,,,,,,,,,,,,,,,,,,,,,,,,
ap-005ec64c-0af8-4978-a325-db05bbffad55,PRODUCT,Wonderlust /,TRUE,An authentic women’s fragrance collection selected for the Aurum Privée collection.,all-fragrances;for-her;floral,all-fragrances,,,,Michael Kors,98.00,,,,,,,1,FALSE,,,005ec64c-0af8-4978-a325-db05bbffad55,,,,,,,,,,,,,,,,,,,,,,,,,,,,,,,,,,,,,,,,,,,,,,,,,,,,,,,,,,,,,,,,,,,,,,,,,,
ap-005ec64c-0af8-4978-a325-db05bbffad55,MEDIA,,,,,,https://aurumprivee.com/product-images/catalog-v2/4f75c267-5161-412f-9809-896a268197c5.webp,Michael Kors - Wonderlust / EDP Spray 1.7 oz (50 ml) product image,,,,,,,,,,,,,,,,,,,,,,,,,,,,,,,,,,,,,,,,,,,,,,,,,,,,,,,,,,,,,,,,,,,,,,,,,,,,,,,,,,,,,,,,
ap-85b78d0e-5895-474d-b8d3-916d7077d92f,PRODUCT,Wonderlust,TRUE,An authentic women’s fragrance collection selected for the Aurum Privée collection.,all-fragrances;for-her;floral,all-fragrances,,,,Michael Kors,98.00,,,,,,,1,FALSE,,,85b78d0e-5895-474d-b8d3-916d7077d92f,,,,,,,,,,,,,,,,,,,,,,,,,,,,,,,,,,,,,,,,,,,,,,,,,,,,,,,,,,,,,,,,,,,,,,,,,,
ap-85b78d0e-5895-474d-b8d3-916d7077d92f,MEDIA,,,,,,https://aurumprivee.com/product-images/catalog-v2/b76a4c58-ef3d-4798-914f-ef1e9ae6774e.webp,Michael Kors - Wonderlust 1.7 EDP SP product image,,,,,,,,,,,,,,,,,,,,,,,,,,,,,,,,,,,,,,,,,,,,,,,,,,,,,,,,,,,,,,,,,,,,,,,,,,,,,,,,,,,,,,,,
ap-75cae3ae-e778-44cb-9a7a-b58d0bf3ce9e,PRODUCT,Sexual Paris,TRUE,An authentic women's fragrance collection selected for the Aurum Privée collection.,all-fragrances;for-her;floral,all-fragrances,,,,Michel Germain,105.00,,,,,,,2,FALSE,,,75cae3ae-e778-44cb-9a7a-b58d0bf3ce9e,,,,,,,,,,,,,,,,,,,,,,,,,,,,,,,,,,,,,,,,,,,,,,,,,,,,,,,,,,,,,,,,,,,,,,,,,,
ap-75cae3ae-e778-44cb-9a7a-b58d0bf3ce9e,MEDIA,,,,,,https://aurumprivee.com/product-images/catalog-v2/b7208f67-151c-4f7b-8685-8b4045830b20.webp,Michel Germain - Sexual Paris EDP SP 4.2oz product image,,,,,,,,,,,,,,,,,,,,,,,,,,,,,,,,,,,,,,,,,,,,,,,,,,,,,,,,,,,,,,,,,,,,,,,,,,,,,,,,,,,,,,,,
ap-0dc370e4-7eae-45a6-a545-0865acc6aa63,PRODUCT,Miuccia Prada,TRUE,An authentic women’s fragrance collection selected for the Aurum Privée collection.,all-fragrances;for-her;floral,all-fragrances,,,,Miu Miu,122.00,,,,,,,2,FALSE,,,0dc370e4-7eae-45a6-a545-0865acc6aa63,,,,,,,,,,,,,,,,,,,,,,,,,,,,,,,,,,,,,,,,,,,,,,,,,,,,,,,,,,,,,,,,,,,,,,,,,,
ap-0dc370e4-7eae-45a6-a545-0865acc6aa63,MEDIA,,,,,,https://aurumprivee.com/product-images/catalog-v2/0f66252f-9f80-43b9-bdc5-3b350c6ceb79.webp,Miu Miu - Miuccia Prada EDP SP 3.4 oz product image,,,,,,,,,,,,,,,,,,,,,,,,,,,,,,,,,,,,,,,,,,,,,,,,,,,,,,,,,,,,,,,,,,,,,,,,,,,,,,,,,,,,,,,,
ap-b6414b19-a22e-4c66-a473-6037d90d9d19,PRODUCT,Explorer,TRUE,An authentic men's fragrance collection selected for the Aurum Privée collection.,all-fragrances;for-him;woody,all-fragrances,,,,Montblanc,110.00,,,,,,,3,FALSE,,,b6414b19-a22e-4c66-a473-6037d90d9d19,,,,,,,,,,,,,,,,,,,,,,,,,,,,,,,,,,,,,,,,,,,,,,,,,,,,,,,,,,,,,,,,,,,,,,,,,,
ap-b6414b19-a22e-4c66-a473-6037d90d9d19,MEDIA,,,,,,https://aurumprivee.com/product-images/catalog-v2/ed06d2bf-2aca-4da9-bf4f-2915df579ba0.webp,Mont Blanc - Explorer Men 3.3 EDP SP product image,,,,,,,,,,,,,,,,,,,,,,,,,,,,,,,,,,,,,,,,,,,,,,,,,,,,,,,,,,,,,,,,,,,,,,,,,,,,,,,,,,,,,,,,
ap-f2df5fa7-67a0-4f00-9c16-2be354a63750,PRODUCT,Individual,TRUE,An authentic men’s fragrance collection selected for the Aurum Privée collection.,all-fragrances;for-him;woody,all-fragrances,,,,Montblanc,75.00,,,,,,,4,FALSE,,,f2df5fa7-67a0-4f00-9c16-2be354a63750,,,,,,,,,,,,,,,,,,,,,,,,,,,,,,,,,,,,,,,,,,,,,,,,,,,,,,,,,,,,,,,,,,,,,,,,,,
ap-f2df5fa7-67a0-4f00-9c16-2be354a63750,MEDIA,,,,,,https://aurumprivee.com/product-images/catalog-v2/b749656e-18de-49da-ba41-dc7587707c33.webp,Mont Blanc - Individual Men 2.5 EDT SP product image,,,,,,,,,,,,,,,,,,,,,,,,,,,,,,,,,,,,,,,,,,,,,,,,,,,,,,,,,,,,,,,,,,,,,,,,,,,,,,,,,,,,,,,,
ap-fcbe1b36-2a02-428a-9f82-2f810628fb8d,PRODUCT,Legend Intense,TRUE,An authentic men’s fragrance collection selected for the Aurum Privée collection.,all-fragrances;for-him;woody,all-fragrances,,,,Montblanc,92.00,,,,,,,2,FALSE,,,fcbe1b36-2a02-428a-9f82-2f810628fb8d,,,,,,,,,,,,,,,,,,,,,,,,,,,,,,,,,,,,,,,,,,,,,,,,,,,,,,,,,,,,,,,,,,,,,,,,,,
ap-fcbe1b36-2a02-428a-9f82-2f810628fb8d,MEDIA,,,,,,https://aurumprivee.com/product-images/catalog-v2/5efc17b3-a733-4c9c-9892-b848583ee508.webp,Mont Blanc - Legend Intense Men 3.4 EDT SP product image,,,,,,,,,,,,,,,,,,,,,,,,,,,,,,,,,,,,,,,,,,,,,,,,,,,,,,,,,,,,,,,,,,,,,,,,,,,,,,,,,,,,,,,,
ap-da5d30f7-f548-4767-a15b-f5592255c179,PRODUCT,Legend Red,TRUE,An authentic men’s fragrance collection selected for the Aurum Privée collection.,all-fragrances;for-him;woody,all-fragrances,,,,Montblanc,92.00,,,,,,,3,FALSE,,,da5d30f7-f548-4767-a15b-f5592255c179,,,,,,,,,,,,,,,,,,,,,,,,,,,,,,,,,,,,,,,,,,,,,,,,,,,,,,,,,,,,,,,,,,,,,,,,,,
ap-da5d30f7-f548-4767-a15b-f5592255c179,MEDIA,,,,,,https://aurumprivee.com/product-images/catalog-v2/0a929db5-c501-4d87-950e-303c905f4f6f.webp,Mont Blanc - Legend Red 3.3 EDP SP product image,,,,,,,,,,,,,,,,,,,,,,,,,,,,,,,,,,,,,,,,,,,,,,,,,,,,,,,,,,,,,,,,,,,,,,,,,,,,,,,,,,,,,,,,
ap-4a56dd93-b9c5-49db-b5b5-be70b7a3d61b,PRODUCT,Presence,TRUE,An authentic men’s fragrance collection selected for the Aurum Privée collection.,all-fragrances;for-him;woody,all-fragrances,,,,Montblanc,79.50,,,,,,,11,FALSE,,,4a56dd93-b9c5-49db-b5b5-be70b7a3d61b,,,,,,,,,,,,,,,,,,,,,,,,,,,,,,,,,,,,,,,,,,,,,,,,,,,,,,,,,,,,,,,,,,,,,,,,,,
ap-4a56dd93-b9c5-49db-b5b5-be70b7a3d61b,MEDIA,,,,,,https://aurumprivee.com/product-images/catalog-v2/e4763c2a-c60f-41bb-9733-10d22f27228d.webp,Mont Blanc - Presence Men 2.5 EDT SP product image,,,,,,,,,,,,,,,,,,,,,,,,,,,,,,,,,,,,,,,,,,,,,,,,,,,,,,,,,,,,,,,,,,,,,,,,,,,,,,,,,,,,,,,,
ap-6e50c220-6e61-47db-9f20-2edd66c693a1,PRODUCT,Intense Cafe,TRUE,An authentic unisex fragrance selected for the Aurum Privée collection.,all-fragrances;unisex;fresh,all-fragrances,,,,Montale,170.00,,,,,,,8,FALSE,,,6e50c220-6e61-47db-9f20-2edd66c693a1,,,,,,,,,,,,,,,,,,,,,,,,,,,,,,,,,,,,,,,,,,,,,,,,,,,,,,,,,,,,,,,,,,,,,,,,,,
ap-6e50c220-6e61-47db-9f20-2edd66c693a1,MEDIA,,,,,,https://aurumprivee.com/product-images/catalog-v2/0fa99015-2919-4469-a587-bd77a073ecdb.webp,Montale - Intense Cafe 3.4 oz EDP SP product image,,,,,,,,,,,,,,,,,,,,,,,,,,,,,,,,,,,,,,,,,,,,,,,,,,,,,,,,,,,,,,,,,,,,,,,,,,,,,,,,,,,,,,,,
ap-53d3a2ce-ec55-460f-bd94-3377043210b7,PRODUCT,Sandflowers,TRUE,An authentic unisex fragrance selected for the Aurum Privée collection.,all-fragrances;unisex;fresh,all-fragrances,,,,Montale,170.00,,,,,,,4,FALSE,,,53d3a2ce-ec55-460f-bd94-3377043210b7,,,,,,,,,,,,,,,,,,,,,,,,,,,,,,,,,,,,,,,,,,,,,,,,,,,,,,,,,,,,,,,,,,,,,,,,,,
ap-53d3a2ce-ec55-460f-bd94-3377043210b7,MEDIA,,,,,,https://aurumprivee.com/product-images/catalog-v2/0bcb5422-7a4f-400e-9ea7-06784a0284c5.webp,Montale - Sandflowers 3.3 oz EDP SP product image,,,,,,,,,,,,,,,,,,,,,,,,,,,,,,,,,,,,,,,,,,,,,,,,,,,,,,,,,,,,,,,,,,,,,,,,,,,,,,,,,,,,,,,,
ap-1e540953-6f19-4b85-a87b-74730fed327e,PRODUCT,Explorer Platinum,TRUE,An authentic men's fragrance collection selected for the Aurum Privée collection.,all-fragrances;for-him;woody,all-fragrances,,,,Montblanc,125.00,,,,,,,1,FALSE,,,1e540953-6f19-4b85-a87b-74730fed327e,,,,,,,,,,,,,,,,,,,,,,,,,,,,,,,,,,,,,,,,,,,,,,,,,,,,,,,,,,,,,,,,,,,,,,,,,,
ap-1e540953-6f19-4b85-a87b-74730fed327e,MEDIA,,,,,,https://aurumprivee.com/product-images/catalog-v2/71954faa-2309-4212-aa18-91e31376d8e1.webp,Montblanc - Explorer Platinum 3.4 oz EDP SP product image,,,,,,,,,,,,,,,,,,,,,,,,,,,,,,,,,,,,,,,,,,,,,,,,,,,,,,,,,,,,,,,,,,,,,,,,,,,,,,,,,,,,,,,,
ap-1dc80ef6-a038-41ba-b8b7-3a1fc3b2dbc5,PRODUCT,Signature Absolue,TRUE,An authentic women's fragrance collection selected for the Aurum Privée collection.,all-fragrances;for-her;floral,all-fragrances,,,,Montblanc,128.00,,,,,,,6,FALSE,,,1dc80ef6-a038-41ba-b8b7-3a1fc3b2dbc5,,,,,,,,,,,,,,,,,,,,,,,,,,,,,,,,,,,,,,,,,,,,,,,,,,,,,,,,,,,,,,,,,,,,,,,,,,
ap-1dc80ef6-a038-41ba-b8b7-3a1fc3b2dbc5,MEDIA,,,,,,https://aurumprivee.com/product-images/catalog-v2/cbccd746-e58b-445d-bbb1-fbe1fe31a682.webp,Montblanc - Signature Absolue 3.0 oz EDP SP product image,,,,,,,,,,,,,,,,,,,,,,,,,,,,,,,,,,,,,,,,,,,,,,,,,,,,,,,,,,,,,,,,,,,,,,,,,,,,,,,,,,,,,,,,
ap-8c860f84-08c8-4d47-94fa-56d4fb53f5d9,PRODUCT,Narciso Poudree,TRUE,An authentic women’s fragrance collection selected for the Aurum Privée collection.,all-fragrances;for-her;floral,all-fragrances,,,,Narciso Rodriguez,125.00,,,,,,,3,FALSE,,,8c860f84-08c8-4d47-94fa-56d4fb53f5d9,,,,,,,,,,,,,,,,,,,,,,,,,,,,,,,,,,,,,,,,,,,,,,,,,,,,,,,,,,,,,,,,,,,,,,,,,,
ap-8c860f84-08c8-4d47-94fa-56d4fb53f5d9,MEDIA,,,,,,https://aurumprivee.com/product-images/catalog-v2/6843a438-6995-4237-b173-baec5264e2a6.webp,Narciso Rodriguez - Narciso Poudree 1.6oz EDP SP product image,,,,,,,,,,,,,,,,,,,,,,,,,,,,,,,,,,,,,,,,,,,,,,,,,,,,,,,,,,,,,,,,,,,,,,,,,,,,,,,,,,,,,,,,
ap-52b2ace3-f427-438d-b0e4-fe5baabae350,PRODUCT,Neroli Ambree,TRUE,An authentic women’s fragrance collection selected for the Aurum Privée collection.,all-fragrances;for-her;floral,all-fragrances,,,,Narciso Rodriguez,100.00,,,,,,,5,FALSE,,,52b2ace3-f427-438d-b0e4-fe5baabae350,,,,,,,,,,,,,,,,,,,,,,,,,,,,,,,,,,,,,,,,,,,,,,,,,,,,,,,,,,,,,,,,,,,,,,,,,,
ap-52b2ace3-f427-438d-b0e4-fe5baabae350,MEDIA,,,,,,https://aurumprivee.com/product-images/catalog-v2/8d1ba7c8-6e09-4114-ac44-4aa9129faf92.webp,Narciso Rodriguez - Neroli Ambree 1.7 EDT product image,,,,,,,,,,,,,,,,,,,,,,,,,,,,,,,,,,,,,,,,,,,,,,,,,,,,,,,,,,,,,,,,,,,,,,,,,,,,,,,,,,,,,,,,
ap-31c41239-574c-4d77-b01f-d430c7b503c1,PRODUCT,Nr Bleu Noir Extreme EDT SP 3.3,TRUE,An authentic men’s fragrance collection selected for the Aurum Privée collection.,all-fragrances;for-him;woody,all-fragrances,,,,Narciso Rodriguez,112.00,,,,,,,1,FALSE,,,31c41239-574c-4d77-b01f-d430c7b503c1,,,,,,,,,,,,,,,,,,,,,,,,,,,,,,,,,,,,,,,,,,,,,,,,,,,,,,,,,,,,,,,,,,,,,,,,,,
ap-31c41239-574c-4d77-b01f-d430c7b503c1,MEDIA,,,,,,https://aurumprivee.com/product-images/catalog-v2/cf1f89d3-1e3b-4971-a36f-cfc4f5691bed.webp,Narciso Rodriguez - Nr Bleu Noir Extreme EDT SP 3.3 product image,,,,,,,,,,,,,,,,,,,,,,,,,,,,,,,,,,,,,,,,,,,,,,,,,,,,,,,,,,,,,,,,,,,,,,,,,,,,,,,,,,,,,,,,
ap-c9ba6047-55cd-4e08-99ee-bc10a1ca8af0,PRODUCT,Amber Rouge,TRUE,An authentic unisex fragrance selected for the Aurum Privée collection.,all-fragrances;unisex;fresh,all-fragrances,,,,Orientica,150.00,,,,,,,2,FALSE,,,c9ba6047-55cd-4e08-99ee-bc10a1ca8af0,,,,,,,,,,,,,,,,,,,,,,,,,,,,,,,,,,,,,,,,,,,,,,,,,,,,,,,,,,,,,,,,,,,,,,,,,,
ap-c9ba6047-55cd-4e08-99ee-bc10a1ca8af0,MEDIA,,,,,,https://aurumprivee.com/product-images/catalog-v2/5da11abe-5228-427b-9796-bd30449eb167.webp,Orientica - Amber Rouge EDP SP 5.0oz product image,,,,,,,,,,,,,,,,,,,,,,,,,,,,,,,,,,,,,,,,,,,,,,,,,,,,,,,,,,,,,,,,,,,,,,,,,,,,,,,,,,,,,,,,
ap-590bcb66-268c-450f-a989-57ba1b5e6a7c,PRODUCT,Royal Amber,TRUE,An authentic women’s fragrance collection selected for the Aurum Privée collection.,all-fragrances;for-her;floral,all-fragrances,,,,Orientica,150.00,,,,,,,1,FALSE,,,590bcb66-268c-450f-a989-57ba1b5e6a7c,,,,,,,,,,,,,,,,,,,,,,,,,,,,,,,,,,,,,,,,,,,,,,,,,,,,,,,,,,,,,,,,,,,,,,,,,,
ap-590bcb66-268c-450f-a989-57ba1b5e6a7c,MEDIA,,,,,,https://aurumprivee.com/product-images/catalog-v2/dd65b42c-2e8f-412e-95ff-d41016dccb01.webp,Orientica - Royal Amber EDP 5.0oz product image,,,,,,,,,,,,,,,,,,,,,,,,,,,,,,,,,,,,,,,,,,,,,,,,,,,,,,,,,,,,,,,,,,,,,,,,,,,,,,,,,,,,,,,,
ap-7a5fd386-47e0-4510-a178-5d9ab0afb396,PRODUCT,Royal Bleu,TRUE,An authentic unisex fragrance selected for the Aurum Privée collection.,all-fragrances;unisex;fresh,all-fragrances,,,,Orientica,110.00,,,,,,,5,FALSE,,,7a5fd386-47e0-4510-a178-5d9ab0afb396,,,,,,,,,,,,,,,,,,,,,,,,,,,,,,,,,,,,,,,,,,,,,,,,,,,,,,,,,,,,,,,,,,,,,,,,,,
ap-7a5fd386-47e0-4510-a178-5d9ab0afb396,MEDIA,,,,,,https://aurumprivee.com/product-images/catalog-v2/0a2fcebf-d045-48cf-b59b-3c270e6f8008.webp,Orientica - Royal Bleu 2.7 oz EDP SP product image,,,,,,,,,,,,,,,,,,,,,,,,,,,,,,,,,,,,,,,,,,,,,,,,,,,,,,,,,,,,,,,,,,,,,,,,,,,,,,,,,,,,,,,,
ap-ad921744-5152-4c94-ad81-4e1c9d131804,PRODUCT,Oscar Bella Essence,TRUE,An authentic women's fragrance collection selected for the Aurum Privée collection.,all-fragrances;for-her;floral,all-fragrances,,,,Oscar de la Renta,75.00,,,,,,,4,FALSE,,,ad921744-5152-4c94-ad81-4e1c9d131804,,,,,,,,,,,,,,,,,,,,,,,,,,,,,,,,,,,,,,,,,,,,,,,,,,,,,,,,,,,,,,,,,,,,,,,,,,
ap-ad921744-5152-4c94-ad81-4e1c9d131804,MEDIA,,,,,,https://aurumprivee.com/product-images/catalog-v2/3d6b131d-ae15-4289-8df1-4994b21d9af8.webp,Oscar de la Renta - Oscar Bella Essence EDP SP 3.4oz product image,,,,,,,,,,,,,,,,,,,,,,,,,,,,,,,,,,,,,,,,,,,,,,,,,,,,,,,,,,,,,,,,,,,,,,,,,,,,,,,,,,,,,,,,
ap-6e9e422e-9ebe-45d5-81f7-8b04a8f2e63e,PRODUCT,Bella Night,TRUE,An authentic women's fragrance collection selected for the Aurum Privée collection.,all-fragrances;for-her;floral,all-fragrances,,,,Oscar De La Renta,75.00,,,,,,,4,FALSE,,,6e9e422e-9ebe-45d5-81f7-8b04a8f2e63e,,,,,,,,,,,,,,,,,,,,,,,,,,,,,,,,,,,,,,,,,,,,,,,,,,,,,,,,,,,,,,,,,,,,,,,,,,
ap-6e9e422e-9ebe-45d5-81f7-8b04a8f2e63e,MEDIA,,,,,,https://aurumprivee.com/product-images/catalog-v2/b7fcaaa8-fd9e-4b09-8432-dd4db134c57b.webp,Oscar De La Renta - Bella Night EDP SP 3.4oz product image,,,,,,,,,,,,,,,,,,,,,,,,,,,,,,,,,,,,,,,,,,,,,,,,,,,,,,,,,,,,,,,,,,,,,,,,,,,,,,,,,,,,,,,,
ap-c3cda979-900e-4644-bd79-c76508f6b35f,PRODUCT,Bella Rosa,TRUE,An authentic women's fragrance collection selected for the Aurum Privée collection.,all-fragrances;for-her;floral,all-fragrances,,,,Oscar De La Renta,112.00,,,,,,,3,FALSE,,,c3cda979-900e-4644-bd79-c76508f6b35f,,,,,,,,,,,,,,,,,,,,,,,,,,,,,,,,,,,,,,,,,,,,,,,,,,,,,,,,,,,,,,,,,,,,,,,,,,
ap-c3cda979-900e-4644-bd79-c76508f6b35f,MEDIA,,,,,,https://aurumprivee.com/product-images/catalog-v2/fdad986c-42ed-4902-bbf5-94455777cd2e.webp,Oscar De La Renta - Bella Rosa EDP SP 3.4oz product image,,,,,,,,,,,,,,,,,,,,,,,,,,,,,,,,,,,,,,,,,,,,,,,,,,,,,,,,,,,,,,,,,,,,,,,,,,,,,,,,,,,,,,,,
ap-46f97540-e730-4101-96a6-87ab6a54e1af,PRODUCT,So De La Renta,TRUE,An authentic women’s fragrance collection selected for the Aurum Privée collection.,all-fragrances;for-her;floral,all-fragrances,,,,Oscar De La Renta,48.00,,,,,,,999999,FALSE,,,46f97540-e730-4101-96a6-87ab6a54e1af,,,,,,,,,,,,,,,,,,,,,,,,,,,,,,,,,,,,,,,,,,,,,,,,,,,,,,,,,,,,,,,,,,,,,,,,,,
ap-46f97540-e730-4101-96a6-87ab6a54e1af,MEDIA,,,,,,https://aurumprivee.com/product-images/catalog-v2/b6fcc99c-63c6-4068-996d-9048d23bd5cb.webp,Oscar De La Renta - So De La Renta 3.4oz EDT SP product image,,,,,,,,,,,,,,,,,,,,,,,,,,,,,,,,,,,,,,,,,,,,,,,,,,,,,,,,,,,,,,,,,,,,,,,,,,,,,,,,,,,,,,,,
ap-5118c4ae-117b-42f9-b1df-fde7c4ee503c,PRODUCT,1 Million,TRUE,An authentic men’s fragrance collection selected for the Aurum Privée collection.,all-fragrances;for-him;woody,all-fragrances,,,,Paco Rabanne,106.00,,,,,,,1,FALSE,,,5118c4ae-117b-42f9-b1df-fde7c4ee503c,,,,,,,,,,,,,,,,,,,,,,,,,,,,,,,,,,,,,,,,,,,,,,,,,,,,,,,,,,,,,,,,,,,,,,,,,,
ap-5118c4ae-117b-42f9-b1df-fde7c4ee503c,MEDIA,,,,,,https://aurumprivee.com/product-images/catalog-v2/702eef2d-43d4-43a0-8957-08d9cb3d53d2.webp,Paco Rabanne - 1 Million Parfum Spray 1.7 EDP product image,,,,,,,,,,,,,,,,,,,,,,,,,,,,,,,,,,,,,,,,,,,,,,,,,,,,,,,,,,,,,,,,,,,,,,,,,,,,,,,,,,,,,,,,
ap-b712e273-ec66-47d8-9f75-f4d46e0a84a9,PRODUCT,Dangerous Me EDP SP 2.1,TRUE,An authentic unisex fragrance selected for the Aurum Privée collection.,all-fragrances;unisex;fresh,all-fragrances,,,,Paco Rabanne,84.00,,,,,,,7,FALSE,,,b712e273-ec66-47d8-9f75-f4d46e0a84a9,,,,,,,,,,,,,,,,,,,,,,,,,,,,,,,,,,,,,,,,,,,,,,,,,,,,,,,,,,,,,,,,,,,,,,,,,,
ap-b712e273-ec66-47d8-9f75-f4d46e0a84a9,MEDIA,,,,,,https://aurumprivee.com/product-images/catalog-v2/68f77016-e28f-4f7e-a7fb-c6394a28cfc8.webp,Paco Rabanne - Dangerous Me EDP SP 2.1 product image,,,,,,,,,,,,,,,,,,,,,,,,,,,,,,,,,,,,,,,,,,,,,,,,,,,,,,,,,,,,,,,,,,,,,,,,,,,,,,,,,,,,,,,,
ap-2c242fd2-a5e1-40e1-b4bb-ae5997f64e70,PRODUCT,EDT Spray,TRUE,An authentic men’s fragrance collection selected for the Aurum Privée collection.,all-fragrances;for-him;woody,all-fragrances,,,,Paco Rabanne,92.00,,,,,,,5,FALSE,,,2c242fd2-a5e1-40e1-b4bb-ae5997f64e70,,,,,,,,,,,,,,,,,,,,,,,,,,,,,,,,,,,,,,,,,,,,,,,,,,,,,,,,,,,,,,,,,,,,,,,,,,
ap-2c242fd2-a5e1-40e1-b4bb-ae5997f64e70,MEDIA,,,,,,https://aurumprivee.com/product-images/catalog-v2/ca5d6c2f-b9f8-4dc9-bbf4-9a7e9545de40.webp,Paco Rabanne - EDT Spray 3.3 oz product image,,,,,,,,,,,,,,,,,,,,,,,,,,,,,,,,,,,,,,,,,,,,,,,,,,,,,,,,,,,,,,,,,,,,,,,,,,,,,,,,,,,,,,,,
ap-24420372-d96d-48b1-b15c-a2433cfdac06,PRODUCT,Erotic Me,TRUE,An authentic unisex fragrance selected for the Aurum Privée collection.,all-fragrances;unisex;fresh,all-fragrances,,,,Paco Rabanne,84.00,,,,,,,6,FALSE,,,24420372-d96d-48b1-b15c-a2433cfdac06,,,,,,,,,,,,,,,,,,,,,,,,,,,,,,,,,,,,,,,,,,,,,,,,,,,,,,,,,,,,,,,,,,,,,,,,,,
ap-24420372-d96d-48b1-b15c-a2433cfdac06,MEDIA,,,,,,https://aurumprivee.com/product-images/catalog-v2/fc42124b-067b-4cfc-9029-ecec5c362528.webp,Paco Rabanne - Erotic Me 2.1 EDP SP product image,,,,,,,,,,,,,,,,,,,,,,,,,,,,,,,,,,,,,,,,,,,,,,,,,,,,,,,,,,,,,,,,,,,,,,,,,,,,,,,,,,,,,,,,
ap-adef4aac-be24-4298-bb91-5ee83f5187df,PRODUCT,Fabulous Me,TRUE,An authentic men’s fragrance collection selected for the Aurum Privée collection.,all-fragrances;for-him;woody,all-fragrances,,,,Paco Rabanne,84.00,,,,,,,6,FALSE,,,adef4aac-be24-4298-bb91-5ee83f5187df,,,,,,,,,,,,,,,,,,,,,,,,,,,,,,,,,,,,,,,,,,,,,,,,,,,,,,,,,,,,,,,,,,,,,,,,,,
ap-adef4aac-be24-4298-bb91-5ee83f5187df,MEDIA,,,,,,https://aurumprivee.com/product-images/catalog-v2/113e0713-9748-43f1-9812-3f2e00be2730.webp,Paco Rabanne - Fabulous Me 2.1 EDP SP product image,,,,,,,,,,,,,,,,,,,,,,,,,,,,,,,,,,,,,,,,,,,,,,,,,,,,,,,,,,,,,,,,,,,,,,,,,,,,,,,,,,,,,,,,
ap-5248790b-ca90-4546-b0e3-cdc0837c191f,PRODUCT,Fame,TRUE,An authentic women’s fragrance collection selected for the Aurum Privée collection.,all-fragrances;for-her;floral,all-fragrances,,,,Paco Rabanne,175.00,,,,,,,1,FALSE,,,5248790b-ca90-4546-b0e3-cdc0837c191f,,,,,,,,,,,,,,,,,,,,,,,,,,,,,,,,,,,,,,,,,,,,,,,,,,,,,,,,,,,,,,,,,,,,,,,,,,
ap-5248790b-ca90-4546-b0e3-cdc0837c191f,MEDIA,,,,,,https://aurumprivee.com/product-images/catalog-v2/8de6d799-e0c1-46db-ad04-3ad36b2ae124.webp,Paco Rabanne - Fame 2.71oz EDP SP product image,,,,,,,,,,,,,,,,,,,,,,,,,,,,,,,,,,,,,,,,,,,,,,,,,,,,,,,,,,,,,,,,,,,,,,,,,,,,,,,,,,,,,,,,
ap-b3f9d27e-bbbf-4577-a71b-b1f898b67e4c,PRODUCT,Fame Intense,TRUE,An authentic women's fragrance collection selected for the Aurum Privée collection.,all-fragrances;for-her;floral,all-fragrances,,,,Paco Rabanne,125.00,,,,,,,4,FALSE,,,b3f9d27e-bbbf-4577-a71b-b1f898b67e4c,,,,,,,,,,,,,,,,,,,,,,,,,,,,,,,,,,,,,,,,,,,,,,,,,,,,,,,,,,,,,,,,,,,,,,,,,,
ap-b3f9d27e-bbbf-4577-a71b-b1f898b67e4c,MEDIA,,,,,,https://aurumprivee.com/product-images/catalog-v2/ac5afa2d-27a0-4430-b08a-50b7c26c679d.webp,Paco Rabanne - Fame Intense Woman 1.7 EDP SP product image,,,,,,,,,,,,,,,,,,,,,,,,,,,,,,,,,,,,,,,,,,,,,,,,,,,,,,,,,,,,,,,,,,,,,,,,,,,,,,,,,,,,,,,,
ap-31389a6a-a5d6-4491-a251-519274d69f73,PRODUCT,Genius Me EDP SP 2.1,TRUE,An authentic men’s fragrance collection selected for the Aurum Privée collection.,all-fragrances;for-him;woody,all-fragrances,,,,Paco Rabanne,84.00,,,,,,,5,FALSE,,,31389a6a-a5d6-4491-a251-519274d69f73,,,,,,,,,,,,,,,,,,,,,,,,,,,,,,,,,,,,,,,,,,,,,,,,,,,,,,,,,,,,,,,,,,,,,,,,,,
ap-31389a6a-a5d6-4491-a251-519274d69f73,MEDIA,,,,,,https://aurumprivee.com/product-images/catalog-v2/e9f79b0e-15bc-4071-abfb-77af9ea5d2fc.webp,Paco Rabanne - Genius Me EDP SP 2.1 product image,,,,,,,,,,,,,,,,,,,,,,,,,,,,,,,,,,,,,,,,,,,,,,,,,,,,,,,,,,,,,,,,,,,,,,,,,,,,,,,,,,,,,,,,
ap-52026235-2f50-4d1c-9125-bf9e609459a9,PRODUCT,Invictus,TRUE,An authentic men's fragrance collection selected for the Aurum Privée collection.,all-fragrances;for-him;woody,all-fragrances,,,,Paco Rabanne,141.00,,,,,,,2,FALSE,,,52026235-2f50-4d1c-9125-bf9e609459a9,,,,,,,,,,,,,,,,,,,,,,,,,,,,,,,,,,,,,,,,,,,,,,,,,,,,,,,,,,,,,,,,,,,,,,,,,,
ap-52026235-2f50-4d1c-9125-bf9e609459a9,MEDIA,,,,,,https://aurumprivee.com/product-images/catalog-v2/d39c3170-8b90-405c-a651-16747e7aae99.webp,Paco Rabanne - Invictus 1.7 EDT product image,,,,,,,,,,,,,,,,,,,,,,,,,,,,,,,,,,,,,,,,,,,,,,,,,,,,,,,,,,,,,,,,,,,,,,,,,,,,,,,,,,,,,,,,
ap-5f6a19ef-2844-4991-8ada-717896971151,PRODUCT,Invictus Plantinum Gift Set,TRUE,An authentic men's fragrance collection selected for the Aurum Privée collection.,all-fragrances;for-him;woody,all-fragrances,,,,Paco Rabanne,140.00,,,,,,,1,FALSE,,,5f6a19ef-2844-4991-8ada-717896971151,,,,,,,,,,,,,,,,,,,,,,,,,,,,,,,,,,,,,,,,,,,,,,,,,,,,,,,,,,,,,,,,,,,,,,,,,,
ap-5f6a19ef-2844-4991-8ada-717896971151,MEDIA,,,,,,https://aurumprivee.com/product-images/catalog-v2/4e0f8665-bc6e-45fc-991c-996d19c15300.webp,Paco Rabanne - Invictus Plantinum Gift Set product image,,,,,,,,,,,,,,,,,,,,,,,,,,,,,,,,,,,,,,,,,,,,,,,,,,,,,,,,,,,,,,,,,,,,,,,,,,,,,,,,,,,,,,,,
ap-9d302bb5-98f0-461c-bae9-f20bd458c612,PRODUCT,Invictus Platinum EDP Spray 3.4,TRUE,An authentic men’s fragrance collection selected for the Aurum Privée collection.,all-fragrances;for-him;woody,all-fragrances,,,,Paco Rabanne,135.00,,,,,,,2,FALSE,,,9d302bb5-98f0-461c-bae9-f20bd458c612,,,,,,,,,,,,,,,,,,,,,,,,,,,,,,,,,,,,,,,,,,,,,,,,,,,,,,,,,,,,,,,,,,,,,,,,,,
ap-9d302bb5-98f0-461c-bae9-f20bd458c612,MEDIA,,,,,,https://aurumprivee.com/product-images/catalog-v2/1d961356-7fa9-46ec-a459-1c4267f3d09b.webp,Paco Rabanne - Invictus Platinum EDP Spray 3.4 product image,,,,,,,,,,,,,,,,,,,,,,,,,,,,,,,,,,,,,,,,,,,,,,,,,,,,,,,,,,,,,,,,,,,,,,,,,,,,,,,,,,,,,,,,
ap-7599e7b5-506a-4c3a-8c0f-4238cd1e0273,PRODUCT,Olympea Blossom,TRUE,An authentic women’s fragrance collection selected for the Aurum Privée collection.,all-fragrances;for-her;floral,all-fragrances,,,,Paco Rabanne,110.00,,,,,,,2,FALSE,,,7599e7b5-506a-4c3a-8c0f-4238cd1e0273,,,,,,,,,,,,,,,,,,,,,,,,,,,,,,,,,,,,,,,,,,,,,,,,,,,,,,,,,,,,,,,,,,,,,,,,,,
ap-7599e7b5-506a-4c3a-8c0f-4238cd1e0273,MEDIA,,,,,,https://aurumprivee.com/product-images/catalog-v2/eee522f8-96fd-4e88-933a-0e7454bf8110.webp,Paco Rabanne - Olympea  Blossom 1.7  EDP SP Florale product image,,,,,,,,,,,,,,,,,,,,,,,,,,,,,,,,,,,,,,,,,,,,,,,,,,,,,,,,,,,,,,,,,,,,,,,,,,,,,,,,,,,,,,,,
ap-42dfbe4e-3817-4571-b567-46e82cc01d70,PRODUCT,Olympea Solar Intense,TRUE,An authentic women’s fragrance collection selected for the Aurum Privée collection.,all-fragrances;for-her;floral,all-fragrances,,,,Paco Rabanne,110.00,,,,,,,3,FALSE,,,42dfbe4e-3817-4571-b567-46e82cc01d70,,,,,,,,,,,,,,,,,,,,,,,,,,,,,,,,,,,,,,,,,,,,,,,,,,,,,,,,,,,,,,,,,,,,,,,,,,
ap-42dfbe4e-3817-4571-b567-46e82cc01d70,MEDIA,,,,,,https://aurumprivee.com/product-images/catalog-v2/a5f3974d-2428-4b0e-bc2d-55b8327936c3.webp,Paco Rabanne - Olympea  Solar Intense 1.7  EDP  SP product image,,,,,,,,,,,,,,,,,,,,,,,,,,,,,,,,,,,,,,,,,,,,,,,,,,,,,,,,,,,,,,,,,,,,,,,,,,,,,,,,,,,,,,,,
ap-763d5ecb-4cf8-470e-a715-9fc83fcb6559,PRODUCT,Olympea Gift Set,TRUE,An authentic women’s fragrance collection selected for the Aurum Privée collection.,all-fragrances;for-her;floral,all-fragrances,,,,Paco Rabanne,125.00,,,,,,,1,FALSE,,,763d5ecb-4cf8-470e-a715-9fc83fcb6559,,,,,,,,,,,,,,,,,,,,,,,,,,,,,,,,,,,,,,,,,,,,,,,,,,,,,,,,,,,,,,,,,,,,,,,,,,
ap-763d5ecb-4cf8-470e-a715-9fc83fcb6559,MEDIA,,,,,,https://aurumprivee.com/product-images/catalog-v2/aac5ef79-e01c-42f8-9a58-df33718ba96a.webp,Paco Rabanne - Olympea Gift Set product image,,,,,,,,,,,,,,,,,,,,,,,,,,,,,,,,,,,,,,,,,,,,,,,,,,,,,,,,,,,,,,,,,,,,,,,,,,,,,,,,,,,,,,,,
ap-79361a0a-7c1b-4d25-b265-f7923fdc5530,PRODUCT,Paco Invictus,TRUE,An authentic men’s fragrance collection selected for the Aurum Privée collection.,all-fragrances;for-him;woody,all-fragrances,,,,Paco Rabanne,160.00,,,,,,,1,FALSE,,,79361a0a-7c1b-4d25-b265-f7923fdc5530,,,,,,,,,,,,,,,,,,,,,,,,,,,,,,,,,,,,,,,,,,,,,,,,,,,,,,,,,,,,,,,,,,,,,,,,,,
ap-79361a0a-7c1b-4d25-b265-f7923fdc5530,MEDIA,,,,,,https://aurumprivee.com/product-images/catalog-v2/16bd0659-7cb3-4071-a159-462a1aabb4c9.webp,Paco Rabanne - Paco Invictus Men 3.3 EDT SP + 20 ml travel spray product image,,,,,,,,,,,,,,,,,,,,,,,,,,,,,,,,,,,,,,,,,,,,,,,,,,,,,,,,,,,,,,,,,,,,,,,,,,,,,,,,,,,,,,,,
ap-52488167-5897-4056-97a1-da5846124d0d,PRODUCT,Phantom Intense,TRUE,An authentic men's fragrance collection selected for the Aurum Privée collection.,all-fragrances;for-him;woody,all-fragrances,,,,Paco Rabanne,125.00,,,,,,,2,FALSE,,,52488167-5897-4056-97a1-da5846124d0d,,,,,,,,,,,,,,,,,,,,,,,,,,,,,,,,,,,,,,,,,,,,,,,,,,,,,,,,,,,,,,,,,,,,,,,,,,
ap-52488167-5897-4056-97a1-da5846124d0d,MEDIA,,,,,,https://aurumprivee.com/product-images/catalog-v2/12ec7761-5675-466f-835b-231797c958f8.webp,Paco Rabanne - Phantom Intense 3.4 EDP SP product image,,,,,,,,,,,,,,,,,,,,,,,,,,,,,,,,,,,,,,,,,,,,,,,,,,,,,,,,,,,,,,,,,,,,,,,,,,,,,,,,,,,,,,,,
ap-0d0bf332-0f01-42a9-8155-110d92d14853,PRODUCT,Strong Me EDP SP 2.1,TRUE,An authentic men’s fragrance collection selected for the Aurum Privée collection.,all-fragrances;for-him;woody,all-fragrances,,,,Paco Rabanne,82.00,,,,,,,6,FALSE,,,0d0bf332-0f01-42a9-8155-110d92d14853,,,,,,,,,,,,,,,,,,,,,,,,,,,,,,,,,,,,,,,,,,,,,,,,,,,,,,,,,,,,,,,,,,,,,,,,,,
ap-0d0bf332-0f01-42a9-8155-110d92d14853,MEDIA,,,,,,https://aurumprivee.com/product-images/catalog-v2/510c6baa-008c-4a39-b698-4036ba512b35.webp,Paco Rabanne - Strong Me EDP SP 2.1 product image,,,,,,,,,,,,,,,,,,,,,,,,,,,,,,,,,,,,,,,,,,,,,,,,,,,,,,,,,,,,,,,,,,,,,,,,,,,,,,,,,,,,,,,,
ap-f7e32247-4825-4167-9c87-f748a31848fe,PRODUCT,1.7 oz,TRUE,An authentic women’s fragrance collection selected for the Aurum Privée collection.,all-fragrances;for-her;floral,all-fragrances,,,,Paco Rabanne- Pure XS by for Women,92.00,,,,,,,5,FALSE,,,f7e32247-4825-4167-9c87-f748a31848fe,,,,,,,,,,,,,,,,,,,,,,,,,,,,,,,,,,,,,,,,,,,,,,,,,,,,,,,,,,,,,,,,,,,,,,,,,,
ap-f7e32247-4825-4167-9c87-f748a31848fe,MEDIA,,,,,,https://aurumprivee.com/product-images/catalog-v2/f362515d-ec4f-486e-bd86-1cfc6c8ba59b.webp,Paco Rabanne- Pure XS by for Women - 1.7 oz EDP Spray product image,,,,,,,,,,,,,,,,,,,,,,,,,,,,,,,,,,,,,,,,,,,,,,,,,,,,,,,,,,,,,,,,,,,,,,,,,,,,,,,,,,,,,,,,
ap-7449b4aa-93fd-43f6-881c-6c6f41f7e4ce,PRODUCT,2.5 oz,TRUE,An authentic women’s fragrance collection selected for the Aurum Privée collection.,all-fragrances;for-her;floral,all-fragrances,,,,Parfums De Marly- Meliora by Parfums de Marly,319.50,,,,,,,1,FALSE,,,7449b4aa-93fd-43f6-881c-6c6f41f7e4ce,,,,,,,,,,,,,,,,,,,,,,,,,,,,,,,,,,,,,,,,,,,,,,,,,,,,,,,,,,,,,,,,,,,,,,,,,,
ap-7449b4aa-93fd-43f6-881c-6c6f41f7e4ce,MEDIA,,,,,,https://aurumprivee.com/product-images/catalog-v2/5153469c-81d9-4628-94cc-0dc2414e25e9.webp,Parfums De Marly- Meliora by Parfums de Marly  - 2.5 oz EDP product image,,,,,,,,,,,,,,,,,,,,,,,,,,,,,,,,,,,,,,,,,,,,,,,,,,,,,,,,,,,,,,,,,,,,,,,,,,,,,,,,,,,,,,,,
ap-85ddd6cf-516f-44af-8ddf-92f36592ddcb,PRODUCT,Rose Rush,TRUE,An authentic women's fragrance collection selected for the Aurum Privée collection.,all-fragrances;for-her;floral,all-fragrances,,,,Paris Hilton,65.00,,,,,,,6,FALSE,,,85ddd6cf-516f-44af-8ddf-92f36592ddcb,,,,,,,,,,,,,,,,,,,,,,,,,,,,,,,,,,,,,,,,,,,,,,,,,,,,,,,,,,,,,,,,,,,,,,,,,,
ap-85ddd6cf-516f-44af-8ddf-92f36592ddcb,MEDIA,,,,,,https://aurumprivee.com/product-images/catalog-v2/3cf601cf-08b4-4572-95af-154002269012.webp,Paris Hilton - Rose Rush 3.3 EDP SP product image,,,,,,,,,,,,,,,,,,,,,,,,,,,,,,,,,,,,,,,,,,,,,,,,,,,,,,,,,,,,,,,,,,,,,,,,,,,,,,,,,,,,,,,,
ap-af5414de-29a6-43d4-ae62-16d591629a9d,PRODUCT,18 Fuego,TRUE,An authentic men’s fragrance collection selected for the Aurum Privée collection.,all-fragrances;for-him;woody,all-fragrances,,,,Perry Ellis,55.00,,,,,,,3,FALSE,,,af5414de-29a6-43d4-ae62-16d591629a9d,,,,,,,,,,,,,,,,,,,,,,,,,,,,,,,,,,,,,,,,,,,,,,,,,,,,,,,,,,,,,,,,,,,,,,,,,,
ap-af5414de-29a6-43d4-ae62-16d591629a9d,MEDIA,,,,,,https://aurumprivee.com/product-images/catalog-v2/56094309-d630-4260-b33a-48d220335290.webp,Perry Ellis - 18 Fuego 3.4 oz EDT SP product image,,,,,,,,,,,,,,,,,,,,,,,,,,,,,,,,,,,,,,,,,,,,,,,,,,,,,,,,,,,,,,,,,,,,,,,,,,,,,,,,,,,,,,,,
ap-5273b395-e6fa-4f44-b24c-611763e2b70b,PRODUCT,18,TRUE,An authentic men’s fragrance collection selected for the Aurum Privée collection.,all-fragrances;for-him;woody,all-fragrances,,,,Perry Ellis,55.00,,,,,,,3,FALSE,,,5273b395-e6fa-4f44-b24c-611763e2b70b,,,,,,,,,,,,,,,,,,,,,,,,,,,,,,,,,,,,,,,,,,,,,,,,,,,,,,,,,,,,,,,,,,,,,,,,,,
ap-5273b395-e6fa-4f44-b24c-611763e2b70b,MEDIA,,,,,,https://aurumprivee.com/product-images/catalog-v2/e7b586dd-aa2e-4a6b-9a75-088df1aa0c9b.webp,Perry Ellis - 18 Men 3.4 oz EDT SP product image,,,,,,,,,,,,,,,,,,,,,,,,,,,,,,,,,,,,,,,,,,,,,,,,,,,,,,,,,,,,,,,,,,,,,,,,,,,,,,,,,,,,,,,,
ap-087ff371-bb90-46d9-87de-0ea1b7ac58be,PRODUCT,360 4 P/C Set,TRUE,An authentic men's fragrance collection selected for the Aurum Privée collection.,all-fragrances;for-him;woody,all-fragrances,,,,Perry Ellis,70.00,,,,,,,5,FALSE,,,087ff371-bb90-46d9-87de-0ea1b7ac58be,,,,,,,,,,,,,,,,,,,,,,,,,,,,,,,,,,,,,,,,,,,,,,,,,,,,,,,,,,,,,,,,,,,,,,,,,,
ap-087ff371-bb90-46d9-87de-0ea1b7ac58be,MEDIA,,,,,,https://aurumprivee.com/product-images/catalog-v2/73e0928e-2a42-4149-906a-a6f230740ac2.webp,Perry Ellis - 360 4 P/C Set product image,,,,,,,,,,,,,,,,,,,,,,,,,,,,,,,,,,,,,,,,,,,,,,,,,,,,,,,,,,,,,,,,,,,,,,,,,,,,,,,,,,,,,,,,
ap-9aaed9e0-419e-48da-999d-fff4524342ea,PRODUCT,360 Red,TRUE,An authentic men’s fragrance collection selected for the Aurum Privée collection.,all-fragrances;for-him;woody,all-fragrances,,,,Perry Ellis,65.00,,,,,,,3,FALSE,,,9aaed9e0-419e-48da-999d-fff4524342ea,,,,,,,,,,,,,,,,,,,,,,,,,,,,,,,,,,,,,,,,,,,,,,,,,,,,,,,,,,,,,,,,,,,,,,,,,,
ap-9aaed9e0-419e-48da-999d-fff4524342ea,MEDIA,,,,,,https://aurumprivee.com/product-images/catalog-v2/833675a3-883e-442d-afeb-1b01dcb929ea.webp,Perry Ellis - 360 Red 3.4 EDT SP product image,,,,,,,,,,,,,,,,,,,,,,,,,,,,,,,,,,,,,,,,,,,,,,,,,,,,,,,,,,,,,,,,,,,,,,,,,,,,,,,,,,,,,,,,
ap-3da8b37f-e3ab-4c55-a0c2-0c17da603d9a,PRODUCT,360 Red,TRUE,An authentic women’s fragrance collection selected for the Aurum Privée collection.,all-fragrances;for-her;floral,all-fragrances,,,,Perry Ellis,85.00,,,,,,,3,FALSE,,,3da8b37f-e3ab-4c55-a0c2-0c17da603d9a,,,,,,,,,,,,,,,,,,,,,,,,,,,,,,,,,,,,,,,,,,,,,,,,,,,,,,,,,,,,,,,,,,,,,,,,,,
ap-3da8b37f-e3ab-4c55-a0c2-0c17da603d9a,MEDIA,,,,,,https://aurumprivee.com/product-images/catalog-v2/aed901bc-5e79-4573-b5c8-b3987615f59e.webp,Perry Ellis - 360 Red 3.4oz EDP SP product image,,,,,,,,,,,,,,,,,,,,,,,,,,,,,,,,,,,,,,,,,,,,,,,,,,,,,,,,,,,,,,,,,,,,,,,,,,,,,,,,,,,,,,,,
ap-1329ff21-ad45-4d4d-8884-772428be437a,PRODUCT,360 White,TRUE,An authentic men’s fragrance collection selected for the Aurum Privée collection.,all-fragrances;for-him;woody,all-fragrances,,,,Perry Ellis,65.00,,,,,,,3,FALSE,,,1329ff21-ad45-4d4d-8884-772428be437a,,,,,,,,,,,,,,,,,,,,,,,,,,,,,,,,,,,,,,,,,,,,,,,,,,,,,,,,,,,,,,,,,,,,,,,,,,
ap-1329ff21-ad45-4d4d-8884-772428be437a,MEDIA,,,,,,https://aurumprivee.com/product-images/catalog-v2/a4200a7a-791f-41db-bfbb-6e819f4c84c2.webp,Perry Ellis - 360 White 3.4 oz EDT SP product image,,,,,,,,,,,,,,,,,,,,,,,,,,,,,,,,,,,,,,,,,,,,,,,,,,,,,,,,,,,,,,,,,,,,,,,,,,,,,,,,,,,,,,,,
ap-c274c1e1-0f25-47f1-a739-b91fc994b672,PRODUCT,Love,TRUE,An authentic women's fragrance collection selected for the Aurum Privée collection.,all-fragrances;for-her;floral,all-fragrances,,,,Perry Ellis,65.00,,,,,,,3,FALSE,,,c274c1e1-0f25-47f1-a739-b91fc994b672,,,,,,,,,,,,,,,,,,,,,,,,,,,,,,,,,,,,,,,,,,,,,,,,,,,,,,,,,,,,,,,,,,,,,,,,,,
ap-c274c1e1-0f25-47f1-a739-b91fc994b672,MEDIA,,,,,,https://aurumprivee.com/product-images/catalog-v2/5b9545b3-ce62-4b4a-a631-9056cd4379d7.webp,Perry Ellis - Love EDP SP 3.4oz product image,,,,,,,,,,,,,,,,,,,,,,,,,,,,,,,,,,,,,,,,,,,,,,,,,,,,,,,,,,,,,,,,,,,,,,,,,,,,,,,,,,,,,,,,
ap-67bdd420-806b-44ea-a84a-3b55a7ece114,PRODUCT,Very Pink,TRUE,An authentic women's fragrance collection selected for the Aurum Privée collection.,all-fragrances;for-her;floral,all-fragrances,,,,Perry Ellis,65.00,,,,,,,3,FALSE,,,67bdd420-806b-44ea-a84a-3b55a7ece114,,,,,,,,,,,,,,,,,,,,,,,,,,,,,,,,,,,,,,,,,,,,,,,,,,,,,,,,,,,,,,,,,,,,,,,,,,
ap-67bdd420-806b-44ea-a84a-3b55a7ece114,MEDIA,,,,,,https://aurumprivee.com/product-images/catalog-v2/9e40cab3-4f2f-4b8e-bd4a-92e67f1ae32f.webp,Perry Ellis - Very Pink EDP SP 3.4oz product image,,,,,,,,,,,,,,,,,,,,,,,,,,,,,,,,,,,,,,,,,,,,,,,,,,,,,,,,,,,,,,,,,,,,,,,,,,,,,,,,,,,,,,,,
ap-b99714d7-7f91-4287-810d-3df80f831904,PRODUCT,3.4 oz EDT Spray Item,TRUE,An authentic men’s fragrance collection selected for the Aurum Privée collection.,all-fragrances;for-him;woody,all-fragrances,,,,Perry Ellis-360 Collection by for Men,65.00,,,,,,,1,FALSE,,,b99714d7-7f91-4287-810d-3df80f831904,,,,,,,,,,,,,,,,,,,,,,,,,,,,,,,,,,,,,,,,,,,,,,,,,,,,,,,,,,,,,,,,,,,,,,,,,,
ap-b99714d7-7f91-4287-810d-3df80f831904,MEDIA,,,,,,https://aurumprivee.com/product-images/catalog-v2/cd6117d2-8049-485b-ba77-9372f81ffd37.webp,Perry Ellis-360 Collection by for Men - 3.4 oz EDT Spray Item product image,,,,,,,,,,,,,,,,,,,,,,,,,,,,,,,,,,,,,,,,,,,,,,,,,,,,,,,,,,,,,,,,,,,,,,,,,,,,,,,,,,,,,,,,
ap-08936b07-c433-44ae-92bc-d3f7ce3ffd2b,PRODUCT,Candy,TRUE,An authentic women's fragrance collection selected for the Aurum Privée collection.,all-fragrances;for-her;floral,all-fragrances,,,,Prada,125.00,,,,,,,1,FALSE,,,08936b07-c433-44ae-92bc-d3f7ce3ffd2b,,,,,,,,,,,,,,,,,,,,,,,,,,,,,,,,,,,,,,,,,,,,,,,,,,,,,,,,,,,,,,,,,,,,,,,,,,
ap-08936b07-c433-44ae-92bc-d3f7ce3ffd2b,MEDIA,,,,,,https://aurumprivee.com/product-images/catalog-v2/a9eee97f-f852-4a41-a22b-3cb9248cc805.webp,Prada - Candy 1.7 oz EDP SP product image,,,,,,,,,,,,,,,,,,,,,,,,,,,,,,,,,,,,,,,,,,,,,,,,,,,,,,,,,,,,,,,,,,,,,,,,,,,,,,,,,,,,,,,,
ap-a4bdcfe2-c8d5-4acf-8c4c-348356e16847,PRODUCT,L'homme,TRUE,An authentic unisex fragrance selected for the Aurum Privée collection.,all-fragrances;for-him;fresh,all-fragrances,,,,Prada,95.00,,,,,,,1,FALSE,,,a4bdcfe2-c8d5-4acf-8c4c-348356e16847,,,,,,,,,,,,,,,,,,,,,,,,,,,,,,,,,,,,,,,,,,,,,,,,,,,,,,,,,,,,,,,,,,,,,,,,,,
ap-a4bdcfe2-c8d5-4acf-8c4c-348356e16847,MEDIA,,,,,,https://aurumprivee.com/product-images/catalog-v2/850db21c-61c5-49be-847f-c329a98de58c.webp,Prada - L'homme 1.7 oz EDT SP product image,,,,,,,,,,,,,,,,,,,,,,,,,,,,,,,,,,,,,,,,,,,,,,,,,,,,,,,,,,,,,,,,,,,,,,,,,,,,,,,,,,,,,,,,
ap-8cae6d20-6ed6-4d02-ac70-e38033f8e03f,PRODUCT,Paradoxe,TRUE,An authentic women’s fragrance collection selected for the Aurum Privée collection.,all-fragrances;for-her;floral,all-fragrances,,,,Prada,150.00,,,,,,,8,FALSE,,,8cae6d20-6ed6-4d02-ac70-e38033f8e03f,,,,,,,,,,,,,,,,,,,,,,,,,,,,,,,,,,,,,,,,,,,,,,,,,,,,,,,,,,,,,,,,,,,,,,,,,,
ap-8cae6d20-6ed6-4d02-ac70-e38033f8e03f,MEDIA,,,,,,https://aurumprivee.com/product-images/catalog-v2/a8ab8433-a825-41e4-a124-3f5bc9f7a98f.webp,Prada - Paradoxe 3.4 EDP SP product image,,,,,,,,,,,,,,,,,,,,,,,,,,,,,,,,,,,,,,,,,,,,,,,,,,,,,,,,,,,,,,,,,,,,,,,,,,,,,,,,,,,,,,,,
ap-a233cb06-f06a-4019-bb7c-7b027acbaf3c,PRODUCT,Polo Black EDT SP 4.2,TRUE,An authentic men’s fragrance collection selected for the Aurum Privée collection.,all-fragrances;for-him;woody,all-fragrances,,,,Ralph Lauren,100.00,,,,,,,3,FALSE,,,a233cb06-f06a-4019-bb7c-7b027acbaf3c,,,,,,,,,,,,,,,,,,,,,,,,,,,,,,,,,,,,,,,,,,,,,,,,,,,,,,,,,,,,,,,,,,,,,,,,,,
ap-a233cb06-f06a-4019-bb7c-7b027acbaf3c,MEDIA,,,,,,https://aurumprivee.com/product-images/catalog-v2/e3490aa7-b839-4352-85ed-98d4618eff63.webp,Ralph Lauren - Polo Black EDT SP 4.2 product image,,,,,,,,,,,,,,,,,,,,,,,,,,,,,,,,,,,,,,,,,,,,,,,,,,,,,,,,,,,,,,,,,,,,,,,,,,,,,,,,,,,,,,,,
ap-0c14fe28-90ff-42c4-a5e2-fcf561bad03a,PRODUCT,Polo Blue,TRUE,An authentic men's fragrance collection selected for the Aurum Privée collection.,all-fragrances;for-him;woody,all-fragrances,,,,Ralph Lauren,103.00,,,,,,,1,FALSE,,,0c14fe28-90ff-42c4-a5e2-fcf561bad03a,,,,,,,,,,,,,,,,,,,,,,,,,,,,,,,,,,,,,,,,,,,,,,,,,,,,,,,,,,,,,,,,,,,,,,,,,,
ap-0c14fe28-90ff-42c4-a5e2-fcf561bad03a,MEDIA,,,,,,https://aurumprivee.com/product-images/catalog-v2/9893477b-adb5-4ddd-938e-268f6b85a12e.webp,Ralph Lauren - Polo Blue Parfum 2.5 oz SP product image,,,,,,,,,,,,,,,,,,,,,,,,,,,,,,,,,,,,,,,,,,,,,,,,,,,,,,,,,,,,,,,,,,,,,,,,,,,,,,,,,,,,,,,,
ap-1a59229c-602e-4e03-9981-b97334e75f8e,PRODUCT,Polo Red,TRUE,An authentic men’s fragrance collection selected for the Aurum Privée collection.,all-fragrances;for-him;woody,all-fragrances,,,,Ralph Lauren,150.00,,,,,,,1,FALSE,,,1a59229c-602e-4e03-9981-b97334e75f8e,,,,,,,,,,,,,,,,,,,,,,,,,,,,,,,,,,,,,,,,,,,,,,,,,,,,,,,,,,,,,,,,,,,,,,,,,,
ap-1a59229c-602e-4e03-9981-b97334e75f8e,MEDIA,,,,,,https://aurumprivee.com/product-images/catalog-v2/cd681594-c788-4f5f-a0ab-a583c7831a52.webp,Ralph Lauren - Polo Red 4.2 oz EDP SP product image,,,,,,,,,,,,,,,,,,,,,,,,,,,,,,,,,,,,,,,,,,,,,,,,,,,,,,,,,,,,,,,,,,,,,,,,,,,,,,,,,,,,,,,,
ap-b50882ba-08d0-4e56-b28d-b2f7dd9640eb,PRODUCT,Byzance,TRUE,An authentic women’s fragrance collection selected for the Aurum Privée collection.,all-fragrances;for-her;floral,all-fragrances,,,,Rochas,92.00,,,,,,,1,FALSE,,,b50882ba-08d0-4e56-b28d-b2f7dd9640eb,,,,,,,,,,,,,,,,,,,,,,,,,,,,,,,,,,,,,,,,,,,,,,,,,,,,,,,,,,,,,,,,,,,,,,,,,,
ap-b50882ba-08d0-4e56-b28d-b2f7dd9640eb,MEDIA,,,,,,https://aurumprivee.com/product-images/catalog-v2/f6500672-171d-4bc0-b121-6c07145e0d2c.webp,Rochas - Byzance 3.0 EDP SP product image,,,,,,,,,,,,,,,,,,,,,,,,,,,,,,,,,,,,,,,,,,,,,,,,,,,,,,,,,,,,,,,,,,,,,,,,,,,,,,,,,,,,,,,,
ap-75272825-8ecd-4a91-94fd-c3b94d7d15e6,PRODUCT,I am King,TRUE,An authentic men’s fragrance collection selected for the Aurum Privée collection.,all-fragrances;for-him;woody,all-fragrances,,,,Sean John,65.00,,,,,,,1,FALSE,,,75272825-8ecd-4a91-94fd-c3b94d7d15e6,,,,,,,,,,,,,,,,,,,,,,,,,,,,,,,,,,,,,,,,,,,,,,,,,,,,,,,,,,,,,,,,,,,,,,,,,,
ap-75272825-8ecd-4a91-94fd-c3b94d7d15e6,MEDIA,,,,,,https://aurumprivee.com/product-images/catalog-v2/9b39bbea-d477-4ec2-add5-cd1def747c80.webp,Sean John - I am King 1.7oz EDT SP product image,,,,,,,,,,,,,,,,,,,,,,,,,,,,,,,,,,,,,,,,,,,,,,,,,,,,,,,,,,,,,,,,,,,,,,,,,,,,,,,,,,,,,,,,
ap-1b9c74c8-32f5-45b4-a0ef-f73950ed458c,PRODUCT,Unforgivable,TRUE,An authentic women’s fragrance collection selected for the Aurum Privée collection.,all-fragrances;for-her;floral,all-fragrances,,,,Sean John,50.00,,,,,,,3,FALSE,,,1b9c74c8-32f5-45b4-a0ef-f73950ed458c,,,,,,,,,,,,,,,,,,,,,,,,,,,,,,,,,,,,,,,,,,,,,,,,,,,,,,,,,,,,,,,,,,,,,,,,,,
ap-1b9c74c8-32f5-45b4-a0ef-f73950ed458c,MEDIA,,,,,,https://aurumprivee.com/product-images/catalog-v2/f025a7da-a313-4b76-bb99-959b78b21e70.webp,Sean John - Unforgivable Woman 4.2 oz Eau Fraiche SP product image,,,,,,,,,,,,,,,,,,,,,,,,,,,,,,,,,,,,,,,,,,,,,,,,,,,,,,,,,,,,,,,,,,,,,,,,,,,,,,,,,,,,,,,,
ap-ed03cb56-0ea9-4de8-a737-5b1638d83880,PRODUCT,8 oz Body Mist,TRUE,An authentic women’s fragrance collection selected for the Aurum Privée collection.,all-fragrances;for-her;floral,all-fragrances,,,,Sofia Vergara Tempting Fragrance Mist,22.00,,,,,,,1,FALSE,,,ed03cb56-0ea9-4de8-a737-5b1638d83880,,,,,,,,,,,,,,,,,,,,,,,,,,,,,,,,,,,,,,,,,,,,,,,,,,,,,,,,,,,,,,,,,,,,,,,,,,
ap-ed03cb56-0ea9-4de8-a737-5b1638d83880,MEDIA,,,,,,https://aurumprivee.com/product-images/catalog-v2/d6de7e9c-be65-4bea-9d33-5e4490b0fec4.webp,Sofia Vergara Tempting Fragrance Mist - 8 oz Body Mist product image,,,,,,,,,,,,,,,,,,,,,,,,,,,,,,,,,,,,,,,,,,,,,,,,,,,,,,,,,,,,,,,,,,,,,,,,,,,,,,,,,,,,,,,,
ap-966e651f-c652-438a-9517-918e14e40d31,PRODUCT,Altitude,TRUE,An authentic men’s fragrance collection selected for the Aurum Privée collection.,all-fragrances;for-him;woody,all-fragrances,,,,Swiss Army,60.00,,,,,,,3,FALSE,,,966e651f-c652-438a-9517-918e14e40d31,,,,,,,,,,,,,,,,,,,,,,,,,,,,,,,,,,,,,,,,,,,,,,,,,,,,,,,,,,,,,,,,,,,,,,,,,,
ap-966e651f-c652-438a-9517-918e14e40d31,MEDIA,,,,,,https://aurumprivee.com/product-images/catalog-v2/ced8c801-0bab-440d-b8f0-334f8586b3d7.webp,Swiss Army - Altitude EDT SP 3.4oz product image,,,,,,,,,,,,,,,,,,,,,,,,,,,,,,,,,,,,,,,,,,,,,,,,,,,,,,,,,,,,,,,,,,,,,,,,,,,,,,,,,,,,,,,,
ap-d8b222d3-d5d8-46a1-9c67-07447378e82e,PRODUCT,Classic,TRUE,An authentic men’s fragrance collection selected for the Aurum Privée collection.,all-fragrances;for-him;woody,all-fragrances,,,,Swiss Army,60.00,,,,,,,3,FALSE,,,d8b222d3-d5d8-46a1-9c67-07447378e82e,,,,,,,,,,,,,,,,,,,,,,,,,,,,,,,,,,,,,,,,,,,,,,,,,,,,,,,,,,,,,,,,,,,,,,,,,,
ap-d8b222d3-d5d8-46a1-9c67-07447378e82e,MEDIA,,,,,,https://aurumprivee.com/product-images/catalog-v2/c8300d0a-d67e-48f5-a533-143e9341c9da.webp,Swiss Army - Classic Men 3.4 EDT SP product image,,,,,,,,,,,,,,,,,,,,,,,,,,,,,,,,,,,,,,,,,,,,,,,,,,,,,,,,,,,,,,,,,,,,,,,,,,,,,,,,,,,,,,,,
ap-e3e65c40-9d2c-4777-8245-0e9214dcb9fe,PRODUCT,Eau Florale,TRUE,An authentic women’s fragrance collection selected for the Aurum Privée collection.,all-fragrances;for-her;floral,all-fragrances,,,,Swiss Army,60.00,,,,,,,3,FALSE,,,e3e65c40-9d2c-4777-8245-0e9214dcb9fe,,,,,,,,,,,,,,,,,,,,,,,,,,,,,,,,,,,,,,,,,,,,,,,,,,,,,,,,,,,,,,,,,,,,,,,,,,
ap-e3e65c40-9d2c-4777-8245-0e9214dcb9fe,MEDIA,,,,,,https://aurumprivee.com/product-images/catalog-v2/7e3e8e99-3395-459b-8306-e068e962159d.webp,Swiss Army - Eau Florale Woman 3.4 EDT SP product image,,,,,,,,,,,,,,,,,,,,,,,,,,,,,,,,,,,,,,,,,,,,,,,,,,,,,,,,,,,,,,,,,,,,,,,,,,,,,,,,,,,,,,,,
ap-a035b118-a085-4f09-8223-62c21be1fa93,PRODUCT,Sheer,TRUE,An authentic women's fragrance collection selected for the Aurum Privée collection.,all-fragrances;for-her;floral,all-fragrances,,,,Tiffany & Co,141.00,,,,,,,5,FALSE,,,a035b118-a085-4f09-8223-62c21be1fa93,,,,,,,,,,,,,,,,,,,,,,,,,,,,,,,,,,,,,,,,,,,,,,,,,,,,,,,,,,,,,,,,,,,,,,,,,,
ap-a035b118-a085-4f09-8223-62c21be1fa93,MEDIA,,,,,,https://aurumprivee.com/product-images/catalog-v2/4a75127d-8e8c-4e8a-96dc-7bf056630db1.webp,Tiffany & Co - Sheer 2.5 oz EDT SP product image,,,,,,,,,,,,,,,,,,,,,,,,,,,,,,,,,,,,,,,,,,,,,,,,,,,,,,,,,,,,,,,,,,,,,,,,,,,,,,,,,,,,,,,,
ap-6659ab57-6413-4292-b75b-c7b664cdd3b2,PRODUCT,Valentina,TRUE,An authentic women’s fragrance collection selected for the Aurum Privée collection.,all-fragrances;for-her;floral,all-fragrances,,,,Valentino,125.00,,,,,,,7,FALSE,,,6659ab57-6413-4292-b75b-c7b664cdd3b2,,,,,,,,,,,,,,,,,,,,,,,,,,,,,,,,,,,,,,,,,,,,,,,,,,,,,,,,,,,,,,,,,,,,,,,,,,
ap-6659ab57-6413-4292-b75b-c7b664cdd3b2,MEDIA,,,,,,https://aurumprivee.com/product-images/catalog-v2/fb71d0dd-f160-4fb0-86e1-ff75610cf785.webp,Valentino - Valentina 2.7 EDP SP product image,,,,,,,,,,,,,,,,,,,,,,,,,,,,,,,,,,,,,,,,,,,,,,,,,,,,,,,,,,,,,,,,,,,,,,,,,,,,,,,,,,,,,,,,
ap-2c3bf0cc-5f35-4888-b8af-bb6160f100f0,PRODUCT,Born In Roma Green Stravaganza,TRUE,An authentic men's fragrance collection selected for the Aurum Privée collection.,all-fragrances;for-him;woody,all-fragrances,,,,Valentino Garavani,97.00,,,,,,,6,FALSE,,,2c3bf0cc-5f35-4888-b8af-bb6160f100f0,,,,,,,,,,,,,,,,,,,,,,,,,,,,,,,,,,,,,,,,,,,,,,,,,,,,,,,,,,,,,,,,,,,,,,,,,,
ap-2c3bf0cc-5f35-4888-b8af-bb6160f100f0,MEDIA,,,,,,https://aurumprivee.com/product-images/catalog-v2/ccb27626-6820-4616-b0c0-7831859fc793.webp,Valentino Garavani - Born In Roma Green Stravaganza 1.7 oz EDP product image,,,,,,,,,,,,,,,,,,,,,,,,,,,,,,,,,,,,,,,,,,,,,,,,,,,,,,,,,,,,,,,,,,,,,,,,,,,,,,,,,,,,,,,,
ap-87f3b712-a2b0-4cb2-97a7-6d0c46397b7f,PRODUCT,Donna,TRUE,An authentic women's fragrance collection selected for the Aurum Privée collection.,all-fragrances;for-her;floral,all-fragrances,,,,Valentino Garavani,130.00,,,,,,,3,FALSE,,,87f3b712-a2b0-4cb2-97a7-6d0c46397b7f,,,,,,,,,,,,,,,,,,,,,,,,,,,,,,,,,,,,,,,,,,,,,,,,,,,,,,,,,,,,,,,,,,,,,,,,,,
ap-87f3b712-a2b0-4cb2-97a7-6d0c46397b7f,MEDIA,,,,,,https://aurumprivee.com/product-images/catalog-v2/3ca7b3f9-cc52-43e1-9a1a-e29a8fe03c27.webp,Valentino Garavani - Donna 1.7 oz EPD SP product image,,,,,,,,,,,,,,,,,,,,,,,,,,,,,,,,,,,,,,,,,,,,,,,,,,,,,,,,,,,,,,,,,,,,,,,,,,,,,,,,,,,,,,,,
ap-427c00dd-fe3a-49af-899b-68d3c63c0db0,PRODUCT,Donna Born in Roma,TRUE,An authentic women's fragrance collection selected for the Aurum Privée collection.,all-fragrances;for-her;floral,all-fragrances,,,,Valentino Garavani,165.00,,,,,,,2,FALSE,,,427c00dd-fe3a-49af-899b-68d3c63c0db0,,,,,,,,,,,,,,,,,,,,,,,,,,,,,,,,,,,,,,,,,,,,,,,,,,,,,,,,,,,,,,,,,,,,,,,,,,
ap-427c00dd-fe3a-49af-899b-68d3c63c0db0,MEDIA,,,,,,https://aurumprivee.com/product-images/catalog-v2/eb43950f-1825-4a5e-a550-a1a9630568e5.webp,Valentino Garavani - Donna Born in Roma 3.4 EDP SP product image,,,,,,,,,,,,,,,,,,,,,,,,,,,,,,,,,,,,,,,,,,,,,,,,,,,,,,,,,,,,,,,,,,,,,,,,,,,,,,,,,,,,,,,,
ap-0399f801-2e2e-4ebf-8c76-e8db12b2d37f,PRODUCT,Donna Born in Roma Coral Fantasy,TRUE,An authentic women’s fragrance collection selected for the Aurum Privée collection.,all-fragrances;for-her;floral,all-fragrances,,,,Valentino Garavani,135.00,,,,,,,2,FALSE,,,0399f801-2e2e-4ebf-8c76-e8db12b2d37f,,,,,,,,,,,,,,,,,,,,,,,,,,,,,,,,,,,,,,,,,,,,,,,,,,,,,,,,,,,,,,,,,,,,,,,,,,
ap-0399f801-2e2e-4ebf-8c76-e8db12b2d37f,MEDIA,,,,,,https://aurumprivee.com/product-images/catalog-v2/d166b5fb-2173-45ce-a670-495c7d480cc8.webp,Valentino Garavani - Donna Born in Roma Coral Fantasy EDP 1.7oz product image,,,,,,,,,,,,,,,,,,,,,,,,,,,,,,,,,,,,,,,,,,,,,,,,,,,,,,,,,,,,,,,,,,,,,,,,,,,,,,,,,,,,,,,,
ap-40d68107-1f76-4a86-91bc-5053e5edb1e8,PRODUCT,Donna Born in Roma,TRUE,An authentic women's fragrance collection selected for the Aurum Privée collection.,all-fragrances;for-her;floral,all-fragrances,,,,Valentino Garavani,110.00,,,,,,,6,FALSE,,,40d68107-1f76-4a86-91bc-5053e5edb1e8,,,,,,,,,,,,,,,,,,,,,,,,,,,,,,,,,,,,,,,,,,,,,,,,,,,,,,,,,,,,,,,,,,,,,,,,,,
ap-40d68107-1f76-4a86-91bc-5053e5edb1e8,MEDIA,,,,,,https://aurumprivee.com/product-images/catalog-v2/b4e5407d-ea28-47fb-a6b9-6d9354b3803b.webp,Valentino Garavani - Donna Born in Roma EDP SP 1.0 oz Coral product image,,,,,,,,,,,,,,,,,,,,,,,,,,,,,,,,,,,,,,,,,,,,,,,,,,,,,,,,,,,,,,,,,,,,,,,,,,,,,,,,,,,,,,,,
ap-da1ced6c-69c1-459a-b8a9-779b960796f0,PRODUCT,Donna Born in Roma,TRUE,An authentic women's fragrance collection selected for the Aurum Privée collection.,all-fragrances;for-her;floral,all-fragrances,,,,Valentino Garavani,165.00,,,,,,,6,FALSE,,,da1ced6c-69c1-459a-b8a9-779b960796f0,,,,,,,,,,,,,,,,,,,,,,,,,,,,,,,,,,,,,,,,,,,,,,,,,,,,,,,,,,,,,,,,,,,,,,,,,,
ap-da1ced6c-69c1-459a-b8a9-779b960796f0,MEDIA,,,,,,https://aurumprivee.com/product-images/catalog-v2/b4b4e9f8-2ce6-4f5d-9517-5f5e0b2141c9.webp,Valentino Garavani - Donna Born in Roma EDP SP 1.7 oz Extradose product image,,,,,,,,,,,,,,,,,,,,,,,,,,,,,,,,,,,,,,,,,,,,,,,,,,,,,,,,,,,,,,,,,,,,,,,,,,,,,,,,,,,,,,,,
ap-1c66a6de-db4d-40dd-a7e2-c90b3b202d84,PRODUCT,Donna Born in Roma Intense,TRUE,An authentic women's fragrance collection selected for the Aurum Privée collection.,all-fragrances;for-her;floral,all-fragrances,,,,Valentino Garavani,115.00,,,,,,,6,FALSE,,,1c66a6de-db4d-40dd-a7e2-c90b3b202d84,,,,,,,,,,,,,,,,,,,,,,,,,,,,,,,,,,,,,,,,,,,,,,,,,,,,,,,,,,,,,,,,,,,,,,,,,,
ap-1c66a6de-db4d-40dd-a7e2-c90b3b202d84,MEDIA,,,,,,https://aurumprivee.com/product-images/catalog-v2/ef8b2c92-496f-45ae-82a2-9496e815fa36.webp,Valentino Garavani - Donna Born in Roma Intense 1.0 EDP SP product image,,,,,,,,,,,,,,,,,,,,,,,,,,,,,,,,,,,,,,,,,,,,,,,,,,,,,,,,,,,,,,,,,,,,,,,,,,,,,,,,,,,,,,,,
ap-8f97453c-8f33-47ae-8711-cfd4e479baf1,PRODUCT,Donna Born In Roma Yellow,TRUE,An authentic women’s fragrance collection selected for the Aurum Privée collection.,all-fragrances;for-her;floral,all-fragrances,,,,Valentino Garavani,155.00,,,,,,,2,FALSE,,,8f97453c-8f33-47ae-8711-cfd4e479baf1,,,,,,,,,,,,,,,,,,,,,,,,,,,,,,,,,,,,,,,,,,,,,,,,,,,,,,,,,,,,,,,,,,,,,,,,,,
ap-8f97453c-8f33-47ae-8711-cfd4e479baf1,MEDIA,,,,,,https://aurumprivee.com/product-images/catalog-v2/3a29ddac-8f82-4911-ae98-f649ad4c4d2a.webp,Valentino Garavani - Donna Born In Roma Yellow 1.7 EDP SP product image,,,,,,,,,,,,,,,,,,,,,,,,,,,,,,,,,,,,,,,,,,,,,,,,,,,,,,,,,,,,,,,,,,,,,,,,,,,,,,,,,,,,,,,,
ap-c6d8e80e-886c-469f-b100-998d3333f187,PRODUCT,Uomo,TRUE,An authentic men’s fragrance collection selected for the Aurum Privée collection.,all-fragrances;for-him;woody,all-fragrances,,,,Valentino Garavani,125.00,,,,,,,5,FALSE,,,c6d8e80e-886c-469f-b100-998d3333f187,,,,,,,,,,,,,,,,,,,,,,,,,,,,,,,,,,,,,,,,,,,,,,,,,,,,,,,,,,,,,,,,,,,,,,,,,,
ap-c6d8e80e-886c-469f-b100-998d3333f187,MEDIA,,,,,,https://aurumprivee.com/product-images/catalog-v2/81e089c8-534b-4fd3-9910-ab10ba223322.webp,Valentino Garavani - Uomo 5.0 EDT SP product image,,,,,,,,,,,,,,,,,,,,,,,,,,,,,,,,,,,,,,,,,,,,,,,,,,,,,,,,,,,,,,,,,,,,,,,,,,,,,,,,,,,,,,,,
ap-4826645d-91fe-482c-b197-c1410ab0ad1c,PRODUCT,Uomo Intense,TRUE,An authentic men’s fragrance collection selected for the Aurum Privée collection.,all-fragrances;for-him;woody,all-fragrances,,,,Valentino Garavani,120.00,,,,,,,5,FALSE,,,4826645d-91fe-482c-b197-c1410ab0ad1c,,,,,,,,,,,,,,,,,,,,,,,,,,,,,,,,,,,,,,,,,,,,,,,,,,,,,,,,,,,,,,,,,,,,,,,,,,
ap-4826645d-91fe-482c-b197-c1410ab0ad1c,MEDIA,,,,,,https://aurumprivee.com/product-images/catalog-v2/198ece2e-91e0-4941-b690-821f8958d640.webp,Valentino Garavani - Uomo Intense EDP 3.3oz product image,,,,,,,,,,,,,,,,,,,,,,,,,,,,,,,,,,,,,,,,,,,,,,,,,,,,,,,,,,,,,,,,,,,,,,,,,,,,,,,,,,,,,,,,
ap-6130d020-d86b-48ec-a65c-7bf506ee951a,PRODUCT,Voce Viva Women Set 3.4,TRUE,An authentic women’s fragrance collection selected for the Aurum Privée collection.,all-fragrances;for-her;floral,all-fragrances,,,,Valentino Garavani,140.00,,,,,,,1,FALSE,,,6130d020-d86b-48ec-a65c-7bf506ee951a,,,,,,,,,,,,,,,,,,,,,,,,,,,,,,,,,,,,,,,,,,,,,,,,,,,,,,,,,,,,,,,,,,,,,,,,,,
ap-6130d020-d86b-48ec-a65c-7bf506ee951a,MEDIA,,,,,,https://aurumprivee.com/product-images/catalog-v2/a6552a20-9712-457a-81f3-239190503a31.webp,Valentino Garavani - Voce Viva Women Set 3.4 product image,,,,,,,,,,,,,,,,,,,,,,,,,,,,,,,,,,,,,,,,,,,,,,,,,,,,,,,,,,,,,,,,,,,,,,,,,,,,,,,,,,,,,,,,
ap-1f76c75f-77aa-47ef-b35a-4150e279f60e,PRODUCT,Crystal Noir Set,TRUE,An authentic women’s fragrance collection selected for the Aurum Privée collection.,all-fragrances;for-her;floral,all-fragrances,,,,Versace,150.00,,,,,,,3,FALSE,,,1f76c75f-77aa-47ef-b35a-4150e279f60e,,,,,,,,,,,,,,,,,,,,,,,,,,,,,,,,,,,,,,,,,,,,,,,,,,,,,,,,,,,,,,,,,,,,,,,,,,
ap-1f76c75f-77aa-47ef-b35a-4150e279f60e,MEDIA,,,,,,https://aurumprivee.com/product-images/catalog-v2/784580e1-e220-4bd9-bf96-fcf5c4b1a87b.webp,Versace - Crystal Noir Set product image,,,,,,,,,,,,,,,,,,,,,,,,,,,,,,,,,,,,,,,,,,,,,,,,,,,,,,,,,,,,,,,,,,,,,,,,,,,,,,,,,,,,,,,,
ap-53cc1c3e-fa41-4aae-bb96-4b83d0130c24,PRODUCT,Dylan Turquise EDT SP 3.4,TRUE,An authentic women's fragrance collection selected for the Aurum Privée collection.,all-fragrances;for-her;floral,all-fragrances,,,,Versace,100.00,,,,,,,4,FALSE,,,53cc1c3e-fa41-4aae-bb96-4b83d0130c24,,,,,,,,,,,,,,,,,,,,,,,,,,,,,,,,,,,,,,,,,,,,,,,,,,,,,,,,,,,,,,,,,,,,,,,,,,
ap-53cc1c3e-fa41-4aae-bb96-4b83d0130c24,MEDIA,,,,,,https://aurumprivee.com/product-images/catalog-v2/5d8d734c-f480-47f1-9aba-ce9c6b9b3846.webp,Versace - Dylan Turquise EDT SP 3.4 product image,,,,,,,,,,,,,,,,,,,,,,,,,,,,,,,,,,,,,,,,,,,,,,,,,,,,,,,,,,,,,,,,,,,,,,,,,,,,,,,,,,,,,,,,
ap-a880b32e-5d97-40ce-865f-e0b923b61772,PRODUCT,Eros,TRUE,An authentic men’s fragrance collection selected for the Aurum Privée collection.,all-fragrances;for-him;woody,all-fragrances,,,,Versace,110.00,,,,,,,2,FALSE,,,a880b32e-5d97-40ce-865f-e0b923b61772,,,,,,,,,,,,,,,,,,,,,,,,,,,,,,,,,,,,,,,,,,,,,,,,,,,,,,,,,,,,,,,,,,,,,,,,,,
ap-a880b32e-5d97-40ce-865f-e0b923b61772,MEDIA,,,,,,https://aurumprivee.com/product-images/catalog-v2/c5312bd4-2b20-4690-b65b-ad34eab353a9.webp,Versace - Eros 3.4 oz EDT SP product image,,,,,,,,,,,,,,,,,,,,,,,,,,,,,,,,,,,,,,,,,,,,,,,,,,,,,,,,,,,,,,,,,,,,,,,,,,,,,,,,,,,,,,,,
ap-f523d170-402b-4990-86d6-2929cc8edea2,PRODUCT,Eros,TRUE,An authentic men’s fragrance collection selected for the Aurum Privée collection.,all-fragrances;for-him;woody,all-fragrances,,,,Versace,68.00,,,,,,,1,FALSE,,,f523d170-402b-4990-86d6-2929cc8edea2,,,,,,,,,,,,,,,,,,,,,,,,,,,,,,,,,,,,,,,,,,,,,,,,,,,,,,,,,,,,,,,,,,,,,,,,,,
ap-f523d170-402b-4990-86d6-2929cc8edea2,MEDIA,,,,,,https://aurumprivee.com/product-images/catalog-v2/7a49c9eb-d672-4872-b6b6-38e0a9809cfe.webp,Versace - Eros Men 1.0 oz EDT SP product image,,,,,,,,,,,,,,,,,,,,,,,,,,,,,,,,,,,,,,,,,,,,,,,,,,,,,,,,,,,,,,,,,,,,,,,,,,,,,,,,,,,,,,,,
ap-106ed052-89c8-4595-bd7e-712a1bf617f5,PRODUCT,Yellow Diamond,TRUE,An authentic women's fragrance collection selected for the Aurum Privée collection.,all-fragrances;for-her;floral,all-fragrances,,,,Versace,85.00,,,,,,,1,FALSE,,,106ed052-89c8-4595-bd7e-712a1bf617f5,,,,,,,,,,,,,,,,,,,,,,,,,,,,,,,,,,,,,,,,,,,,,,,,,,,,,,,,,,,,,,,,,,,,,,,,,,
ap-106ed052-89c8-4595-bd7e-712a1bf617f5,MEDIA,,,,,,https://aurumprivee.com/product-images/catalog-v2/b66d1091-93c7-46af-9a9e-bea41c6a3a47.webp,Versace - Yellow  Diamond 1.7 EDT SP product image,,,,,,,,,,,,,,,,,,,,,,,,,,,,,,,,,,,,,,,,,,,,,,,,,,,,,,,,,,,,,,,,,,,,,,,,,,,,,,,,,,,,,,,,
ap-b858b542-fa2d-4dad-946c-02422145df0c,PRODUCT,Yellow Diamond,TRUE,An authentic women’s fragrance collection selected for the Aurum Privée collection.,all-fragrances;for-her;floral,all-fragrances,,,,Versace,85.00,,,,,,,2,FALSE,,,b858b542-fa2d-4dad-946c-02422145df0c,,,,,,,,,,,,,,,,,,,,,,,,,,,,,,,,,,,,,,,,,,,,,,,,,,,,,,,,,,,,,,,,,,,,,,,,,,
ap-b858b542-fa2d-4dad-946c-02422145df0c,MEDIA,,,,,,https://aurumprivee.com/product-images/catalog-v2/5397ef34-8f0c-4224-8f06-1f03650a61e5.webp,Versace - Yellow Diamond 1.7 EDT product image,,,,,,,,,,,,,,,,,,,,,,,,,,,,,,,,,,,,,,,,,,,,,,,,,,,,,,,,,,,,,,,,,,,,,,,,,,,,,,,,,,,,,,,,
ap-9afdaf6a-ac25-4bb0-870b-48a62396a44d,PRODUCT,Morning Dew,TRUE,An authentic women’s fragrance collection selected for the Aurum Privée collection.,all-fragrances;for-her;floral,all-fragrances,,,,Victorinox,85.00,,,,,,,5,FALSE,,,9afdaf6a-ac25-4bb0-870b-48a62396a44d,,,,,,,,,,,,,,,,,,,,,,,,,,,,,,,,,,,,,,,,,,,,,,,,,,,,,,,,,,,,,,,,,,,,,,,,,,
ap-9afdaf6a-ac25-4bb0-870b-48a62396a44d,MEDIA,,,,,,https://aurumprivee.com/product-images/catalog-v2/5c62e997-d398-4257-a790-79b086b7b142.webp,Victorinox - Morning Dew 3.4oz ETD SP product image,,,,,,,,,,,,,,,,,,,,,,,,,,,,,,,,,,,,,,,,,,,,,,,,,,,,,,,,,,,,,,,,,,,,,,,,,,,,,,,,,,,,,,,,
ap-defa251c-0ad4-4e01-9219-2bf0c3539391,PRODUCT,Swiss Army Steel,TRUE,An authentic men’s fragrance collection selected for the Aurum Privée collection.,all-fragrances;for-him;woody,all-fragrances,,,,Victorinox,60.00,,,,,,,6,FALSE,,,defa251c-0ad4-4e01-9219-2bf0c3539391,,,,,,,,,,,,,,,,,,,,,,,,,,,,,,,,,,,,,,,,,,,,,,,,,,,,,,,,,,,,,,,,,,,,,,,,,,
ap-defa251c-0ad4-4e01-9219-2bf0c3539391,MEDIA,,,,,,https://aurumprivee.com/product-images/catalog-v2/23833abf-50ae-4c36-81ef-77059ff7b9d5.webp,Victorinox - Swiss Army Steel 3.4 oz EDT SP product image,,,,,,,,,,,,,,,,,,,,,,,,,,,,,,,,,,,,,,,,,,,,,,,,,,,,,,,,,,,,,,,,,,,,,,,,,,,,,,,,,,,,,,,,
ap-af91c9e8-52b7-4dbb-8a41-1d28025b7c01,PRODUCT,Swiss Army Steel EDT 3.4,TRUE,An authentic men's fragrance collection selected for the Aurum Privée collection.,all-fragrances;for-him;woody,all-fragrances,,,,Victorinox,35.00,,,,,,,4,FALSE,,,af91c9e8-52b7-4dbb-8a41-1d28025b7c01,,,,,,,,,,,,,,,,,,,,,,,,,,,,,,,,,,,,,,,,,,,,,,,,,,,,,,,,,,,,,,,,,,,,,,,,,,
ap-af91c9e8-52b7-4dbb-8a41-1d28025b7c01,MEDIA,,,,,,https://aurumprivee.com/product-images/catalog-v2/0d40ac6f-77b3-4edf-9f34-831252595121.webp,Victorinox - Swiss Army Steel EDT 3.4 product image,,,,,,,,,,,,,,,,,,,,,,,,,,,,,,,,,,,,,,,,,,,,,,,,,,,,,,,,,,,,,,,,,,,,,,,,,,,,,,,,,,,,,,,,
ap-2c4c980b-f5b2-42b6-8397-37a37e386e9e,PRODUCT,Flowerbomb,TRUE,An authentic women's fragrance collection selected for the Aurum Privée collection.,all-fragrances;for-her;floral,all-fragrances,,,,Viktor & Rolf,150.00,,,,,,,2,FALSE,,,2c4c980b-f5b2-42b6-8397-37a37e386e9e,,,,,,,,,,,,,,,,,,,,,,,,,,,,,,,,,,,,,,,,,,,,,,,,,,,,,,,,,,,,,,,,,,,,,,,,,,
ap-2c4c980b-f5b2-42b6-8397-37a37e386e9e,MEDIA,,,,,,https://aurumprivee.com/product-images/catalog-v2/c16a522f-7603-4542-aa13-99a8de4df16c.webp,Viktor & Rolf - Flowerbomb product image,,,,,,,,,,,,,,,,,,,,,,,,,,,,,,,,,,,,,,,,,,,,,,,,,,,,,,,,,,,,,,,,,,,,,,,,,,,,,,,,,,,,,,,,
ap-527f1831-2b0d-4030-b64c-536d95719572,PRODUCT,Flowerbomb,TRUE,An authentic women’s fragrance collection selected for the Aurum Privée collection.,all-fragrances;for-her;floral,all-fragrances,,,,Viktor & Rolf,180.00,,,,,,,2,FALSE,,,527f1831-2b0d-4030-b64c-536d95719572,,,,,,,,,,,,,,,,,,,,,,,,,,,,,,,,,,,,,,,,,,,,,,,,,,,,,,,,,,,,,,,,,,,,,,,,,,
ap-527f1831-2b0d-4030-b64c-536d95719572,MEDIA,,,,,,https://aurumprivee.com/product-images/catalog-v2/7f1f89c4-ba3b-40ac-84d9-161fe0a3a540.webp,Viktor & Rolf - Flowerbomb 3.4 oz EDP SP product image,,,,,,,,,,,,,,,,,,,,,,,,,,,,,,,,,,,,,,,,,,,,,,,,,,,,,,,,,,,,,,,,,,,,,,,,,,,,,,,,,,,,,,,,
ap-65fd2d4f-7177-41b1-b2b1-5ee7058ec82c,PRODUCT,Flowerbomb Gift Set,TRUE,An authentic women’s fragrance collection selected for the Aurum Privée collection.,all-fragrances;for-her;floral,all-fragrances,,,,Viktor & Rolf,225.00,,,,,,,999999,FALSE,,,65fd2d4f-7177-41b1-b2b1-5ee7058ec82c,,,,,,,,,,,,,,,,,,,,,,,,,,,,,,,,,,,,,,,,,,,,,,,,,,,,,,,,,,,,,,,,,,,,,,,,,,
ap-65fd2d4f-7177-41b1-b2b1-5ee7058ec82c,MEDIA,,,,,,https://aurumprivee.com/product-images/catalog-v2/9759f572-adbc-4256-93d2-d90502311635.webp,Viktor & Rolf - Flowerbomb Gift Set product image,,,,,,,,,,,,,,,,,,,,,,,,,,,,,,,,,,,,,,,,,,,,,,,,,,,,,,,,,,,,,,,,,,,,,,,,,,,,,,,,,,,,,,,,
ap-af8923c3-473a-42a8-9e61-18da1341b878,PRODUCT,Erba Pura,TRUE,An authentic unisex fragrance selected for the Aurum Privée collection.,all-fragrances;unisex;fresh,all-fragrances,,,,Xerjoff,300.00,,,,,,,2,FALSE,,,af8923c3-473a-42a8-9e61-18da1341b878,,,,,,,,,,,,,,,,,,,,,,,,,,,,,,,,,,,,,,,,,,,,,,,,,,,,,,,,,,,,,,,,,,,,,,,,,,
ap-af8923c3-473a-42a8-9e61-18da1341b878,MEDIA,,,,,,https://aurumprivee.com/product-images/catalog-v2/a67eb208-0372-4c16-ab86-232822c70dcf.webp,Xerjoff - Erba Pura Unisex 1.7oz EDP SP product image,,,,,,,,,,,,,,,,,,,,,,,,,,,,,,,,,,,,,,,,,,,,,,,,,,,,,,,,,,,,,,,,,,,,,,,,,,,,,,,,,,,,,,,,
ap-0b0c3cb4-c179-4dfc-8588-fbf89a3e7fad,PRODUCT,EDP SP 3.4,TRUE,An authentic women’s fragrance collection selected for the Aurum Privée collection.,all-fragrances;for-her;floral,all-fragrances,,,,XOXO,55.00,,,,,,,4,FALSE,,,0b0c3cb4-c179-4dfc-8588-fbf89a3e7fad,,,,,,,,,,,,,,,,,,,,,,,,,,,,,,,,,,,,,,,,,,,,,,,,,,,,,,,,,,,,,,,,,,,,,,,,,,
ap-0b0c3cb4-c179-4dfc-8588-fbf89a3e7fad,MEDIA,,,,,,https://aurumprivee.com/product-images/catalog-v2/0d5d6747-ea92-412a-9e09-dcb95794b4d2.webp,XOXO - EDP SP 3.4 product image,,,,,,,,,,,,,,,,,,,,,,,,,,,,,,,,,,,,,,,,,,,,,,,,,,,,,,,,,,,,,,,,,,,,,,,,,,,,,,,,,,,,,,,,
ap-382946ed-37a4-4c56-b50b-edd253baa0d5,PRODUCT,"""Y"" Intense",TRUE,An authentic men’s fragrance collection selected for the Aurum Privée collection.,all-fragrances;for-him;woody,all-fragrances,,,,Yves Saint Laurent,135.00,,,,,,,2,FALSE,,,382946ed-37a4-4c56-b50b-edd253baa0d5,,,,,,,,,,,,,,,,,,,,,,,,,,,,,,,,,,,,,,,,,,,,,,,,,,,,,,,,,,,,,,,,,,,,,,,,,,
ap-382946ed-37a4-4c56-b50b-edd253baa0d5,MEDIA,,,,,,https://aurumprivee.com/product-images/catalog-v2/eb59905a-d31f-44b0-9742-71384ae61091.webp,"Yves Saint Laurent - ""Y"" Intense Men 2.0 EDP SP product image",,,,,,,,,,,,,,,,,,,,,,,,,,,,,,,,,,,,,,,,,,,,,,,,,,,,,,,,,,,,,,,,,,,,,,,,,,,,,,,,,,,,,,,,
ap-7afef823-ea30-4c56-af90-1e8e136b11b6,PRODUCT,"""Y"" Le Parfum 3.3",TRUE,An authentic men’s fragrance collection selected for the Aurum Privée collection.,all-fragrances;for-him;woody,all-fragrances,,,,Yves Saint Laurent,188.00,,,,,,,6,FALSE,,,7afef823-ea30-4c56-af90-1e8e136b11b6,,,,,,,,,,,,,,,,,,,,,,,,,,,,,,,,,,,,,,,,,,,,,,,,,,,,,,,,,,,,,,,,,,,,,,,,,,
ap-7afef823-ea30-4c56-af90-1e8e136b11b6,MEDIA,,,,,,https://aurumprivee.com/product-images/catalog-v2/30a6f4d8-e53a-4c20-9850-a77d781c26a6.webp,"Yves Saint Laurent - ""Y"" Le Parfum 3.3 product image",,,,,,,,,,,,,,,,,,,,,,,,,,,,,,,,,,,,,,,,,,,,,,,,,,,,,,,,,,,,,,,,,,,,,,,,,,,,,,,,,,,,,,,,
ap-74fdb228-192b-450c-bb22-8fb0ee82d84a,PRODUCT,"""Y""",TRUE,An authentic men’s fragrance collection selected for the Aurum Privée collection.,all-fragrances;for-him;woody,all-fragrances,,,,Yves Saint Laurent,98.00,,,,,,,2,FALSE,,,74fdb228-192b-450c-bb22-8fb0ee82d84a,,,,,,,,,,,,,,,,,,,,,,,,,,,,,,,,,,,,,,,,,,,,,,,,,,,,,,,,,,,,,,,,,,,,,,,,,,
ap-74fdb228-192b-450c-bb22-8fb0ee82d84a,MEDIA,,,,,,https://aurumprivee.com/product-images/catalog-v2/617cc267-0a22-48b6-8ca0-f80c3bcb1e32.webp,"Yves Saint Laurent - ""Y"" Men 2.0 EDT SP product image",,,,,,,,,,,,,,,,,,,,,,,,,,,,,,,,,,,,,,,,,,,,,,,,,,,,,,,,,,,,,,,,,,,,,,,,,,,,,,,,,,,,,,,,
ap-2c3440a3-78f2-455e-b06b-eccae881b67b,PRODUCT,"""Y""",TRUE,An authentic men’s fragrance collection selected for the Aurum Privée collection.,all-fragrances;for-him;woody,all-fragrances,,,,Yves Saint Laurent,148.00,,,,,,,3,FALSE,,,2c3440a3-78f2-455e-b06b-eccae881b67b,,,,,,,,,,,,,,,,,,,,,,,,,,,,,,,,,,,,,,,,,,,,,,,,,,,,,,,,,,,,,,,,,,,,,,,,,,
ap-2c3440a3-78f2-455e-b06b-eccae881b67b,MEDIA,,,,,,https://aurumprivee.com/product-images/catalog-v2/fb81fd90-a3a2-4a34-b0e6-75073e193ef8.webp,"Yves Saint Laurent - ""Y"" Men 3.4 EDP SP Intense product image",,,,,,,,,,,,,,,,,,,,,,,,,,,,,,,,,,,,,,,,,,,,,,,,,,,,,,,,,,,,,,,,,,,,,,,,,,,,,,,,,,,,,,,,
ap-55a04bef-21b3-45df-9a41-092b33f0bcaa,PRODUCT,Black Opium Extreme,TRUE,An authentic women’s fragrance collection selected for the Aurum Privée collection.,all-fragrances;for-her;floral,all-fragrances,,,,Yves Saint Laurent,155.00,,,,,,,3,FALSE,,,55a04bef-21b3-45df-9a41-092b33f0bcaa,,,,,,,,,,,,,,,,,,,,,,,,,,,,,,,,,,,,,,,,,,,,,,,,,,,,,,,,,,,,,,,,,,,,,,,,,,
ap-55a04bef-21b3-45df-9a41-092b33f0bcaa,MEDIA,,,,,,https://aurumprivee.com/product-images/catalog-v2/b04ff641-bbe6-441b-be06-e563574fddec.webp,Yves Saint Laurent - Black Opium Extreme Woman 3.0 EDP SP product image,,,,,,,,,,,,,,,,,,,,,,,,,,,,,,,,,,,,,,,,,,,,,,,,,,,,,,,,,,,,,,,,,,,,,,,,,,,,,,,,,,,,,,,,
ap-d9c5f0f8-c22d-48e2-bc3b-2ed7d9e537f9,PRODUCT,Black Opium Over Red,TRUE,An authentic women's fragrance collection selected for the Aurum Privée collection.,all-fragrances;for-her;floral,all-fragrances,,,,Yves Saint Laurent,130.00,,,,,,,3,FALSE,,,d9c5f0f8-c22d-48e2-bc3b-2ed7d9e537f9,,,,,,,,,,,,,,,,,,,,,,,,,,,,,,,,,,,,,,,,,,,,,,,,,,,,,,,,,,,,,,,,,,,,,,,,,,
ap-d9c5f0f8-c22d-48e2-bc3b-2ed7d9e537f9,MEDIA,,,,,,https://aurumprivee.com/product-images/catalog-v2/911abb00-171e-477a-8e96-b113da37a34d.webp,Yves Saint Laurent - Black Opium Over Red 1.7 oz EDP SP product image,,,,,,,,,,,,,,,,,,,,,,,,,,,,,,,,,,,,,,,,,,,,,,,,,,,,,,,,,,,,,,,,,,,,,,,,,,,,,,,,,,,,,,,,
ap-803d7b52-04fe-4aea-8616-a09a4e097dea,PRODUCT,Black Opium Woman Le,TRUE,An authentic women’s fragrance collection selected for the Aurum Privée collection.,all-fragrances;for-her;floral,all-fragrances,,,,Yves Saint Laurent,179.00,,,,,,,2,FALSE,,,803d7b52-04fe-4aea-8616-a09a4e097dea,,,,,,,,,,,,,,,,,,,,,,,,,,,,,,,,,,,,,,,,,,,,,,,,,,,,,,,,,,,,,,,,,,,,,,,,,,
ap-803d7b52-04fe-4aea-8616-a09a4e097dea,MEDIA,,,,,,https://aurumprivee.com/product-images/catalog-v2/164e8c4c-334d-45cf-ba5e-8bbb5cf0739c.webp,Yves Saint Laurent - Black Opium Woman Le Parfum  3.0 EDP SP product image,,,,,,,,,,,,,,,,,,,,,,,,,,,,,,,,,,,,,,,,,,,,,,,,,,,,,,,,,,,,,,,,,,,,,,,,,,,,,,,,,,,,,,,,
ap-a7564795-049e-4e2a-9f98-1cbb24595cf9,PRODUCT,Body Kourus,TRUE,An authentic men’s fragrance collection selected for the Aurum Privée collection.,all-fragrances;for-him;woody,all-fragrances,,,,Yves Saint Laurent,115.00,,,,,,,2,FALSE,,,a7564795-049e-4e2a-9f98-1cbb24595cf9,,,,,,,,,,,,,,,,,,,,,,,,,,,,,,,,,,,,,,,,,,,,,,,,,,,,,,,,,,,,,,,,,,,,,,,,,,
ap-a7564795-049e-4e2a-9f98-1cbb24595cf9,MEDIA,,,,,,https://aurumprivee.com/product-images/catalog-v2/1885f79a-a088-41c2-99ff-76a2d9abc8dc.webp,Yves Saint Laurent -  Body Kourus Men  3.3  EDT  SP product image,,,,,,,,,,,,,,,,,,,,,,,,,,,,,,,,,,,,,,,,,,,,,,,,,,,,,,,,,,,,,,,,,,,,,,,,,,,,,,,,,,,,,,,,
ap-de00a88b-af99-401d-ac65-a564cd69f066,PRODUCT,L'Homme,TRUE,An authentic men’s fragrance collection selected for the Aurum Privée collection.,all-fragrances;for-him;woody,all-fragrances,,,,Yves Saint Laurent,86.00,,,,,,,3,FALSE,,,de00a88b-af99-401d-ac65-a564cd69f066,,,,,,,,,,,,,,,,,,,,,,,,,,,,,,,,,,,,,,,,,,,,,,,,,,,,,,,,,,,,,,,,,,,,,,,,,,
ap-de00a88b-af99-401d-ac65-a564cd69f066,MEDIA,,,,,,https://aurumprivee.com/product-images/catalog-v2/820bc742-f0b9-4e0c-ac50-e26fb7c4aa40.webp,Yves Saint Laurent - L'Homme 2.0 oz EDP SP product image,,,,,,,,,,,,,,,,,,,,,,,,,,,,,,,,,,,,,,,,,,,,,,,,,,,,,,,,,,,,,,,,,,,,,,,,,,,,,,,,,,,,,,,,
ap-ac0e215f-ee55-49cc-96b0-99755fe117c9,PRODUCT,L'homme,TRUE,An authentic men’s fragrance collection selected for the Aurum Privée collection.,all-fragrances;for-him;woody,all-fragrances,,,,Yves Saint Laurent,108.00,,,,,,,3,FALSE,,,ac0e215f-ee55-49cc-96b0-99755fe117c9,,,,,,,,,,,,,,,,,,,,,,,,,,,,,,,,,,,,,,,,,,,,,,,,,,,,,,,,,,,,,,,,,,,,,,,,,,
ap-ac0e215f-ee55-49cc-96b0-99755fe117c9,MEDIA,,,,,,https://aurumprivee.com/product-images/catalog-v2/63cddf97-1cb1-4957-8fb2-8b7bf6f56612.webp,Yves Saint Laurent - L'homme 3.4 EDT SP product image,,,,,,,,,,,,,,,,,,,,,,,,,,,,,,,,,,,,,,,,,,,,,,,,,,,,,,,,,,,,,,,,,,,,,,,,,,,,,,,,,,,,,,,,
ap-7c362348-ab52-40dc-bf71-d3f5a20fe36b,PRODUCT,L'homme La Nuit,TRUE,An authentic men’s fragrance collection selected for the Aurum Privée collection.,all-fragrances;for-him;woody,all-fragrances,,,,Yves Saint Laurent,108.00,,,,,,,2,FALSE,,,7c362348-ab52-40dc-bf71-d3f5a20fe36b,,,,,,,,,,,,,,,,,,,,,,,,,,,,,,,,,,,,,,,,,,,,,,,,,,,,,,,,,,,,,,,,,,,,,,,,,,
ap-7c362348-ab52-40dc-bf71-d3f5a20fe36b,MEDIA,,,,,,https://aurumprivee.com/product-images/catalog-v2/15800de2-4272-4070-9cb7-bf47c6ae1b46.webp,Yves Saint Laurent - L'homme La Nuit 3.3 EDT SP product image,,,,,,,,,,,,,,,,,,,,,,,,,,,,,,,,,,,,,,,,,,,,,,,,,,,,,,,,,,,,,,,,,,,,,,,,,,,,,,,,,,,,,,,,
ap-9092518e-ebdc-4aa6-9ede-f43e3d0d9fb2,PRODUCT,La Nuit De L'Homme Le Parfum 3.3,TRUE,An authentic men’s fragrance collection selected for the Aurum Privée collection.,all-fragrances;for-him;woody,all-fragrances,,,,Yves Saint Laurent,125.00,,,,,,,4,FALSE,,,9092518e-ebdc-4aa6-9ede-f43e3d0d9fb2,,,,,,,,,,,,,,,,,,,,,,,,,,,,,,,,,,,,,,,,,,,,,,,,,,,,,,,,,,,,,,,,,,,,,,,,,,
ap-9092518e-ebdc-4aa6-9ede-f43e3d0d9fb2,MEDIA,,,,,,https://aurumprivee.com/product-images/catalog-v2/dc3f1d78-6731-4644-9dba-8e2a229b7dfa.webp,Yves Saint Laurent - La Nuit De L'Homme Le Parfum 3.3 SP product image,,,,,,,,,,,,,,,,,,,,,,,,,,,,,,,,,,,,,,,,,,,,,,,,,,,,,,,,,,,,,,,,,,,,,,,,,,,,,,,,,,,,,,,,
ap-87eeb578-a4ce-44e0-a980-4a05dd77a29b,PRODUCT,La Nuit de LHomme,TRUE,An authentic men’s fragrance collection selected for the Aurum Privée collection.,all-fragrances;for-him;woody,all-fragrances,,,,Yves Saint Laurent,85.00,,,,,,,1,FALSE,,,87eeb578-a4ce-44e0-a980-4a05dd77a29b,,,,,,,,,,,,,,,,,,,,,,,,,,,,,,,,,,,,,,,,,,,,,,,,,,,,,,,,,,,,,,,,,,,,,,,,,,
ap-87eeb578-a4ce-44e0-a980-4a05dd77a29b,MEDIA,,,,,,https://aurumprivee.com/product-images/catalog-v2/e3d5408b-d728-49fd-a3cf-37d39041c70c.webp,Yves Saint Laurent - La Nuit de LHomme EDP 2.0 oz product image,,,,,,,,,,,,,,,,,,,,,,,,,,,,,,,,,,,,,,,,,,,,,,,,,,,,,,,,,,,,,,,,,,,,,,,,,,,,,,,,,,,,,,,,
ap-96ef67a0-08cc-40c9-be45-d79a2bda5c55,PRODUCT,Libre Flowers & Flames,TRUE,An authentic women’s fragrance collection selected for the Aurum Privée collection.,all-fragrances;for-her;floral,all-fragrances,,,,Yves Saint Laurent,180.00,,,,,,,1,FALSE,,,96ef67a0-08cc-40c9-be45-d79a2bda5c55,,,,,,,,,,,,,,,,,,,,,,,,,,,,,,,,,,,,,,,,,,,,,,,,,,,,,,,,,,,,,,,,,,,,,,,,,,
ap-96ef67a0-08cc-40c9-be45-d79a2bda5c55,MEDIA,,,,,,https://aurumprivee.com/product-images/catalog-v2/024ad417-5ec0-43fd-9b5f-a66833cfca64.webp,Yves Saint Laurent - Libre Flowers & Flames EDP SP 3.0 oz product image,,,,,,,,,,,,,,,,,,,,,,,,,,,,,,,,,,,,,,,,,,,,,,,,,,,,,,,,,,,,,,,,,,,,,,,,,,,,,,,,,,,,,,,,
ap-40717cff-483b-4c02-b053-26f10490d029,PRODUCT,Libre L'Absolu Platine,TRUE,An authentic women's fragrance collection selected for the Aurum Privée collection.,all-fragrances;for-her;floral,all-fragrances,,,,Yves Saint Laurent,180.00,,,,,,,4,FALSE,,,40717cff-483b-4c02-b053-26f10490d029,,,,,,,,,,,,,,,,,,,,,,,,,,,,,,,,,,,,,,,,,,,,,,,,,,,,,,,,,,,,,,,,,,,,,,,,,,
ap-40717cff-483b-4c02-b053-26f10490d029,MEDIA,,,,,,https://aurumprivee.com/product-images/catalog-v2/b419556d-aa81-44f6-a7e3-68e90a189466.webp,Yves Saint Laurent - Libre L'Absolu Platine Parfum Spray 3.0 oz product image,,,,,,,,,,,,,,,,,,,,,,,,,,,,,,,,,,,,,,,,,,,,,,,,,,,,,,,,,,,,,,,,,,,,,,,,,,,,,,,,,,,,,,,,
ap-55f27bd7-6df5-4f1d-9e2d-832f0a664e9d,PRODUCT,Libre L'Absolute Platine,TRUE,An authentic women's fragrance collection selected for the Aurum Privée collection.,all-fragrances;for-her;floral,all-fragrances,,,,Yves Saint Laurent,150.00,,,,,,,4,FALSE,,,55f27bd7-6df5-4f1d-9e2d-832f0a664e9d,,,,,,,,,,,,,,,,,,,,,,,,,,,,,,,,,,,,,,,,,,,,,,,,,,,,,,,,,,,,,,,,,,,,,,,,,,
ap-55f27bd7-6df5-4f1d-9e2d-832f0a664e9d,MEDIA,,,,,,https://aurumprivee.com/product-images/catalog-v2/212cf400-58e6-4ae8-8f70-163d5ee490e9.webp,Yves Saint Laurent - Libre L'Absolute Platine 1.7 EDP SP product image,,,,,,,,,,,,,,,,,,,,,,,,,,,,,,,,,,,,,,,,,,,,,,,,,,,,,,,,,,,,,,,,,,,,,,,,,,,,,,,,,,,,,,,,
ap-bd6d3a5d-4064-4fe3-96d9-d8cd19f7d571,PRODUCT,Mon Paris Intensement,TRUE,An authentic women’s fragrance collection selected for the Aurum Privée collection.,all-fragrances;for-her;floral,all-fragrances,,,,Yves Saint Laurent,117.00,,,,,,,1,FALSE,,,bd6d3a5d-4064-4fe3-96d9-d8cd19f7d571,,,,,,,,,,,,,,,,,,,,,,,,,,,,,,,,,,,,,,,,,,,,,,,,,,,,,,,,,,,,,,,,,,,,,,,,,,
ap-bd6d3a5d-4064-4fe3-96d9-d8cd19f7d571,MEDIA,,,,,,https://aurumprivee.com/product-images/catalog-v2/787b6974-dbf2-41eb-9191-40bfb572023a.webp,Yves Saint Laurent - Mon Paris Intensement Woman 1.7 EDP SP product image,,,,,,,,,,,,,,,,,,,,,,,,,,,,,,,,,,,,,,,,,,,,,,,,,,,,,,,,,,,,,,,,,,,,,,,,,,,,,,,,,,,,,,,,
ap-45c6b653-d471-4578-ba8c-dfd704f5f829,PRODUCT,2.5 FL,TRUE,An authentic women's fragrance collection selected for the Aurum Privée collection.,all-fragrances;for-her;floral,all-fragrances,,,,A Thousand Wishes,95.00,,,,,,,4,FALSE,,,45c6b653-d471-4578-ba8c-dfd704f5f829,,,,,,,,,,,,,,,,,,,,,,,,,,,,,,,,,,,,,,,,,,,,,,,,,,,,,,,,,,,,,,,,,,,,,,,,,,
ap-45c6b653-d471-4578-ba8c-dfd704f5f829,MEDIA,,,,,,https://aurumprivee.com/images/product-awaiting-photography.webp,Photography for A Thousand Wishes 2.5 FL EDP is being prepared,,,,,,,,,,,,,,,,,,,,,,,,,,,,,,,,,,,,,,,,,,,,,,,,,,,,,,,,,,,,,,,,,,,,,,,,,,,,,,,,,,,,,,,,
ap-6af72b03-910e-41d2-a4ba-f5b9ee61eb7d,PRODUCT,Giorgio Armani 0.5 + 2.5 FL Set,TRUE,An authentic men’s fragrance collection selected for the Aurum Privée collection.,all-fragrances;for-him;woody,all-fragrances,,,,Acqua Di Gio,39.00,,,,,,,1,FALSE,,,6af72b03-910e-41d2-a4ba-f5b9ee61eb7d,,,,,,,,,,,,,,,,,,,,,,,,,,,,,,,,,,,,,,,,,,,,,,,,,,,,,,,,,,,,,,,,,,,,,,,,,,
ap-6af72b03-910e-41d2-a4ba-f5b9ee61eb7d,MEDIA,,,,,,https://aurumprivee.com/images/product-awaiting-photography.webp,Photography for Acqua Di Gio Giorgio Armani 0.5 + 2.5 FL Set is being prepared,,,,,,,,,,,,,,,,,,,,,,,,,,,,,,,,,,,,,,,,,,,,,,,,,,,,,,,,,,,,,,,,,,,,,,,,,,,,,,,,,,,,,,,,
ap-fa7a533d-d2d4-417e-9324-fd3176ae6650,PRODUCT,L’Aventure Rose,TRUE,An authentic girls fragrance collection selected for the Aurum Privée collection.,all-fragrances;for-her;gourmand,all-fragrances,,,,Al Haramain,145.00,,,,,,,3,FALSE,,,fa7a533d-d2d4-417e-9324-fd3176ae6650,,,,,,,,,,,,,,,,,,,,,,,,,,,,,,,,,,,,,,,,,,,,,,,,,,,,,,,,,,,,,,,,,,,,,,,,,,
ap-fa7a533d-d2d4-417e-9324-fd3176ae6650,MEDIA,,,,,,https://aurumprivee.com/images/product-awaiting-photography.webp,Photography for Al Haramain L’Aventure Rose 6.76 FL.OZ is being prepared,,,,,,,,,,,,,,,,,,,,,,,,,,,,,,,,,,,,,,,,,,,,,,,,,,,,,,,,,,,,,,,,,,,,,,,,,,,,,,,,,,,,,,,,
ap-f4f0ba4d-e6ed-4023-be94-3b7211d34705,PRODUCT,Club De Nuit Intense,TRUE,An authentic men's fragrance collection selected for the Aurum Privée collection.,all-fragrances;for-him;woody,all-fragrances,,,,Armaf,180.00,,,,,,,6,FALSE,,,f4f0ba4d-e6ed-4023-be94-3b7211d34705,,,,,,,,,,,,,,,,,,,,,,,,,,,,,,,,,,,,,,,,,,,,,,,,,,,,,,,,,,,,,,,,,,,,,,,,,,
ap-f4f0ba4d-e6ed-4023-be94-3b7211d34705,MEDIA,,,,,,https://aurumprivee.com/images/product-awaiting-photography.webp,Photography for Armaf Club De Nuit Intense 6.8 oz EDP SP is being prepared,,,,,,,,,,,,,,,,,,,,,,,,,,,,,,,,,,,,,,,,,,,,,,,,,,,,,,,,,,,,,,,,,,,,,,,,,,,,,,,,,,,,,,,,
ap-9eb3929f-d206-45b5-84bc-8bcbe3a9c379,PRODUCT,BBW- Aromatherapy Bath Soak Lavender & Vanilla,TRUE,An authentic women's fragrance collection selected for the Aurum Privée collection.,all-fragrances;for-her;floral,all-fragrances,,,,Aurum Privée Edit,25.00,,,,,,,2,FALSE,,,9eb3929f-d206-45b5-84bc-8bcbe3a9c379,,,,,,,,,,,,,,,,,,,,,,,,,,,,,,,,,,,,,,,,,,,,,,,,,,,,,,,,,,,,,,,,,,,,,,,,,,
ap-9eb3929f-d206-45b5-84bc-8bcbe3a9c379,MEDIA,,,,,,https://aurumprivee.com/images/product-awaiting-photography.webp,Photography for Aurum Privée Edit BBW- Aromatherapy Bath Soak Lavender & Vanilla is being prepared,,,,,,,,,,,,,,,,,,,,,,,,,,,,,,,,,,,,,,,,,,,,,,,,,,,,,,,,,,,,,,,,,,,,,,,,,,,,,,,,,,,,,,,,
ap-e0c407cf-4627-4e1f-a098-ff94681426ef,PRODUCT,BBW- Aromatherapy Hand Cream,TRUE,An authentic women's fragrance collection selected for the Aurum Privée collection.,all-fragrances;for-her;floral,all-fragrances,,,,Aurum Privée Edit,13.00,,,,,,,3,FALSE,,,e0c407cf-4627-4e1f-a098-ff94681426ef,,,,,,,,,,,,,,,,,,,,,,,,,,,,,,,,,,,,,,,,,,,,,,,,,,,,,,,,,,,,,,,,,,,,,,,,,,
ap-e0c407cf-4627-4e1f-a098-ff94681426ef,MEDIA,,,,,,https://aurumprivee.com/images/product-awaiting-photography.webp,Photography for Aurum Privée Edit BBW- Aromatherapy Hand Cream 1oz Lavender & Vanilla is being prepared,,,,,,,,,,,,,,,,,,,,,,,,,,,,,,,,,,,,,,,,,,,,,,,,,,,,,,,,,,,,,,,,,,,,,,,,,,,,,,,,,,,,,,,,
ap-5f6e9f14-2a64-4253-8c30-3f348b46d9d9,PRODUCT,BBW- Aromatherapy Luxe Bath Lavender & Vanilla,TRUE,An authentic women's fragrance collection selected for the Aurum Privée collection.,all-fragrances;for-her;floral,all-fragrances,,,,Aurum Privée Edit,25.00,,,,,,,2,FALSE,,,5f6e9f14-2a64-4253-8c30-3f348b46d9d9,,,,,,,,,,,,,,,,,,,,,,,,,,,,,,,,,,,,,,,,,,,,,,,,,,,,,,,,,,,,,,,,,,,,,,,,,,
ap-5f6e9f14-2a64-4253-8c30-3f348b46d9d9,MEDIA,,,,,,https://aurumprivee.com/images/product-awaiting-photography.webp,Photography for Aurum Privée Edit BBW- Aromatherapy Luxe Bath Lavender & Vanilla is being prepared,,,,,,,,,,,,,,,,,,,,,,,,,,,,,,,,,,,,,,,,,,,,,,,,,,,,,,,,,,,,,,,,,,,,,,,,,,,,,,,,,,,,,,,,
ap-15ec900c-0ee8-4ad1-a889-90c4bf63b387,PRODUCT,BBW- Aromatherapy Stress Relief Lotion Eucalyptus & Spearmint,TRUE,An authentic women's fragrance collection selected for the Aurum Privée collection.,all-fragrances;for-her;floral,all-fragrances,,,,Aurum Privée Edit,25.00,,,,,,,1,FALSE,,,15ec900c-0ee8-4ad1-a889-90c4bf63b387,,,,,,,,,,,,,,,,,,,,,,,,,,,,,,,,,,,,,,,,,,,,,,,,,,,,,,,,,,,,,,,,,,,,,,,,,,
ap-15ec900c-0ee8-4ad1-a889-90c4bf63b387,MEDIA,,,,,,https://aurumprivee.com/images/product-awaiting-photography.webp,Photography for Aurum Privée Edit BBW- Aromatherapy Stress Relief Lotion Eucalyptus & Spearmint is being prepared,,,,,,,,,,,,,,,,,,,,,,,,,,,,,,,,,,,,,,,,,,,,,,,,,,,,,,,,,,,,,,,,,,,,,,,,,,,,,,,,,,,,,,,,
ap-9ff5dd84-4442-4044-8ff7-1aa96b9e8589,PRODUCT,Carolina Herrera- 212 Nyc Rose,TRUE,An authentic girls fragrance collection selected for the Aurum Privée collection.,all-fragrances;for-her;gourmand,all-fragrances,,,,Aurum Privée Edit,122.00,,,,,,,1,FALSE,,,9ff5dd84-4442-4044-8ff7-1aa96b9e8589,,,,,,,,,,,,,,,,,,,,,,,,,,,,,,,,,,,,,,,,,,,,,,,,,,,,,,,,,,,,,,,,,,,,,,,,,,
ap-9ff5dd84-4442-4044-8ff7-1aa96b9e8589,MEDIA,,,,,,https://aurumprivee.com/images/product-awaiting-photography.webp,Photography for Aurum Privée Edit Carolina Herrera- 212 Nyc Rose EDT Spray 2.7 oz is being prepared,,,,,,,,,,,,,,,,,,,,,,,,,,,,,,,,,,,,,,,,,,,,,,,,,,,,,,,,,,,,,,,,,,,,,,,,,,,,,,,,,,,,,,,,
ap-3997fba2-4a92-4bea-867d-3ff65517c016,PRODUCT,Fatale Agent Provocateur,TRUE,An authentic women’s fragrance collection selected for the Aurum Privée collection.,all-fragrances;for-her;floral,all-fragrances,,,,Aurum Privée Edit,69.00,,,,,,,999999,FALSE,,,3997fba2-4a92-4bea-867d-3ff65517c016,,,,,,,,,,,,,,,,,,,,,,,,,,,,,,,,,,,,,,,,,,,,,,,,,,,,,,,,,,,,,,,,,,,,,,,,,,
ap-3997fba2-4a92-4bea-867d-3ff65517c016,MEDIA,,,,,,https://aurumprivee.com/images/product-awaiting-photography.webp,Photography for Aurum Privée Edit Fatale Agent Provocateur is being prepared,,,,,,,,,,,,,,,,,,,,,,,,,,,,,,,,,,,,,,,,,,,,,,,,,,,,,,,,,,,,,,,,,,,,,,,,,,,,,,,,,,,,,,,,
ap-29199911-9ce6-4602-9551-629013ecee3f,PRODUCT,Jean Paul Gautlier Le Male Travel Exclusive,TRUE,An authentic men's fragrance collection selected for the Aurum Privée collection.,all-fragrances;for-him;woody,all-fragrances,,,,Aurum Privée Edit,100.00,,,,,,,1,FALSE,,,29199911-9ce6-4602-9551-629013ecee3f,,,,,,,,,,,,,,,,,,,,,,,,,,,,,,,,,,,,,,,,,,,,,,,,,,,,,,,,,,,,,,,,,,,,,,,,,,
ap-29199911-9ce6-4602-9551-629013ecee3f,MEDIA,,,,,,https://aurumprivee.com/images/product-awaiting-photography.webp,Photography for Aurum Privée Edit Jean Paul Gautlier Le Male Travel Exclusive 1.4oz is being prepared,,,,,,,,,,,,,,,,,,,,,,,,,,,,,,,,,,,,,,,,,,,,,,,,,,,,,,,,,,,,,,,,,,,,,,,,,,,,,,,,,,,,,,,,
ap-a4a6507d-0e8b-4a72-b464-ed7e39dc9602,PRODUCT,Jessica Simpson Body Lotion 3 FL,TRUE,An authentic women's fragrance collection selected for the Aurum Privée collection.,all-fragrances;for-her;floral,all-fragrances,,,,Aurum Privée Edit,13.00,,,,,,,2,FALSE,,,a4a6507d-0e8b-4a72-b464-ed7e39dc9602,,,,,,,,,,,,,,,,,,,,,,,,,,,,,,,,,,,,,,,,,,,,,,,,,,,,,,,,,,,,,,,,,,,,,,,,,,
ap-a4a6507d-0e8b-4a72-b464-ed7e39dc9602,MEDIA,,,,,,https://aurumprivee.com/images/product-awaiting-photography.webp,Photography for Aurum Privée Edit Jessica Simpson Body Lotion 3 FL is being prepared,,,,,,,,,,,,,,,,,,,,,,,,,,,,,,,,,,,,,,,,,,,,,,,,,,,,,,,,,,,,,,,,,,,,,,,,,,,,,,,,,,,,,,,,
ap-84fd9dcf-267b-4ceb-9ba5-4f52cf883af9,PRODUCT,Michael Kors Wonderlust Set,TRUE,An authentic girls fragrance collection selected for the Aurum Privée collection.,all-fragrances;for-her;gourmand,all-fragrances,,,,Aurum Privée Edit,127.00,,,,,,,2,FALSE,,,84fd9dcf-267b-4ceb-9ba5-4f52cf883af9,,,,,,,,,,,,,,,,,,,,,,,,,,,,,,,,,,,,,,,,,,,,,,,,,,,,,,,,,,,,,,,,,,,,,,,,,,
ap-84fd9dcf-267b-4ceb-9ba5-4f52cf883af9,MEDIA,,,,,,https://aurumprivee.com/images/product-awaiting-photography.webp,Photography for Aurum Privée Edit Michael Kors Wonderlust Set is being prepared,,,,,,,,,,,,,,,,,,,,,,,,,,,,,,,,,,,,,,,,,,,,,,,,,,,,,,,,,,,,,,,,,,,,,,,,,,,,,,,,,,,,,,,,
ap-485d7f10-d396-4de1-ad07-9f7b9b4d8dd4,PRODUCT,Nina Ricci Rose,TRUE,An authentic women's fragrance collection collection selected for the Aurum Privée collection.,all-fragrances;for-her;floral,all-fragrances,,,,Aurum Privée Edit,100.00,,,,,,,2,FALSE,,,485d7f10-d396-4de1-ad07-9f7b9b4d8dd4,,,,,,,,,,,,,,,,,,,,,,,,,,,,,,,,,,,,,,,,,,,,,,,,,,,,,,,,,,,,,,,,,,,,,,,,,,
ap-485d7f10-d396-4de1-ad07-9f7b9b4d8dd4,MEDIA,,,,,,https://aurumprivee.com/images/product-awaiting-photography.webp,Photography for Aurum Privée Edit Nina Ricci Rose Woman 2.7 Edt Sp is being prepared,,,,,,,,,,,,,,,,,,,,,,,,,,,,,,,,,,,,,,,,,,,,,,,,,,,,,,,,,,,,,,,,,,,,,,,,,,,,,,,,,,,,,,,,
ap-593c2f85-7f01-4eb8-b6df-87a6c5ecdd4f,PRODUCT,Paris Hilton for,TRUE,An authentic girls fragrance collection selected for the Aurum Privée collection.,all-fragrances;for-her;gourmand,all-fragrances,,,,Aurum Privée Edit,65.00,,,,,,,1,FALSE,,,593c2f85-7f01-4eb8-b6df-87a6c5ecdd4f,,,,,,,,,,,,,,,,,,,,,,,,,,,,,,,,,,,,,,,,,,,,,,,,,,,,,,,,,,,,,,,,,,,,,,,,,,
ap-593c2f85-7f01-4eb8-b6df-87a6c5ecdd4f,MEDIA,,,,,,https://aurumprivee.com/images/product-awaiting-photography.webp,Photography for Aurum Privée Edit Paris Hilton for Men is being prepared,,,,,,,,,,,,,,,,,,,,,,,,,,,,,,,,,,,,,,,,,,,,,,,,,,,,,,,,,,,,,,,,,,,,,,,,,,,,,,,,,,,,,,,,
ap-0c68ee07-21be-4fbb-86b9-f905ee9d58ef,PRODUCT,Wallflowers- Bergamot Waters,TRUE,An authentic home fragrance refills selected for the Aurum Privée collection.,all-fragrances;unisex;floral,all-fragrances,,,,Aurum Privée Edit,10.00,,,,,,,1,FALSE,,,0c68ee07-21be-4fbb-86b9-f905ee9d58ef,,,,,,,,,,,,,,,,,,,,,,,,,,,,,,,,,,,,,,,,,,,,,,,,,,,,,,,,,,,,,,,,,,,,,,,,,,
ap-0c68ee07-21be-4fbb-86b9-f905ee9d58ef,MEDIA,,,,,,https://aurumprivee.com/images/product-awaiting-photography.webp,Photography for Aurum Privée Edit Wallflowers- Bergamot Waters is being prepared,,,,,,,,,,,,,,,,,,,,,,,,,,,,,,,,,,,,,,,,,,,,,,,,,,,,,,,,,,,,,,,,,,,,,,,,,,,,,,,,,,,,,,,,
ap-7651d65c-8ca0-44e0-8cfb-d4460912624e,PRODUCT,Wallflowers- Black Cherry Merlot,TRUE,An authentic home fragrance refills selected for the Aurum Privée collection.,all-fragrances;unisex;floral,all-fragrances,,,,Aurum Privée Edit,10.00,,,,,,,3,FALSE,,,7651d65c-8ca0-44e0-8cfb-d4460912624e,,,,,,,,,,,,,,,,,,,,,,,,,,,,,,,,,,,,,,,,,,,,,,,,,,,,,,,,,,,,,,,,,,,,,,,,,,
ap-7651d65c-8ca0-44e0-8cfb-d4460912624e,MEDIA,,,,,,https://aurumprivee.com/images/product-awaiting-photography.webp,Photography for Aurum Privée Edit Wallflowers- Black Cherry Merlot is being prepared,,,,,,,,,,,,,,,,,,,,,,,,,,,,,,,,,,,,,,,,,,,,,,,,,,,,,,,,,,,,,,,,,,,,,,,,,,,,,,,,,,,,,,,,
ap-0c3fec7b-a11c-4580-a0fd-50696d516806,PRODUCT,Wallflowers- Cactus Blossom,TRUE,An authentic home fragrance refills selected for the Aurum Privée collection.,all-fragrances;unisex;floral,all-fragrances,,,,Aurum Privée Edit,10.00,,,,,,,1,FALSE,,,0c3fec7b-a11c-4580-a0fd-50696d516806,,,,,,,,,,,,,,,,,,,,,,,,,,,,,,,,,,,,,,,,,,,,,,,,,,,,,,,,,,,,,,,,,,,,,,,,,,
ap-0c3fec7b-a11c-4580-a0fd-50696d516806,MEDIA,,,,,,https://aurumprivee.com/images/product-awaiting-photography.webp,Photography for Aurum Privée Edit Wallflowers- Cactus Blossom is being prepared,,,,,,,,,,,,,,,,,,,,,,,,,,,,,,,,,,,,,,,,,,,,,,,,,,,,,,,,,,,,,,,,,,,,,,,,,,,,,,,,,,,,,,,,
ap-0145203a-33e0-41f0-9750-82e2490dbba2,PRODUCT,A Thousand Wishes Body Butter,TRUE,An authentic women's fragrance collection selected for the Aurum Privée collection.,all-fragrances;for-her;floral,all-fragrances,,,,BBW,28.00,,,,,,,1,FALSE,,,0145203a-33e0-41f0-9750-82e2490dbba2,,,,,,,,,,,,,,,,,,,,,,,,,,,,,,,,,,,,,,,,,,,,,,,,,,,,,,,,,,,,,,,,,,,,,,,,,,
ap-0145203a-33e0-41f0-9750-82e2490dbba2,MEDIA,,,,,,https://aurumprivee.com/images/product-awaiting-photography.webp,Photography for BBW A Thousand Wishes Body Butter 6.5 oz is being prepared,,,,,,,,,,,,,,,,,,,,,,,,,,,,,,,,,,,,,,,,,,,,,,,,,,,,,,,,,,,,,,,,,,,,,,,,,,,,,,,,,,,,,,,,
ap-233e1c82-8f47-4788-82be-7f70f8dc9faf,PRODUCT,A Thousand Wishes Body Wash,TRUE,An authentic women's fragrance collection selected for the Aurum Privée collection.,all-fragrances;for-her;floral,all-fragrances,,,,BBW,14.00,,,,,,,2,FALSE,,,233e1c82-8f47-4788-82be-7f70f8dc9faf,,,,,,,,,,,,,,,,,,,,,,,,,,,,,,,,,,,,,,,,,,,,,,,,,,,,,,,,,,,,,,,,,,,,,,,,,,
ap-233e1c82-8f47-4788-82be-7f70f8dc9faf,MEDIA,,,,,,https://aurumprivee.com/images/product-awaiting-photography.webp,Photography for BBW A Thousand Wishes Body Wash 10 fl oz is being prepared,,,,,,,,,,,,,,,,,,,,,,,,,,,,,,,,,,,,,,,,,,,,,,,,,,,,,,,,,,,,,,,,,,,,,,,,,,,,,,,,,,,,,,,,
ap-5b7def0c-97e0-4e6b-8707-d364e48f2c91,PRODUCT,Brightest Bloom Body Lotion,TRUE,"<p><a href=""https://www.bathandbodyworks.com/p/brightest-bloom-body-lotion-026779513.html"" title=""Go to Product: Brightest Bloom"" style=""background: transparent; color: rgb(77, 77, 77); outline: 0px; overflow: hidden; text-decoration: none;"" id=""isPasted"">8 fl oz / 236 mL</a></p><p><a href=""https://www.bathandbodyworks.com/p/brightest-bloom-body-lotion-026779513.html"" title=""Go to Product: Brightest Bloom"" style=""background: transparent; color: rgb(77, 77, 77); outline: none medium; overflow: hidden; text-decoration: none;"">Item No:&nbsp;026779513</a></p>",all-fragrances;unisex;floral,all-fragrances,,,,BBW,20.00,,,,,,,3,FALSE,,,5b7def0c-97e0-4e6b-8707-d364e48f2c91,,,,,,,,,,,,,,,,,,,,,,,,,,,,,,,,,,,,,,,,,,,,,,,,,,,,,,,,,,,,,,,,,,,,,,,,,,
ap-5b7def0c-97e0-4e6b-8707-d364e48f2c91,MEDIA,,,,,,https://aurumprivee.com/images/product-awaiting-photography.webp,Photography for BBW Brightest Bloom Body Lotion 8 fl oz is being prepared,,,,,,,,,,,,,,,,,,,,,,,,,,,,,,,,,,,,,,,,,,,,,,,,,,,,,,,,,,,,,,,,,,,,,,,,,,,,,,,,,,,,,,,,
ap-2d0bfa6b-b50d-4fb8-927c-fb16efc7b2d9,PRODUCT,Brightest Bloom Body Wash & Shower Gel,TRUE,"<p><a href=""https://www.bathandbodyworks.com/p/brightest-bloom-moisturizing-body-wash-026779519.html"" title=""Go to Product: Brightest Bloom"" style=""background: transparent; color: rgb(77, 77, 77); outline: 0px; overflow: hidden; text-decoration: none;"" id=""isPasted"">10 fl oz / 295 mL</a></p><p><a href=""https://www.bathandbodyworks.com/p/brightest-bloom-moisturizing-body-wash-026779519.html"" title=""Go to Product: Brightest Bloom"" style=""background: transparent; color: rgb(77, 77, 77); outline: none medium; overflow: hidden; text-decoration: none;"">Item No:&nbsp;026779519</a></p>",all-fragrances;unisex;floral,all-fragrances,,,,BBW,22.00,,,,,,,1,FALSE,,,2d0bfa6b-b50d-4fb8-927c-fb16efc7b2d9,,,,,,,,,,,,,,,,,,,,,,,,,,,,,,,,,,,,,,,,,,,,,,,,,,,,,,,,,,,,,,,,,,,,,,,,,,
ap-2d0bfa6b-b50d-4fb8-927c-fb16efc7b2d9,MEDIA,,,,,,https://aurumprivee.com/images/product-awaiting-photography.webp,Photography for BBW Brightest Bloom Body Wash & Shower Gel 10 fl oz is being prepared,,,,,,,,,,,,,,,,,,,,,,,,,,,,,,,,,,,,,,,,,,,,,,,,,,,,,,,,,,,,,,,,,,,,,,,,,,,,,,,,,,,,,,,,
ap-ff29f36f-4917-4c12-95ec-ab30322fc1ba,PRODUCT,Brightest Bloom Eau de Toilette &,TRUE,An authentic women’s fragrance collection selected for the Aurum Privée collection.,all-fragrances;for-her;floral,all-fragrances,,,,BBW,85.00,,,,,,,7,FALSE,,,ff29f36f-4917-4c12-95ec-ab30322fc1ba,,,,,,,,,,,,,,,,,,,,,,,,,,,,,,,,,,,,,,,,,,,,,,,,,,,,,,,,,,,,,,,,,,,,,,,,,,
ap-ff29f36f-4917-4c12-95ec-ab30322fc1ba,MEDIA,,,,,,https://aurumprivee.com/images/product-awaiting-photography.webp,Photography for BBW Brightest Bloom Eau de Toilette & Parfum 3.4 fl oz / 100mL is being prepared,,,,,,,,,,,,,,,,,,,,,,,,,,,,,,,,,,,,,,,,,,,,,,,,,,,,,,,,,,,,,,,,,,,,,,,,,,,,,,,,,,,,,,,,
ap-04a03e9f-9dd7-4db5-86be-4957fb1c6b8d,PRODUCT,Brightest Bloom Fragrance Spray & Mist,TRUE,"<p><a href=""https://www.bathandbodyworks.com/p/brightest-bloom-diamond-shimmer-mist-026779525.html"" title=""Go to Product: Brightest Bloom"" style=""background: transparent; color: rgb(77, 77, 77); outline: 0px; overflow: hidden; text-decoration: none;"" id=""isPasted"">4.9 fl oz / 145 mL</a></p><p><a href=""https://www.bathandbodyworks.com/p/brightest-bloom-diamond-shimmer-mist-026779525.html"" title=""Go to Product: Brightest Bloom"" style=""background: transparent; color: rgb(77, 77, 77); outline: none medium; overflow: hidden; text-decoration: none;"">Item No:&nbsp;026779525</a></p>",all-fragrances;unisex;floral,all-fragrances,,,,BBW,21.00,,,,,,,8,FALSE,,,04a03e9f-9dd7-4db5-86be-4957fb1c6b8d,,,,,,,,,,,,,,,,,,,,,,,,,,,,,,,,,,,,,,,,,,,,,,,,,,,,,,,,,,,,,,,,,,,,,,,,,,
ap-04a03e9f-9dd7-4db5-86be-4957fb1c6b8d,MEDIA,,,,,,https://aurumprivee.com/images/product-awaiting-photography.webp,Photography for BBW Brightest Bloom Fragrance Spray & Mist 4.9 fl oz is being prepared,,,,,,,,,,,,,,,,,,,,,,,,,,,,,,,,,,,,,,,,,,,,,,,,,,,,,,,,,,,,,,,,,,,,,,,,,,,,,,,,,,,,,,,,
ap-f65cc4f5-beed-4c8e-87e1-33b23c136477,PRODUCT,Brightest Bloom Mini Perfume Spray,TRUE,"<p><a href=""https://www.bathandbodyworks.com/p/brightest-bloom-mini-perfume-spray-026779529.html"" title=""Go to Product: Brightest Bloom"" style=""background: transparent; color: rgb(77, 77, 77); outline: 0px; overflow: hidden; text-decoration: none;"" id=""isPasted"">0.23 fl oz / 7 mL</a></p><p><a href=""https://www.bathandbodyworks.com/p/brightest-bloom-mini-perfume-spray-026779529.html"" title=""Go to Product: Brightest Bloom"" style=""background: transparent; color: rgb(77, 77, 77); outline: none medium; overflow: hidden; text-decoration: none;"">Item No:&nbsp;026779529</a></p>",all-fragrances;unisex;floral,all-fragrances,,,,BBW,19.00,,,,,,,3,FALSE,,,f65cc4f5-beed-4c8e-87e1-33b23c136477,,,,,,,,,,,,,,,,,,,,,,,,,,,,,,,,,,,,,,,,,,,,,,,,,,,,,,,,,,,,,,,,,,,,,,,,,,
ap-f65cc4f5-beed-4c8e-87e1-33b23c136477,MEDIA,,,,,,https://aurumprivee.com/images/product-awaiting-photography.webp,Photography for BBW Brightest Bloom Mini Perfume Spray 0.23 fl oz is being prepared,,,,,,,,,,,,,,,,,,,,,,,,,,,,,,,,,,,,,,,,,,,,,,,,,,,,,,,,,,,,,,,,,,,,,,,,,,,,,,,,,,,,,,,,
ap-0b39e984-1150-43c4-aa27-ab7d42f36122,PRODUCT,Brightest Bloom Travel Size Body Cream,TRUE,"<p><a href=""https://www.bathandbodyworks.com/p/brightest-bloom-travel-size-body-cream-026789443.html"" title=""Go to Product: Brightest Bloom"" style=""background: transparent; color: rgb(77, 77, 77); outline: none medium; overflow: hidden; text-decoration: none;"">2.5 oz / 70 g</a></p><p><a href=""https://www.bathandbodyworks.com/p/brightest-bloom-travel-size-body-cream-026789443.html"" title=""Go to Product: Brightest Bloom"" style=""background: transparent; color: rgb(77, 77, 77); outline: none medium; overflow: hidden; text-decoration: none;"">Item No:&nbsp;026789443</a></p>",all-fragrances;unisex;floral,all-fragrances,,,,BBW,15.00,,,,,,,7,FALSE,,,0b39e984-1150-43c4-aa27-ab7d42f36122,,,,,,,,,,,,,,,,,,,,,,,,,,,,,,,,,,,,,,,,,,,,,,,,,,,,,,,,,,,,,,,,,,,,,,,,,,
ap-0b39e984-1150-43c4-aa27-ab7d42f36122,MEDIA,,,,,,https://aurumprivee.com/images/product-awaiting-photography.webp,Photography for BBW Brightest Bloom Travel Size Body Cream 2.5 oz is being prepared,,,,,,,,,,,,,,,,,,,,,,,,,,,,,,,,,,,,,,,,,,,,,,,,,,,,,,,,,,,,,,,,,,,,,,,,,,,,,,,,,,,,,,,,
ap-82e852be-0380-4335-8d61-54c63e2e58a9,PRODUCT,Dahlia Body Lotion,TRUE,"<p><a href=""https://www.bathandbodyworks.com/p/dahlia-body-lotion-026789622.html"" title=""Go to Product: Dahlia"" style=""background: transparent; color: rgb(77, 77, 77); outline: rgb(0, 0, 0) dotted 1px !important; overflow: hidden; text-decoration: none; outline-offset: 2px;"" id=""isPasted"">8 fl oz / 236 mL</a></p><p><a href=""https://www.bathandbodyworks.com/p/dahlia-body-lotion-026789622.html"" title=""Go to Product: Dahlia"" style=""background: transparent; color: rgb(77, 77, 77); outline: none medium; overflow: hidden; text-decoration: none;"">Item No:&nbsp;026789622</a></p>",all-fragrances;unisex;floral,all-fragrances,,,,BBW,20.00,,,,,,,1,FALSE,,,82e852be-0380-4335-8d61-54c63e2e58a9,,,,,,,,,,,,,,,,,,,,,,,,,,,,,,,,,,,,,,,,,,,,,,,,,,,,,,,,,,,,,,,,,,,,,,,,,,
ap-82e852be-0380-4335-8d61-54c63e2e58a9,MEDIA,,,,,,https://aurumprivee.com/images/product-awaiting-photography.webp,Photography for BBW Dahlia Body Lotion 8 fl oz is being prepared,,,,,,,,,,,,,,,,,,,,,,,,,,,,,,,,,,,,,,,,,,,,,,,,,,,,,,,,,,,,,,,,,,,,,,,,,,,,,,,,,,,,,,,,
ap-2617e175-6726-47e9-bdae-385c1cdcdde7,PRODUCT,Diamond of the Season Body Lotion,TRUE,"<p><a href=""https://www.bathandbodyworks.com/p/diamond-of-the-season-body-lotion-028001518.html"" title=""Go to Product: Diamond Of The Season"" style=""background: transparent; color: rgb(77, 77, 77); outline: 0px; overflow: hidden; text-decoration: none;"" id=""isPasted"">8 fl oz / 236 mL</a></p><p><a href=""https://www.bathandbodyworks.com/p/diamond-of-the-season-body-lotion-028001518.html"" title=""Go to Product: Diamond Of The Season"" style=""background: transparent; color: rgb(77, 77, 77); outline: none medium; overflow: hidden; text-decoration: none;"">Item No:&nbsp;028001518</a></p>",all-fragrances;unisex;floral,all-fragrances,,,,BBW,20.00,,,,,,,2,FALSE,,,2617e175-6726-47e9-bdae-385c1cdcdde7,,,,,,,,,,,,,,,,,,,,,,,,,,,,,,,,,,,,,,,,,,,,,,,,,,,,,,,,,,,,,,,,,,,,,,,,,,
ap-2617e175-6726-47e9-bdae-385c1cdcdde7,MEDIA,,,,,,https://aurumprivee.com/images/product-awaiting-photography.webp,Photography for BBW Diamond of the Season Body Lotion 8 fl oz is being prepared,,,,,,,,,,,,,,,,,,,,,,,,,,,,,,,,,,,,,,,,,,,,,,,,,,,,,,,,,,,,,,,,,,,,,,,,,,,,,,,,,,,,,,,,
ap-01b02ca5-1d62-44d1-b24c-6ce4237ff44b,PRODUCT,Diamond of the Season Body Wash & Shower Gel,TRUE,"<p><a href=""https://www.bathandbodyworks.com/p/diamond-of-the-season-body-wash-028001514.html"" title=""Go to Product: Diamond Of The Season"" style=""background: transparent; color: rgb(77, 77, 77); outline: 0px; overflow: hidden; text-decoration: none;"" id=""isPasted"">10 fl oz / 295 mL</a><a href=""https://www.bathandbodyworks.com/p/diamond-of-the-season-body-wash-028001514.html"" title=""Go to Product: Diamond Of The Season"" style=""background: transparent; color: rgb(77, 77, 77); outline: none medium; overflow: hidden; text-decoration: none;"">Item No:&nbsp;028001514</a></p>",all-fragrances;unisex;floral,all-fragrances,,,,BBW,20.00,,,,,,,1,FALSE,,,01b02ca5-1d62-44d1-b24c-6ce4237ff44b,,,,,,,,,,,,,,,,,,,,,,,,,,,,,,,,,,,,,,,,,,,,,,,,,,,,,,,,,,,,,,,,,,,,,,,,,,
ap-01b02ca5-1d62-44d1-b24c-6ce4237ff44b,MEDIA,,,,,,https://aurumprivee.com/images/product-awaiting-photography.webp,Photography for BBW Diamond of the Season Body Wash & Shower Gel 10 fl oz is being prepared,,,,,,,,,,,,,,,,,,,,,,,,,,,,,,,,,,,,,,,,,,,,,,,,,,,,,,,,,,,,,,,,,,,,,,,,,,,,,,,,,,,,,,,,
ap-9b87ea12-e27b-4385-ab2f-5bf662577ddd,PRODUCT,Into the Night,TRUE,An authentic women's fragrance collection selected for the Aurum Privée collection.,all-fragrances;for-her;floral,all-fragrances,,,,BBW,65.00,,,,,,,1,FALSE,,,9b87ea12-e27b-4385-ab2f-5bf662577ddd,,,,,,,,,,,,,,,,,,,,,,,,,,,,,,,,,,,,,,,,,,,,,,,,,,,,,,,,,,,,,,,,,,,,,,,,,,
ap-9b87ea12-e27b-4385-ab2f-5bf662577ddd,MEDIA,,,,,,https://aurumprivee.com/images/product-awaiting-photography.webp,Photography for BBW Into the Night 1.7 fl oz EDP is being prepared,,,,,,,,,,,,,,,,,,,,,,,,,,,,,,,,,,,,,,,,,,,,,,,,,,,,,,,,,,,,,,,,,,,,,,,,,,,,,,,,,,,,,,,,
ap-0c3fa1f8-66b2-49be-90ad-91608882e326,PRODUCT,Into the Night Hand Cream,TRUE,"<p><a href=""https://www.bathandbodyworks.com/p/into-the-night-hand-cream-026664401.html"" title=""Go to Product: Into the Night"" style=""background: transparent; color: rgb(77, 77, 77); outline: 0px; overflow: hidden; text-decoration: none;"" id=""isPasted"">1 fl oz / 29 mL</a></p><p><a href=""https://www.bathandbodyworks.com/p/into-the-night-hand-cream-026664401.html"" title=""Go to Product: Into the Night"" style=""background: transparent; color: rgb(77, 77, 77); outline: none medium; overflow: hidden; text-decoration: none;"">Item No:&nbsp;026664401</a></p>",all-fragrances;unisex;floral,all-fragrances,,,,BBW,13.00,,,,,,,1,FALSE,,,0c3fa1f8-66b2-49be-90ad-91608882e326,,,,,,,,,,,,,,,,,,,,,,,,,,,,,,,,,,,,,,,,,,,,,,,,,,,,,,,,,,,,,,,,,,,,,,,,,,
ap-0c3fa1f8-66b2-49be-90ad-91608882e326,MEDIA,,,,,,https://aurumprivee.com/images/product-awaiting-photography.webp,Photography for BBW Into the Night Hand Cream 1 fl oz is being prepared,,,,,,,,,,,,,,,,,,,,,,,,,,,,,,,,,,,,,,,,,,,,,,,,,,,,,,,,,,,,,,,,,,,,,,,,,,,,,,,,,,,,,,,,
ap-d16a5d5f-015d-4d61-b245-403dd624b80c,PRODUCT,Into the Night Moisturizing Body Wash,TRUE,"<p><a href=""https://www.bathandbodyworks.com/p/into-the-night-moisturizing-body-wash-026447657.html"" title=""Go to Product: Into the Night"" style=""background: transparent; color: rgb(77, 77, 77); outline: 0px; overflow: hidden; text-decoration: none;"" id=""isPasted"">10 fl oz / 296 mL</a></p><p><a href=""https://www.bathandbodyworks.com/p/into-the-night-moisturizing-body-wash-026447657.html"" title=""Go to Product: Into the Night"" style=""background: transparent; color: rgb(77, 77, 77); outline: none medium; overflow: hidden; text-decoration: none;"">Item No:&nbsp;026447657</a></p>",all-fragrances;unisex;floral,all-fragrances,,,,BBW,19.00,,,,,,,1,FALSE,,,d16a5d5f-015d-4d61-b245-403dd624b80c,,,,,,,,,,,,,,,,,,,,,,,,,,,,,,,,,,,,,,,,,,,,,,,,,,,,,,,,,,,,,,,,,,,,,,,,,,
ap-d16a5d5f-015d-4d61-b245-403dd624b80c,MEDIA,,,,,,https://aurumprivee.com/images/product-awaiting-photography.webp,Photography for BBW Into the Night Moisturizing Body Wash 10 fl oz is being prepared,,,,,,,,,,,,,,,,,,,,,,,,,,,,,,,,,,,,,,,,,,,,,,,,,,,,,,,,,,,,,,,,,,,,,,,,,,,,,,,,,,,,,,,,
ap-c71ebc9a-5282-492e-b20c-1606891a02ae,PRODUCT,Mahogany Teakwood — Wallflowers Refills 2-pack,TRUE,"<p><a href=""https://www.bathandbodyworks.com/p/mahogany-teakwood-wallflowers-refills-2-pack-028000020.html"" title=""Go to Product: Mahogany Teakwood"" style=""background: transparent; color: rgb(26, 26, 26); outline: none medium; overflow: hidden; text-decoration: none;"" id=""isPasted"">Mahogany Teakwood</a><a href=""https://www.bathandbodyworks.com/p/mahogany-teakwood-wallflowers-refills-2-pack-028000020.html"" title=""Go to Product: Mahogany Teakwood"" style=""background: transparent; color: rgb(77, 77, 77); outline: none medium; overflow: hidden; text-decoration: none;"">Wallflowers Refills 2-Pack</a><a href=""https://www.bathandbodyworks.com/p/mahogany-teakwood-wallflowers-refills-2-pack-028000020.html"" title=""Go to Product: Mahogany Teakwood"" style=""background: transparent; color: rgb(77, 77, 77); outline: none medium; overflow: hidden; text-decoration: none;"">0.8 fl oz / 24 mL Each</a></p><p><a href=""https://www.bathandbodyworks.com/p/mahogany-teakwood-wallflowers-refills-2-pack-028000020.html"" title=""Go to Product: Mahogany Teakwood"" style=""background: transparent; color: rgb(77, 77, 77); outline: none medium; overflow: hidden; text-decoration: none;"">Item No:&nbsp;028000020</a></p>",all-fragrances;unisex;floral,all-fragrances,,,,BBW,31.00,,,,,,,5,FALSE,,,c71ebc9a-5282-492e-b20c-1606891a02ae,,,,,,,,,,,,,,,,,,,,,,,,,,,,,,,,,,,,,,,,,,,,,,,,,,,,,,,,,,,,,,,,,,,,,,,,,,
ap-c71ebc9a-5282-492e-b20c-1606891a02ae,MEDIA,,,,,,https://aurumprivee.com/images/product-awaiting-photography.webp,Photography for BBW Mahogany Teakwood — Wallflowers Refills 2-pack 0.8 fl oz is being prepared,,,,,,,,,,,,,,,,,,,,,,,,,,,,,,,,,,,,,,,,,,,,,,,,,,,,,,,,,,,,,,,,,,,,,,,,,,,,,,,,,,,,,,,,
ap-35504c2a-9f30-42de-8e4e-43a1c5fa2090,PRODUCT,Ocean — Body Wash & Shower Gel —,TRUE,"<p><a href=""https://www.bathandbodyworks.com/p/ocean-3-in-1-hair-face-andamp-body-wash-026624268.html"" title=""Go to Product: Ocean"" style=""background: rgb(255, 255, 255); color: rgb(77, 77, 77); outline: 0px; overflow: hidden; text-decoration: none; font-family: SourceSansPro, Arial, sans-serif; font-size: 14px; font-style: normal; font-variant-ligatures: normal; font-variant-caps: normal; font-weight: 400; letter-spacing: 0.21px; orphans: 2; text-align: start; text-indent: 0px; text-transform: none; widows: 2; word-spacing: 0px; -webkit-text-stroke-width: 0px; white-space: normal;"" id=""isPasted"">10 oz /295 mL</a></p><p><a href=""https://www.bathandbodyworks.com/p/ocean-3-in-1-hair-face-andamp-body-wash-026624268.html"" title=""Go to Product: Ocean"" style=""background: rgb(255, 255, 255); color: rgb(77, 77, 77); outline: 0px; overflow: hidden; text-decoration: none; font-family: SourceSansPro, Arial, sans-serif; font-size: 14px; font-style: normal; font-variant-ligatures: normal; font-variant-caps: normal; font-weight: 400; letter-spacing: 0.21px; orphans: 2; text-align: start; text-indent: 0px; text-transform: none; widows: 2; word-spacing: 0px; -webkit-text-stroke-width: 0px; white-space: normal;"" id=""isPasted"">Item No:&nbsp;026624268</a></p>",all-fragrances;unisex;woody,all-fragrances,,,,BBW,20.00,,,,,,,5,FALSE,,,35504c2a-9f30-42de-8e4e-43a1c5fa2090,,,,,,,,,,,,,,,,,,,,,,,,,,,,,,,,,,,,,,,,,,,,,,,,,,,,,,,,,,,,,,,,,,,,,,,,,,
ap-35504c2a-9f30-42de-8e4e-43a1c5fa2090,MEDIA,,,,,,https://aurumprivee.com/images/product-awaiting-photography.webp,Photography for BBW Ocean — Body Wash & Shower Gel — 10 oz /295 mL is being prepared,,,,,,,,,,,,,,,,,,,,,,,,,,,,,,,,,,,,,,,,,,,,,,,,,,,,,,,,,,,,,,,,,,,,,,,,,,,,,,,,,,,,,,,,
ap-f9441d21-6639-4bd6-929f-4cca29dbf146,PRODUCT,Pure Wonder — Body Cream,TRUE,"<p><a href=""https://www.bathandbodyworks.com/p/pure-wonder-ultimate-hydration-body-cream-026700774.html"" title=""Go to Product: Pure Wonder"" style=""background: transparent; color: rgb(77, 77, 77); outline: 0px; overflow: hidden; text-decoration: none;"" id=""isPasted"">8 oz / 226 g</a></p><p><a href=""https://www.bathandbodyworks.com/p/pure-wonder-ultimate-hydration-body-cream-026700774.html"" title=""Go to Product: Pure Wonder"" style=""background: transparent; color: rgb(77, 77, 77); outline: none medium; overflow: hidden; text-decoration: none;"">Item No:&nbsp;026700774</a></p>",all-fragrances;unisex;floral,all-fragrances,,,,BBW,20.00,,,,,,,3,FALSE,,,f9441d21-6639-4bd6-929f-4cca29dbf146,,,,,,,,,,,,,,,,,,,,,,,,,,,,,,,,,,,,,,,,,,,,,,,,,,,,,,,,,,,,,,,,,,,,,,,,,,
ap-f9441d21-6639-4bd6-929f-4cca29dbf146,MEDIA,,,,,,https://aurumprivee.com/images/product-awaiting-photography.webp,Photography for BBW Pure Wonder — Body Cream 8 oz is being prepared,,,,,,,,,,,,,,,,,,,,,,,,,,,,,,,,,,,,,,,,,,,,,,,,,,,,,,,,,,,,,,,,,,,,,,,,,,,,,,,,,,,,,,,,
ap-80c51c58-e703-4151-83c9-7c29c4f7eebb,PRODUCT,Vanilla Bean Noel Whipped Body Cream,TRUE,An authentic women's fragrance collection selected for the Aurum Privée collection.,all-fragrances;for-her;floral,all-fragrances,,,,BBW,28.00,,,,,,,1,FALSE,,,80c51c58-e703-4151-83c9-7c29c4f7eebb,,,,,,,,,,,,,,,,,,,,,,,,,,,,,,,,,,,,,,,,,,,,,,,,,,,,,,,,,,,,,,,,,,,,,,,,,,
ap-80c51c58-e703-4151-83c9-7c29c4f7eebb,MEDIA,,,,,,https://aurumprivee.com/images/product-awaiting-photography.webp,Photography for BBW Vanilla Bean Noel Whipped Body Cream 6.5 OZ is being prepared,,,,,,,,,,,,,,,,,,,,,,,,,,,,,,,,,,,,,,,,,,,,,,,,,,,,,,,,,,,,,,,,,,,,,,,,,,,,,,,,,,,,,,,,
ap-5a231614-ed85-493a-834b-a3b795660be2,PRODUCT,Terrae Essence,TRUE,An authentic men’s fragrance collection selected for the Aurum Privée collection.,all-fragrances;for-him;woody,all-fragrances,,,,Bvlgari,82.00,,,,,,,2,FALSE,,,5a231614-ed85-493a-834b-a3b795660be2,,,,,,,,,,,,,,,,,,,,,,,,,,,,,,,,,,,,,,,,,,,,,,,,,,,,,,,,,,,,,,,,,,,,,,,,,,
ap-5a231614-ed85-493a-834b-a3b795660be2,MEDIA,,,,,,https://aurumprivee.com/images/product-awaiting-photography.webp,Photography for Bvlgari Terrae Essence 3.4 oz EDP Set is being prepared,,,,,,,,,,,,,,,,,,,,,,,,,,,,,,,,,,,,,,,,,,,,,,,,,,,,,,,,,,,,,,,,,,,,,,,,,,,,,,,,,,,,,,,,
ap-3dd36975-a330-4fb5-b7f5-5497ab3577dd,PRODUCT,212 VIP Black,TRUE,An authentic men’s fragrance collection selected for the Aurum Privée collection.,all-fragrances;for-him;woody,all-fragrances,,,,Carolina Herrera,160.00,,,,,,,1,FALSE,,,3dd36975-a330-4fb5-b7f5-5497ab3577dd,,,,,,,,,,,,,,,,,,,,,,,,,,,,,,,,,,,,,,,,,,,,,,,,,,,,,,,,,,,,,,,,,,,,,,,,,,
ap-3dd36975-a330-4fb5-b7f5-5497ab3577dd,MEDIA,,,,,,https://aurumprivee.com/images/product-awaiting-photography.webp,Photography for Carolina Herrera 212 VIP Black Men 6.7 EDP SP is being prepared,,,,,,,,,,,,,,,,,,,,,,,,,,,,,,,,,,,,,,,,,,,,,,,,,,,,,,,,,,,,,,,,,,,,,,,,,,,,,,,,,,,,,,,,
ap-65a79bc5-7d11-4e67-a215-57c59a44c2aa,PRODUCT,Bad Boy Le,TRUE,An authentic women's fragrance collection selected for the Aurum Privée collection.,all-fragrances;for-her;floral,all-fragrances,,,,Carolina Herrera,138.00,,,,,,,1,FALSE,,,65a79bc5-7d11-4e67-a215-57c59a44c2aa,,,,,,,,,,,,,,,,,,,,,,,,,,,,,,,,,,,,,,,,,,,,,,,,,,,,,,,,,,,,,,,,,,,,,,,,,,
ap-65a79bc5-7d11-4e67-a215-57c59a44c2aa,MEDIA,,,,,,https://aurumprivee.com/images/product-awaiting-photography.webp,Photography for Carolina Herrera Bad Boy Le Parfum 3.4 EDP SP is being prepared,,,,,,,,,,,,,,,,,,,,,,,,,,,,,,,,,,,,,,,,,,,,,,,,,,,,,,,,,,,,,,,,,,,,,,,,,,,,,,,,,,,,,,,,
ap-c2f9abb3-801a-4e56-a1da-2855611cd2dd,PRODUCT,Leau Intense 3.3 FL,TRUE,An authentic men's fragrance collection selected for the Aurum Privée collection.,all-fragrances;for-him;woody,all-fragrances,,,,Carven,98.00,,,,,,,2,FALSE,,,c2f9abb3-801a-4e56-a1da-2855611cd2dd,,,,,,,,,,,,,,,,,,,,,,,,,,,,,,,,,,,,,,,,,,,,,,,,,,,,,,,,,,,,,,,,,,,,,,,,,,
ap-c2f9abb3-801a-4e56-a1da-2855611cd2dd,MEDIA,,,,,,https://aurumprivee.com/images/product-awaiting-photography.webp,Photography for Carven Leau Intense 3.3 FL is being prepared,,,,,,,,,,,,,,,,,,,,,,,,,,,,,,,,,,,,,,,,,,,,,,,,,,,,,,,,,,,,,,,,,,,,,,,,,,,,,,,,,,,,,,,,
ap-1cba4d6c-21e2-479e-b9bc-7d6559fda022,PRODUCT,Rose Tangerine,TRUE,An authentic women's fragrance collection selected for the Aurum Privée collection.,all-fragrances;for-her;floral,all-fragrances,,,,Chloe,95.00,,,,,,,4,FALSE,,,1cba4d6c-21e2-479e-b9bc-7d6559fda022,,,,,,,,,,,,,,,,,,,,,,,,,,,,,,,,,,,,,,,,,,,,,,,,,,,,,,,,,,,,,,,,,,,,,,,,,,
ap-1cba4d6c-21e2-479e-b9bc-7d6559fda022,MEDIA,,,,,,https://aurumprivee.com/images/product-awaiting-photography.webp,Photography for Chloe Rose Tangerine 1.7oz EDT SP is being prepared,,,,,,,,,,,,,,,,,,,,,,,,,,,,,,,,,,,,,,,,,,,,,,,,,,,,,,,,,,,,,,,,,,,,,,,,,,,,,,,,,,,,,,,,
ap-0eddb2ea-8eee-4f79-a9e1-477c5cc4612d,PRODUCT,Eau Sauvage Extreme,TRUE,An authentic men's fragrance collection selected for the Aurum Privée collection.,all-fragrances;for-him;woody,all-fragrances,,,,Dior,165.00,,,,,,,2,FALSE,,,0eddb2ea-8eee-4f79-a9e1-477c5cc4612d,,,,,,,,,,,,,,,,,,,,,,,,,,,,,,,,,,,,,,,,,,,,,,,,,,,,,,,,,,,,,,,,,,,,,,,,,,
ap-0eddb2ea-8eee-4f79-a9e1-477c5cc4612d,MEDIA,,,,,,https://aurumprivee.com/images/product-awaiting-photography.webp,Photography for Christian Dior Dior Eau Sauvage Extreme 3.4 EDT SP is being prepared,,,,,,,,,,,,,,,,,,,,,,,,,,,,,,,,,,,,,,,,,,,,,,,,,,,,,,,,,,,,,,,,,,,,,,,,,,,,,,,,,,,,,,,,
ap-44bd7679-84e9-47e7-becd-a030286395ca,PRODUCT,Untold,TRUE,An authentic girls fragrance collection selected for the Aurum Privée collection.,all-fragrances;for-her;gourmand,all-fragrances,,,,Club de Nuit,125.00,,,,,,,3,FALSE,,,44bd7679-84e9-47e7-becd-a030286395ca,,,,,,,,,,,,,,,,,,,,,,,,,,,,,,,,,,,,,,,,,,,,,,,,,,,,,,,,,,,,,,,,,,,,,,,,,,
ap-44bd7679-84e9-47e7-becd-a030286395ca,MEDIA,,,,,,https://aurumprivee.com/images/product-awaiting-photography.webp,Photography for Club de Nuit Untold 3.6 EDP is being prepared,,,,,,,,,,,,,,,,,,,,,,,,,,,,,,,,,,,,,,,,,,,,,,,,,,,,,,,,,,,,,,,,,,,,,,,,,,,,,,,,,,,,,,,,
ap-ed2e8621-9385-4b77-aa32-b8ff4d3eb3e1,PRODUCT,Gold — Gift Set,TRUE,An authentic men’s fragrance collection selected for the Aurum Privée collection.,all-fragrances;for-him;woody,all-fragrances,,,,Cuba,52.00,,,,,,,0,FALSE,,,ed2e8621-9385-4b77-aa32-b8ff4d3eb3e1,,,,,,,,,,,,,,,,,,,,,,,,,,,,,,,,,,,,,,,,,,,,,,,,,,,,,,,,,,,,,,,,,,,,,,,,,,
ap-ed2e8621-9385-4b77-aa32-b8ff4d3eb3e1,MEDIA,,,,,,https://aurumprivee.com/images/product-awaiting-photography.webp,Photography for Cuba Cuba Gold — Gift Set is being prepared,,,,,,,,,,,,,,,,,,,,,,,,,,,,,,,,,,,,,,,,,,,,,,,,,,,,,,,,,,,,,,,,,,,,,,,,,,,,,,,,,,,,,,,,
ap-407c9781-30c8-4919-9ff1-93af8c62bdef,PRODUCT,Velvet Ginestra,TRUE,An authentic women's fragrance collection selected for the Aurum Privée collection.,all-fragrances;for-her;floral,all-fragrances,,,,Dolce & Gabanna,110.00,,,,,,,5,FALSE,,,407c9781-30c8-4919-9ff1-93af8c62bdef,,,,,,,,,,,,,,,,,,,,,,,,,,,,,,,,,,,,,,,,,,,,,,,,,,,,,,,,,,,,,,,,,,,,,,,,,,
ap-407c9781-30c8-4919-9ff1-93af8c62bdef,MEDIA,,,,,,https://aurumprivee.com/images/product-awaiting-photography.webp,Photography for Dolce & Gabanna Velvet Ginestra 5.0 oz EDP SP is being prepared,,,,,,,,,,,,,,,,,,,,,,,,,,,,,,,,,,,,,,,,,,,,,,,,,,,,,,,,,,,,,,,,,,,,,,,,,,,,,,,,,,,,,,,,
ap-7626f58b-503d-4899-9e54-f76dd10cec54,PRODUCT,Dolce Rose,TRUE,An authentic women’s fragrance collection selected for the Aurum Privée collection.,all-fragrances;for-her;floral,all-fragrances,,,,Dolce & Gabbana,140.00,,,,,,,6,FALSE,,,7626f58b-503d-4899-9e54-f76dd10cec54,,,,,,,,,,,,,,,,,,,,,,,,,,,,,,,,,,,,,,,,,,,,,,,,,,,,,,,,,,,,,,,,,,,,,,,,,,
ap-7626f58b-503d-4899-9e54-f76dd10cec54,MEDIA,,,,,,https://aurumprivee.com/images/product-awaiting-photography.webp,Photography for Dolce & Gabbana Dolce Rose 2.5 oz EDT SP is being prepared,,,,,,,,,,,,,,,,,,,,,,,,,,,,,,,,,,,,,,,,,,,,,,,,,,,,,,,,,,,,,,,,,,,,,,,,,,,,,,,,,,,,,,,,
ap-758ef2b4-ca7c-41d1-a758-c72426e8f601,PRODUCT,Saffron Fig Leather 3.3 FL,TRUE,An authentic men's fragrance collection selected for the Aurum Privée collection.,all-fragrances;for-him;woody,all-fragrances,,,,Dolce & Gabbana,130.00,,,,,,,1,FALSE,,,758ef2b4-ca7c-41d1-a758-c72426e8f601,,,,,,,,,,,,,,,,,,,,,,,,,,,,,,,,,,,,,,,,,,,,,,,,,,,,,,,,,,,,,,,,,,,,,,,,,,
ap-758ef2b4-ca7c-41d1-a758-c72426e8f601,MEDIA,,,,,,https://aurumprivee.com/images/product-awaiting-photography.webp,Photography for Dolce & Gabbana Saffron Fig Leather 3.3 FL is being prepared,,,,,,,,,,,,,,,,,,,,,,,,,,,,,,,,,,,,,,,,,,,,,,,,,,,,,,,,,,,,,,,,,,,,,,,,,,,,,,,,,,,,,,,,
ap-fed10f0e-e87f-4eee-b8a3-a5e928f2078d,PRODUCT,Velvet Sublime,TRUE,An authentic women's fragrance collection selected for the Aurum Privée collection.,all-fragrances;for-her;floral,all-fragrances,,,,Dolce & Gabbana,328.00,,,,,,,2,FALSE,,,fed10f0e-e87f-4eee-b8a3-a5e928f2078d,,,,,,,,,,,,,,,,,,,,,,,,,,,,,,,,,,,,,,,,,,,,,,,,,,,,,,,,,,,,,,,,,,,,,,,,,,
ap-fed10f0e-e87f-4eee-b8a3-a5e928f2078d,MEDIA,,,,,,https://aurumprivee.com/images/product-awaiting-photography.webp,Photography for Dolce & Gabbana Velvet Sublime 5.0 oz EDP SP is being prepared,,,,,,,,,,,,,,,,,,,,,,,,,,,,,,,,,,,,,,,,,,,,,,,,,,,,,,,,,,,,,,,,,,,,,,,,,,,,,,,,,,,,,,,,
ap-5cf657f1-2aa2-4165-8e83-b5e0d0416bcb,PRODUCT,3.3 FL.OZ Elizabeth Taylor,TRUE,An authentic girls fragrance collection selected for the Aurum Privée collection.,all-fragrances;for-her;gourmand,all-fragrances,,,,Forever Elizabeth,60.00,,,,,,,6,FALSE,,,5cf657f1-2aa2-4165-8e83-b5e0d0416bcb,,,,,,,,,,,,,,,,,,,,,,,,,,,,,,,,,,,,,,,,,,,,,,,,,,,,,,,,,,,,,,,,,,,,,,,,,,
ap-5cf657f1-2aa2-4165-8e83-b5e0d0416bcb,MEDIA,,,,,,https://aurumprivee.com/images/product-awaiting-photography.webp,Photography for Forever Elizabeth 3.3 FL.OZ Elizabeth Taylor is being prepared,,,,,,,,,,,,,,,,,,,,,,,,,,,,,,,,,,,,,,,,,,,,,,,,,,,,,,,,,,,,,,,,,,,,,,,,,,,,,,,,,,,,,,,,
ap-d014bdcd-5d27-4dc0-b7cf-f62b1d0eff73,PRODUCT,"Emporio ""She""",TRUE,An authentic women’s fragrance collection selected for the Aurum Privée collection.,all-fragrances;for-her;floral,all-fragrances,,,,Giorgio Armani,90.00,,,,,,,2,FALSE,,,d014bdcd-5d27-4dc0-b7cf-f62b1d0eff73,,,,,,,,,,,,,,,,,,,,,,,,,,,,,,,,,,,,,,,,,,,,,,,,,,,,,,,,,,,,,,,,,,,,,,,,,,
ap-d014bdcd-5d27-4dc0-b7cf-f62b1d0eff73,MEDIA,,,,,,https://aurumprivee.com/images/product-awaiting-photography.webp,"Photography for Giorgio Armani Emporio ""She"" 1.7 EDP SP is being prepared",,,,,,,,,,,,,,,,,,,,,,,,,,,,,,,,,,,,,,,,,,,,,,,,,,,,,,,,,,,,,,,,,,,,,,,,,,,,,,,,,,,,,,,,
ap-ed3d0e6c-ff4a-44d4-863b-4c7c09138df6,PRODUCT,Guilty Absolute,TRUE,An authentic women’s fragrance collection selected for the Aurum Privée collection.,all-fragrances;for-her;floral,all-fragrances,,,,Gucci,123.00,,,,,,,1,FALSE,,,ed3d0e6c-ff4a-44d4-863b-4c7c09138df6,,,,,,,,,,,,,,,,,,,,,,,,,,,,,,,,,,,,,,,,,,,,,,,,,,,,,,,,,,,,,,,,,,,,,,,,,,
ap-ed3d0e6c-ff4a-44d4-863b-4c7c09138df6,MEDIA,,,,,,https://aurumprivee.com/images/product-awaiting-photography.webp,Photography for Gucci Guilty Absolute Pour Femme 1.7 EDP SP is being prepared,,,,,,,,,,,,,,,,,,,,,,,,,,,,,,,,,,,,,,,,,,,,,,,,,,,,,,,,,,,,,,,,,,,,,,,,,,,,,,,,,,,,,,,,
ap-b649b67b-1de1-4547-924d-c747e1634bb1,PRODUCT,Aqua Allegoria Lys Soleia,TRUE,An authentic women’s fragrance collection selected for the Aurum Privée collection.,all-fragrances;for-her;floral,all-fragrances,,,,Guerlain,155.00,,,,,,,1,FALSE,,,b649b67b-1de1-4547-924d-c747e1634bb1,,,,,,,,,,,,,,,,,,,,,,,,,,,,,,,,,,,,,,,,,,,,,,,,,,,,,,,,,,,,,,,,,,,,,,,,,,
ap-b649b67b-1de1-4547-924d-c747e1634bb1,MEDIA,,,,,,https://aurumprivee.com/images/product-awaiting-photography.webp,Photography for Guerlain Aqua Allegoria Lys Soleia Woman 2.5 EDT SP is being prepared,,,,,,,,,,,,,,,,,,,,,,,,,,,,,,,,,,,,,,,,,,,,,,,,,,,,,,,,,,,,,,,,,,,,,,,,,,,,,,,,,,,,,,,,
ap-52dc466f-a88e-45f5-8f20-4ee327eb31ae,PRODUCT,Canyon Escape for,TRUE,An authentic men's fragrance collection selected for the Aurum Privée collection.,all-fragrances;for-him;woody,all-fragrances,,,,Hollister,65.00,,,,,,,5,FALSE,,,52dc466f-a88e-45f5-8f20-4ee327eb31ae,,,,,,,,,,,,,,,,,,,,,,,,,,,,,,,,,,,,,,,,,,,,,,,,,,,,,,,,,,,,,,,,,,,,,,,,,,
ap-52dc466f-a88e-45f5-8f20-4ee327eb31ae,MEDIA,,,,,,https://aurumprivee.com/images/product-awaiting-photography.webp,Photography for Hollister Canyon Escape for Men 3.4 EDT SP is being prepared,,,,,,,,,,,,,,,,,,,,,,,,,,,,,,,,,,,,,,,,,,,,,,,,,,,,,,,,,,,,,,,,,,,,,,,,,,,,,,,,,,,,,,,,
ap-c3922b56-744a-4c69-a898-4b62e29d6840,PRODUCT,Fancy Love 3.4 FL,TRUE,An authentic women's fragrance collection selected for the Aurum Privée collection.,all-fragrances;for-her;floral,all-fragrances,,,,Jessica Simpson,68.00,,,,,,,3,FALSE,,,c3922b56-744a-4c69-a898-4b62e29d6840,,,,,,,,,,,,,,,,,,,,,,,,,,,,,,,,,,,,,,,,,,,,,,,,,,,,,,,,,,,,,,,,,,,,,,,,,,
ap-c3922b56-744a-4c69-a898-4b62e29d6840,MEDIA,,,,,,https://aurumprivee.com/images/product-awaiting-photography.webp,Photography for Jessica Simpson Fancy Love 3.4 FL is being prepared,,,,,,,,,,,,,,,,,,,,,,,,,,,,,,,,,,,,,,,,,,,,,,,,,,,,,,,,,,,,,,,,,,,,,,,,,,,,,,,,,,,,,,,,
ap-79a18f7e-fe3f-41d1-9cd5-9ef3495d499c,PRODUCT,Blue,TRUE,An authentic men's fragrance collection selected for the Aurum Privée collection.,all-fragrances;for-him;woody,all-fragrances,,,,Kenneth Cole,70.00,,,,,,,1,FALSE,,,79a18f7e-fe3f-41d1-9cd5-9ef3495d499c,,,,,,,,,,,,,,,,,,,,,,,,,,,,,,,,,,,,,,,,,,,,,,,,,,,,,,,,,,,,,,,,,,,,,,,,,,
ap-79a18f7e-fe3f-41d1-9cd5-9ef3495d499c,MEDIA,,,,,,https://aurumprivee.com/images/product-awaiting-photography.webp,Photography for Kenneth Cole Blue  EDT Spray 3.4 oz is being prepared,,,,,,,,,,,,,,,,,,,,,,,,,,,,,,,,,,,,,,,,,,,,,,,,,,,,,,,,,,,,,,,,,,,,,,,,,,,,,,,,,,,,,,,,
ap-f992bdf0-d35b-4513-be3e-27a6bacab111,PRODUCT,Curve Chill,TRUE,An authentic women's fragrance collection selected for the Aurum Privée collection.,all-fragrances;for-her;floral,all-fragrances,,,,Liz Claiborne,75.00,,,,,,,3,FALSE,,,f992bdf0-d35b-4513-be3e-27a6bacab111,,,,,,,,,,,,,,,,,,,,,,,,,,,,,,,,,,,,,,,,,,,,,,,,,,,,,,,,,,,,,,,,,,,,,,,,,,
ap-f992bdf0-d35b-4513-be3e-27a6bacab111,MEDIA,,,,,,https://aurumprivee.com/images/product-awaiting-photography.webp,Photography for Liz Claiborne Curve Chill EDT SP 3.4 oz is being prepared,,,,,,,,,,,,,,,,,,,,,,,,,,,,,,,,,,,,,,,,,,,,,,,,,,,,,,,,,,,,,,,,,,,,,,,,,,,,,,,,,,,,,,,,
ap-9f2c588c-5355-4606-90f9-79b99e95cd02,PRODUCT,Intense,TRUE,An authentic men's fragrance collection selected for the Aurum Privée collection.,all-fragrances;for-him;woody,all-fragrances,,,,Mercedes Benz,92.00,,,,,,,9,FALSE,,,9f2c588c-5355-4606-90f9-79b99e95cd02,,,,,,,,,,,,,,,,,,,,,,,,,,,,,,,,,,,,,,,,,,,,,,,,,,,,,,,,,,,,,,,,,,,,,,,,,,
ap-9f2c588c-5355-4606-90f9-79b99e95cd02,MEDIA,,,,,,https://aurumprivee.com/images/product-awaiting-photography.webp,Photography for Mercedes Benz Intense 4.0 oz EDT SP is being prepared,,,,,,,,,,,,,,,,,,,,,,,,,,,,,,,,,,,,,,,,,,,,,,,,,,,,,,,,,,,,,,,,,,,,,,,,,,,,,,,,,,,,,,,,
ap-9a427299-82b1-466d-9295-eec79156f68d,PRODUCT,Presence D’une Femme,TRUE,An authentic girls fragrance collection selected for the Aurum Privée collection.,all-fragrances;for-her;gourmand,all-fragrances,,,,MONTBLANC,79.50,,,,,,,2,FALSE,,,9a427299-82b1-466d-9295-eec79156f68d,,,,,,,,,,,,,,,,,,,,,,,,,,,,,,,,,,,,,,,,,,,,,,,,,,,,,,,,,,,,,,,,,,,,,,,,,,
ap-9a427299-82b1-466d-9295-eec79156f68d,MEDIA,,,,,,https://aurumprivee.com/images/product-awaiting-photography.webp,Photography for MONTBLANC Presence D’une Femme 2.5 FL. OZ is being prepared,,,,,,,,,,,,,,,,,,,,,,,,,,,,,,,,,,,,,,,,,,,,,,,,,,,,,,,,,,,,,,,,,,,,,,,,,,,,,,,,,,,,,,,,
ap-8596ca5c-369c-4925-a338-c3b25628bf86,PRODUCT,Voyage 6.7 FL,TRUE,An authentic men's fragrance collection selected for the Aurum Privée collection.,all-fragrances;for-him;woody,all-fragrances,,,,Nautica Men’s,95.00,,,,,,,7,FALSE,,,8596ca5c-369c-4925-a338-c3b25628bf86,,,,,,,,,,,,,,,,,,,,,,,,,,,,,,,,,,,,,,,,,,,,,,,,,,,,,,,,,,,,,,,,,,,,,,,,,,
ap-8596ca5c-369c-4925-a338-c3b25628bf86,MEDIA,,,,,,https://aurumprivee.com/images/product-awaiting-photography.webp,Photography for Nautica Men’s Voyage 6.7 FL is being prepared,,,,,,,,,,,,,,,,,,,,,,,,,,,,,,,,,,,,,,,,,,,,,,,,,,,,,,,,,,,,,,,,,,,,,,,,,,,,,,,,,,,,,,,,
ap-ee9b7622-790a-4cfe-91aa-4c9a2bfe5413,PRODUCT,Body Wash & Shower Gel —,TRUE,"<p><a href=""https://www.bathandbodyworks.com/p/ocean-travel-size-body-wash-026589810.html"" title=""Go to Product: Ocean"" style=""background: rgb(255, 255, 255); color: rgb(77, 77, 77); outline: rgb(0, 0, 0) dotted 1px !important; overflow: hidden; text-decoration: none; outline-offset: 2px; font-family: SourceSansPro, Arial, sans-serif; font-size: 14px; font-style: normal; font-variant-ligatures: normal; font-variant-caps: normal; font-weight: 400; letter-spacing: 0.21px; orphans: 2; text-align: start; text-indent: 0px; text-transform: none; widows: 2; word-spacing: 0px; -webkit-text-stroke-width: 0px; white-space: normal;"" id=""isPasted"">3 fl oz / 88 mL</a></p><p><a href=""https://www.bathandbodyworks.com/p/ocean-travel-size-body-wash-026589810.html"" title=""Go to Product: Ocean"" style=""background: rgb(255, 255, 255); color: rgb(77, 77, 77); outline: rgb(0, 0, 0) dotted 1px !important; overflow: hidden; text-decoration: none; outline-offset: 2px; font-family: SourceSansPro, Arial, sans-serif; font-size: 14px; font-style: normal; font-variant-ligatures: normal; font-variant-caps: normal; font-weight: 400; letter-spacing: 0.21px; orphans: 2; text-align: start; text-indent: 0px; text-transform: none; widows: 2; word-spacing: 0px; -webkit-text-stroke-width: 0px; white-space: normal;"" id=""isPasted"">Item No:&nbsp;026589810</a></p>",all-fragrances;unisex;woody,all-fragrances,,,,Ocean,14.00,,,,,,,4,FALSE,,,ee9b7622-790a-4cfe-91aa-4c9a2bfe5413,,,,,,,,,,,,,,,,,,,,,,,,,,,,,,,,,,,,,,,,,,,,,,,,,,,,,,,,,,,,,,,,,,,,,,,,,,
ap-ee9b7622-790a-4cfe-91aa-4c9a2bfe5413,MEDIA,,,,,,https://aurumprivee.com/images/product-awaiting-photography.webp,Photography for Ocean Body Wash & Shower Gel — 3 fl oz / 88 mL is being prepared,,,,,,,,,,,,,,,,,,,,,,,,,,,,,,,,,,,,,,,,,,,,,,,,,,,,,,,,,,,,,,,,,,,,,,,,,,,,,,,,,,,,,,,,
ap-652905bb-f6ea-4765-b54d-991c32d815a1,PRODUCT,Oud Saffron,TRUE,An authentic unisex fragrance selected for the Aurum Privée collection.,all-fragrances;unisex;fresh,all-fragrances,,,,Orientica,110.00,,,,,,,2,FALSE,,,652905bb-f6ea-4765-b54d-991c32d815a1,,,,,,,,,,,,,,,,,,,,,,,,,,,,,,,,,,,,,,,,,,,,,,,,,,,,,,,,,,,,,,,,,,,,,,,,,,
ap-652905bb-f6ea-4765-b54d-991c32d815a1,MEDIA,,,,,,https://aurumprivee.com/images/product-awaiting-photography.webp,Photography for Orientica Oud Saffron 2.8 Edp Sp U is being prepared,,,,,,,,,,,,,,,,,,,,,,,,,,,,,,,,,,,,,,,,,,,,,,,,,,,,,,,,,,,,,,,,,,,,,,,,,,,,,,,,,,,,,,,,
ap-45fc502d-ec9a-4a77-b4fe-0ab760849341,PRODUCT,Phantom Parfum,TRUE,An authentic men's fragrance collection selected for the Aurum Privée collection.,all-fragrances;for-him;woody,all-fragrances,,,,Paco Rabanne,141.00,,,,,,,999999,FALSE,,,45fc502d-ec9a-4a77-b4fe-0ab760849341,,,,,,,,,,,,,,,,,,,,,,,,,,,,,,,,,,,,,,,,,,,,,,,,,,,,,,,,,,,,,,,,,,,,,,,,,,
ap-45fc502d-ec9a-4a77-b4fe-0ab760849341,MEDIA,,,,,,https://aurumprivee.com/images/product-awaiting-photography.webp,Photography for Paco Rabanne Phantom Parfum EDP is being prepared,,,,,,,,,,,,,,,,,,,,,,,,,,,,,,,,,,,,,,,,,,,,,,,,,,,,,,,,,,,,,,,,,,,,,,,,,,,,,,,,,,,,,,,,
ap-875e6072-e57a-435a-ad0c-78dc42b4b7a8,PRODUCT,Pour Homme,TRUE,An authentic men's fragrance collection selected for the Aurum Privée collection.,all-fragrances;for-him;woody,all-fragrances,,,,Paco Rabanne,92.00,,,,,,,4,FALSE,,,875e6072-e57a-435a-ad0c-78dc42b4b7a8,,,,,,,,,,,,,,,,,,,,,,,,,,,,,,,,,,,,,,,,,,,,,,,,,,,,,,,,,,,,,,,,,,,,,,,,,,
ap-875e6072-e57a-435a-ad0c-78dc42b4b7a8,MEDIA,,,,,,https://aurumprivee.com/images/product-awaiting-photography.webp,Photography for Paco Rabanne Pour Homme EDT 3.4 OZ is being prepared,,,,,,,,,,,,,,,,,,,,,,,,,,,,,,,,,,,,,,,,,,,,,,,,,,,,,,,,,,,,,,,,,,,,,,,,,,,,,,,,,,,,,,,,
ap-8948986a-c939-40bc-b95e-28e3794f77ae,PRODUCT,Paradoxe,TRUE,An authentic girls fragrance collection selected for the Aurum Privée collection.,all-fragrances;for-her;gourmand,all-fragrances,,,,Prada,150.00,,,,,,,7,FALSE,,,8948986a-c939-40bc-b95e-28e3794f77ae,,,,,,,,,,,,,,,,,,,,,,,,,,,,,,,,,,,,,,,,,,,,,,,,,,,,,,,,,,,,,,,,,,,,,,,,,,
ap-8948986a-c939-40bc-b95e-28e3794f77ae,MEDIA,,,,,,https://aurumprivee.com/images/product-awaiting-photography.webp,Photography for Prada Paradoxe 3.3 FL.OZ — Refill is being prepared,,,,,,,,,,,,,,,,,,,,,,,,,,,,,,,,,,,,,,,,,,,,,,,,,,,,,,,,,,,,,,,,,,,,,,,,,,,,,,,,,,,,,,,,
ap-f2351cd9-f553-4e3d-8382-a17c71114056,PRODUCT,Cigar Gift Set,TRUE,An authentic men’s fragrance collection selected for the Aurum Privée collection.,all-fragrances;for-him;woody,all-fragrances,,,,Remy Latour,65.00,,,,,,,1,FALSE,,,f2351cd9-f553-4e3d-8382-a17c71114056,,,,,,,,,,,,,,,,,,,,,,,,,,,,,,,,,,,,,,,,,,,,,,,,,,,,,,,,,,,,,,,,,,,,,,,,,,
ap-f2351cd9-f553-4e3d-8382-a17c71114056,MEDIA,,,,,,https://aurumprivee.com/images/product-awaiting-photography.webp,Photography for Remy Latour Cigar Gift Set is being prepared,,,,,,,,,,,,,,,,,,,,,,,,,,,,,,,,,,,,,,,,,,,,,,,,,,,,,,,,,,,,,,,,,,,,,,,,,,,,,,,,,,,,,,,,
ap-3195d48c-9e53-4f6e-8e45-8810407012b8,PRODUCT,Tiffany & Love,TRUE,An authentic women's fragrance collection selected for the Aurum Privée collection.,all-fragrances;for-her;floral,all-fragrances,,,,Tiffany & Co,125.00,,,,,,,3,FALSE,,,3195d48c-9e53-4f6e-8e45-8810407012b8,,,,,,,,,,,,,,,,,,,,,,,,,,,,,,,,,,,,,,,,,,,,,,,,,,,,,,,,,,,,,,,,,,,,,,,,,,
ap-3195d48c-9e53-4f6e-8e45-8810407012b8,MEDIA,,,,,,https://aurumprivee.com/images/product-awaiting-photography.webp,Photography for Tiffany & Co Tiffany & Love 1.7 oz EDP SP is being prepared,,,,,,,,,,,,,,,,,,,,,,,,,,,,,,,,,,,,,,,,,,,,,,,,,,,,,,,,,,,,,,,,,,,,,,,,,,,,,,,,,,,,,,,,
ap-f3a25bfc-fc90-4fd6-9d17-f0c75a429134,PRODUCT,EDP,TRUE,An authentic women’s fragrance collection selected for the Aurum Privée collection.,all-fragrances;for-her;floral,all-fragrances,,,,Tiffany & Co.,105.00,,,,,,,4,FALSE,,,f3a25bfc-fc90-4fd6-9d17-f0c75a429134,,,,,,,,,,,,,,,,,,,,,,,,,,,,,,,,,,,,,,,,,,,,,,,,,,,,,,,,,,,,,,,,,,,,,,,,,,
ap-f3a25bfc-fc90-4fd6-9d17-f0c75a429134,MEDIA,,,,,,https://aurumprivee.com/images/product-awaiting-photography.webp,Photography for Tiffany & Co. Tiffany & Co. EDP SP 1.7oz is being prepared,,,,,,,,,,,,,,,,,,,,,,,,,,,,,,,,,,,,,,,,,,,,,,,,,,,,,,,,,,,,,,,,,,,,,,,,,,,,,,,,,,,,,,,,
ap-c72c7a6e-53f3-4eae-96bf-be97c2a464c3,PRODUCT,Yellow Diamond,TRUE,An authentic women's fragrance collection selected for the Aurum Privée collection.,all-fragrances;for-her;floral,all-fragrances,,,,Versace,85.00,,,,,,,1,FALSE,,,c72c7a6e-53f3-4eae-96bf-be97c2a464c3,,,,,,,,,,,,,,,,,,,,,,,,,,,,,,,,,,,,,,,,,,,,,,,,,,,,,,,,,,,,,,,,,,,,,,,,,,
ap-c72c7a6e-53f3-4eae-96bf-be97c2a464c3,MEDIA,,,,,,https://aurumprivee.com/images/product-awaiting-photography.webp,Photography for Versace Yellow Diamond 1.7 EDT Set is being prepared,,,,,,,,,,,,,,,,,,,,,,,,,,,,,,,,,,,,,,,,,,,,,,,,,,,,,,,,,,,,,,,,,,,,,,,,,,,,,,,,,,,,,,,,
ap-e43aa84f-4bb4-4a57-9574-535d7390536c,PRODUCT,Flowerbomb Set — 1.7 & 0.34,TRUE,An authentic girls fragrance collection selected for the Aurum Privée collection.,all-fragrances;for-her;gourmand,all-fragrances,,,,Viktor & Rolf,150.00,,,,,,,2,FALSE,,,e43aa84f-4bb4-4a57-9574-535d7390536c,,,,,,,,,,,,,,,,,,,,,,,,,,,,,,,,,,,,,,,,,,,,,,,,,,,,,,,,,,,,,,,,,,,,,,,,,,
ap-e43aa84f-4bb4-4a57-9574-535d7390536c,MEDIA,,,,,,https://aurumprivee.com/images/product-awaiting-photography.webp,Photography for Viktor & Rolf Flowerbomb Set — 1.7 & 0.34 is being prepared,,,,,,,,,,,,,,,,,,,,,,,,,,,,,,,,,,,,,,,,,,,,,,,,,,,,,,,,,,,,,,,,,,,,,,,,,,,,,,,,,,,,,,,,
ap-ffaf98e9-eb5c-48c2-818d-b4e805a6471e,PRODUCT,L’Elixir 2.0 FL,TRUE,An authentic men's fragrance collection selected for the Aurum Privée collection.,all-fragrances;for-him;woody,all-fragrances,,,,Yves Saint Laurent,85.00,,,,,,,999999,FALSE,,,ffaf98e9-eb5c-48c2-818d-b4e805a6471e,,,,,,,,,,,,,,,,,,,,,,,,,,,,,,,,,,,,,,,,,,,,,,,,,,,,,,,,,,,,,,,,,,,,,,,,,,
ap-ffaf98e9-eb5c-48c2-818d-b4e805a6471e,MEDIA,,,,,,https://aurumprivee.com/images/product-awaiting-photography.webp,Photography for Yves Saint Laurent L’Elixir 2.0 FL is being prepared,,,,,,,,,,,,,,,,,,,,,,,,,,,,,,,,,,,,,,,,,,,,,,,,,,,,,,,,,,,,,,,,,,,,,,,,,,,,,,,,,,,,,,,,
ap-7122f7e9-769c-4e5b-9d9d-49472885bcf8,PRODUCT,La’Nuit De L’Homme Le,TRUE,An authentic men’s fragrance collection selected for the Aurum Privée collection.,all-fragrances;for-him;woody,all-fragrances,,,,Yves Saint Laurent,85.00,,,,,,,1,FALSE,,,7122f7e9-769c-4e5b-9d9d-49472885bcf8,,,,,,,,,,,,,,,,,,,,,,,,,,,,,,,,,,,,,,,,,,,,,,,,,,,,,,,,,,,,,,,,,,,,,,,,,,
ap-7122f7e9-769c-4e5b-9d9d-49472885bcf8,MEDIA,,,,,,https://aurumprivee.com/images/product-awaiting-photography.webp,Photography for Yves Saint Laurent La’Nuit De L’Homme Le Parfum is being prepared,,,,,,,,,,,,,,,,,,,,,,,,,,,,,,,,,,,,,,,,,,,,,,,,,,,,,,,,,,,,,,,,,,,,,,,,,,,,,,,,,,,,,,,,
